germ	group	bin	cpg_P	cpg_D	cpg_PD	sw_PD	ratio	ratio_lo	ratio_hi
low	noncoding_all	0-0.2	6.175e+04	1.113e+04	5.547	5.403	1.027	1.001	1.051
low	noncoding_all	0.2-0.5	9099	1983	4.589	4.366	1.051	0.9995	1.103
low	noncoding_all	0.5-0.8	8198	1678	4.886	4.308	1.134	1.075	1.205
low	noncoding_all	trend 0.5-0.8 / 0-0.2					1.105	1.03	1.178
low	elements	0-0.2	5.289e+04	9053	5.842	5.796	1.008	0.9786	1.04
low	elements	0.2-0.5	2793	526	5.31	4.636	1.145	1.03	1.277
low	elements	0.5-0.8	1881	320	5.878	4.74	1.24	1.092	1.41
low	elements	trend 0.5-0.8 / 0-0.2					1.23	1.073	1.442
low	background	0-0.2	8862	2079	4.263	4.674	0.9121	0.8694	0.9556
low	background	0.2-0.5	6306	1457	4.328	4.306	1.005	0.953	1.076
low	background	0.5-0.8	6317	1358	4.652	4.256	1.093	1.018	1.168
low	background	trend 0.5-0.8 / 0-0.2					1.198	1.098	1.295
low	CGI	0-0.2	3.741e+04	5603	6.677	6.45	1.035	1	1.068
low	CGI	0.2-0.5	888	130	6.831	6.759	1.011	0.8321	1.217
low	CGI	0.5-0.8	1034	132	7.833	5.688	1.377	1.113	1.734
low	CGI	trend 0.5-0.8 / 0-0.2					1.33	1.07	1.681
mid	noncoding_all	0-0.2	3.841e+04	9865	3.894	4.346	0.8959	0.8749	0.9194
mid	noncoding_all	0.2-0.5	6.339e+04	1.694e+04	3.742	4.25	0.8805	0.8636	0.8984
mid	noncoding_all	0.5-0.8	3.014e+04	7424	4.06	4.261	0.9529	0.9274	0.9817
mid	noncoding_all	0.8-1	581	128	4.539	4.401	1.031	0.872	1.236
mid	noncoding_all	trend 0.8-1 / 0-0.2					1.151	0.9813	1.454
mid	elements	0-0.2	1.291e+04	2676	4.825	4.971	0.9706	0.9334	1.015
mid	elements	0.2-0.5	5387	1320	4.081	4.668	0.8743	0.8182	0.9259
mid	elements	0.5-0.8	1131	292	3.873	4.39	0.8823	0.7735	1.008
mid	elements	trend 0.5-0.8 / 0-0.2					0.909	0.8056	1.056
mid	background	0-0.2	2.55e+04	7189	3.547	4.237	0.8371	0.8147	0.8636
mid	background	0.2-0.5	5.8e+04	1.562e+04	3.713	4.225	0.8789	0.863	0.9012
mid	background	0.5-0.8	2.901e+04	7132	4.068	4.256	0.9558	0.9293	0.9889
mid	background	0.8-1	577	127	4.543	4.393	1.034	0.8459	1.237
mid	background	trend 0.8-1 / 0-0.2					1.236	1.053	1.558
mid	CGI	0-0.2	253	20	12.65	5.88	2.151	1.285	4.212
mid	CGI	0.5-0.8	141	26	5.423	4.704	1.153	0.6679	2.188
mid	CGI	trend 0.5-0.8 / 0-0.2					0.5358	0.2515	1.352
high	noncoding_all	0-0.2	2.274e+05	5.62e+04	4.047	4.385	0.923	0.9114	0.9359
high	noncoding_all	0.2-0.5	3.898e+05	1.031e+05	3.782	4.229	0.8942	0.8835	0.9041
high	noncoding_all	0.5-0.8	1.67e+05	4.184e+04	3.991	4.248	0.9397	0.9212	0.9567
high	noncoding_all	0.8-1	3869	1019	3.797	4.184	0.9074	0.8418	0.9724
high	noncoding_all	trend 0.8-1 / 0-0.2					0.9831	0.9137	1.062
high	elements	0-0.2	8.781e+04	1.838e+04	4.778	4.922	0.9707	0.9528	0.9896
high	elements	0.2-0.5	5.245e+04	1.226e+04	4.277	4.623	0.9251	0.9052	0.9439
high	elements	0.5-0.8	1.031e+04	2308	4.468	4.585	0.9745	0.9211	1.027
high	elements	trend 0.5-0.8 / 0-0.2					1.004	0.9522	1.056
high	background	0-0.2	1.396e+05	3.782e+04	3.692	4.253	0.8681	0.855	0.8809
high	background	0.2-0.5	3.373e+05	9.081e+04	3.715	4.197	0.8851	0.8738	0.8962
high	background	0.5-0.8	1.567e+05	3.953e+04	3.964	4.234	0.9361	0.923	0.9495
high	background	0.8-1	3823	1008	3.793	4.184	0.9065	0.8356	0.9843
high	background	trend 0.8-1 / 0-0.2					1.044	0.9617	1.122
high	CGI	0-0.2	1334	139	9.597	6.322	1.518	1.226	1.865
high	CGI	0.2-0.5	1292	151	8.556	4.608	1.857	1.563	2.274
high	CGI	0.5-0.8	1554	187	8.31	4.747	1.751	1.428	2.18
high	CGI	trend 0.5-0.8 / 0-0.2					1.153	0.8463	1.585
