germ	element	cpg_n_events	cpg_PD	cpg_rel	sw_PD	sw_rel	excess	excess_lo	excess_hi
high|high	CGI	2858	7.876	2.104	4.717	1.104	1.905	1.623	2.201
high|high	CTCF-only	1530	3.766	1.006	4.635	1.085	0.9274	0.8232	1.041
high|high	DNase-H3K4me3	1360	4.69	1.253	4.504	1.054	1.188	1.029	1.406
high|high	PLS	1140	5.514	1.473	4.846	1.134	1.299	1.096	1.586
high|high	coding	40552	8.526	2.277	6.823	1.597	1.426	1.358	1.486
high|high	dELS	67620	4.321	1.154	4.76	1.114	1.036	1.012	1.065
high|high	pELS	6137	4.688	1.252	4.714	1.103	1.135	1.069	1.226
high|low	CGI	826	10.97	2.704	5.591	1.315	2.055	1.515	2.845
high|low	CTCF-only	459	4.81	1.185	4.811	1.132	1.047	0.8258	1.425
high|low	DNase-H3K4me3	433	4.217	1.039	5.152	1.212	0.8573	0.6855	1.035
high|low	PLS	777	5.876	1.448	5.649	1.329	1.09	0.8523	1.346
high|low	coding	4103	9.602	2.366	6.053	1.424	1.661	1.477	1.93
high|low	dELS	18541	5.083	1.253	4.94	1.162	1.078	1.032	1.122
high|low	pELS	2679	4.875	1.201	5.004	1.177	1.02	0.9186	1.148
high|mid	CGI	977	10.36	2.717	5.664	1.328	2.046	1.599	2.684
high|mid	CTCF-only	1587	4.153	1.089	4.536	1.064	1.024	0.9017	1.171
high|mid	DNase-H3K4me3	1153	4.823	1.265	4.401	1.032	1.226	1.056	1.458
high|mid	PLS	1570	6.072	1.592	5.439	1.275	1.249	1.095	1.454
high|mid	coding	16238	8.501	2.23	6.699	1.571	1.419	1.333	1.509
high|mid	dELS	59182	4.508	1.182	4.768	1.118	1.058	1.034	1.083
high|mid	pELS	7206	4.599	1.206	4.913	1.152	1.047	0.9837	1.117
low|high	CGI	663	9.869	2.287	6.638	1.558	1.468	1.062	2.035
low|high	coding	1034	9.66	2.239	7.237	1.699	1.318	1.01	1.856
low|high	dELS	746	5.165	1.197	4.878	1.145	1.045	0.86	1.344
low|high	pELS	339	5.396	1.251	4.719	1.108	1.129	0.8176	1.548
low|low	CGI	41151	6.625	1.511	6.453	1.395	1.083	1.025	1.151
low|low	DNase-H3K4me3	339	3.985	0.9088	4.59	0.9921	0.9161	0.6648	1.22
low|low	PLS	2681	4.394	1.002	5.561	1.202	0.8338	0.7454	0.9305
low|low	coding	7751	7.453	1.699	7.567	1.635	1.039	0.9406	1.127
low|low	dELS	3640	4.9	1.117	5.398	1.167	0.9577	0.8799	1.077
low|low	pELS	8496	4.193	0.9562	5.141	1.111	0.8606	0.7989	0.9254
low|mid	CGI	3414	7.207	1.621	6.255	1.41	1.15	1.006	1.342
low|mid	DNase-H3K4me3	231	5.6	1.259	4.828	1.088	1.157	0.8329	1.667
low|mid	PLS	590	5.484	1.233	5.919	1.334	0.9244	0.7194	1.163
low|mid	coding	1898	9.372	2.107	7.059	1.591	1.325	1.07	1.608
low|mid	dELS	2189	4.715	1.06	5.121	1.154	0.9187	0.8166	1.022
low|mid	pELS	2635	4.606	1.036	4.874	1.098	0.9429	0.8466	1.06
mid|high	CGI	219	6.821	1.818	5.295	1.234	1.473	0.8469	2.801
mid|high	CTCF-only	178	2.49	0.6637	5.249	1.224	0.5423	0.3732	0.8398
mid|high	DNase-H3K4me3	167	4.387	1.169	4.512	1.052	1.111	0.7774	1.688
mid|high	PLS	141	5.714	1.523	5.307	1.237	1.231	0.7254	2.029
mid|high	coding	1520	8.212	2.189	7.091	1.653	1.324	1.09	1.609
mid|high	dELS	4672	4.078	1.087	4.783	1.115	0.9748	0.9081	1.054
mid|high	pELS	968	4.661	1.242	4.89	1.14	1.09	0.9221	1.296
mid|low	CTCF-only	129	4.16	1.068	4.705	1.097	0.9731	0.6176	1.613
mid|low	DNase-H3K4me3	177	3.658	0.939	4.45	1.038	0.9048	0.6318	1.379
mid|low	PLS	216	6.448	1.655	5.612	1.309	1.265	0.8688	2.015
mid|low	coding	594	8.581	2.203	7.055	1.645	1.339	1.047	1.768
mid|low	dELS	3370	5.105	1.31	4.977	1.161	1.129	1.016	1.242
mid|low	pELS	1110	4.441	1.14	5.073	1.183	0.9636	0.8188	1.146
mid|mid	CTCF-only	336	3.667	0.9469	4.845	1.131	0.8369	0.622	1.086
mid|mid	DNase-H3K4me3	248	3.679	0.9502	4.751	1.11	0.8564	0.6325	1.245
mid|mid	PLS	293	5.814	1.501	5.61	1.31	1.146	0.864	1.622
mid|mid	coding	1569	9.391	2.425	6.228	1.454	1.667	1.401	2.01
mid|mid	dELS	7623	4.81	1.242	4.847	1.132	1.097	1.029	1.169
mid|mid	pELS	2290	3.978	1.027	4.744	1.108	0.9274	0.821	1.026
