cluster	chrom	start	end	n	P	D	soma_med	soma_min	oo	cgi	imprinted_locus	nearest_gene	dist	imprinted_gene_nearest
780	chr4	186889117	186889618	13	12	1	0.947	0.643	0.860	1	False	FAT1	162645	False
416	chr18	58254924	58257735	13	10	3	0.905	0.118	0.962	1	False	NEDD4L	0	False
232	chr13	48316951	48320246	13	11	2	0.752	0.395	0.897	1	True	RB1	0	True
507	chr19	53648077	53650017	13	9	4	0.950	0.665	0.935	1	False	DPRX	12033	False
630	chr21	14063822	14064640	12	12	0	0.878	0.326	0.966	1	False	LIPI	44581	False
1111	chr9	137832077	137835404	10	8	2	0.957	0.680	0.920	1	False	EHMT1	0	False
127	chr11	1272057	1272806	10	10	0	0.913	0.580	0.872	1	False	TOLLIP	1939	False
476	chr19	21483035	21483957	9	8	1	0.786	0.385	0.901	1	False	ENSG00000269237	0	False
93	chr10	45198546	45199258	8	6	2	0.632	0.314	0.895	1	False	OR13A1	103395	False
402	chr18	12433139	12434355	8	8	0	0.949	0.730	0.958	1	False	PRELID3A	1509	False
426	chr18	79493559	79494148	8	8	0	0.955	0.723	0.956	1	False	NFATC1	0	False
283	chr14	68363583	68364516	8	5	3	0.891	0.186	0.899	0	False	RAD51B	0	False
668	chr3	22990360	22990814	8	6	2	0.943	0.692	0.959	0	False	UBE2E2	212432	False
221	chr12	132117001	132118923	8	6	2	0.953	0.752	0.938	1	False	DDX51	18631	False
647	chr21	46160751	46160996	7	6	1	0.844	0.313	0.895	1	False	SPATC1L	274	False
475	chr19	19528639	19529199	7	7	0	0.708	0.082	0.812	1	False	NDUFA13	0	False
903	chr6	164336665	164337128	7	6	1	0.920	0.572	0.859	1	False	QKI	758304	False
439	chr19	3344208	3344478	6	5	1	0.373	0.057	0.834	0	False	NFIC	0	False
393	chr17	76307440	76308268	6	5	1	0.952	0.696	0.898	1	False	QRICH2	0	False
428	chr19	806592	807444	6	5	1	0.833	0.185	0.863	1	False	PTBP1	0	False
877	chr6	104936656	104937375	6	5	1	0.899	0.672	0.927	0	True	LIN28B	0	True
918	chr7	6607709	6608171	6	5	1	0.916	0.604	0.919	1	False	INTS15	0	False
921	chr7	10779699	10780016	6	5	1	0.923	0.619	0.874	1	False	NDUFA4	152085	False
801	chr5	87251602	87252552	6	6	0	0.952	0.767	0.974	0	False	RASA1	15805	False
414	chr18	55054494	55054833	6	6	0	0.906	0.132	0.945	0	False	CCDC68	95202	False
18	chr1	38708771	38709267	6	5	1	0.934	0.638	0.953	1	False	RRAGC	129178	False
294	chr14	99188850	99189621	5	3	2	0.792	0.023	0.953	0	False	BCL11B	0	False
673	chr3	27463193	27465159	5	4	1	0.963	0.746	0.951	0	False	SLC4A7	0	False
955	chr7	94657914	94658071	5	5	0	0.471	0.187	0.849	0	True	PEG10	0	True
372	chr17	7853454	7854293	5	5	0	0.840	0.280	0.900	1	False	KDM6B	0	False
658	chr22	41681734	41682805	5	5	0	0.469	0.253	0.831	1	False	SNU13	0	False
241	chr13	97346753	97347110	5	5	0	0.936	0.677	0.918	1	False	MBNL2	0	False
384	chr17	57885569	57885759	5	4	1	0.907	0.588	0.919	1	False	CUEDC1	0	False
220	chr12	131908482	131909595	5	5	0	0.951	0.762	0.901	1	False	ULK1	0	False
659	chr22	42152943	42153153	5	5	0	0.864	0.427	0.896	1	False	CYP2D7	3593	False
248	chr13	111410341	111411606	5	5	0	0.531	0.028	0.869	1	False	TEX29	66724	False
782	chr5	464654	465499	5	5	0	0.935	0.304	0.847	1	False	EXOC3	0	False
81	chr10	11894060	11894752	5	4	1	0.899	0.557	0.944	1	False	PROSER2	22129	False
279	chr14	61864304	61865313	5	3	2	0.916	0.661	0.914	1	False	SYT16	0	False
1000	chr8	1482259	1483142	5	5	0	0.747	0.198	0.856	1	True	DLGAP2	0	True
444	chr19	3612421	3613423	5	5	0	0.929	0.675	0.902	1	False	CACTIN	0	False
452	chr19	7440077	7440277	5	5	0	0.924	0.583	0.883	1	False	ARHGEF18	0	False
1013	chr8	19610552	19610676	5	4	1	0.918	0.510	0.933	0	False	CSGALNACT1	0	False
472	chr19	18168961	18169923	5	5	0	0.923	0.356	0.887	1	False	ENSG00000268173	0	False
1023	chr8	47831210	47831512	5	5	0	0.957	0.754	0.952	1	False	PRKDC	0	False
568	chr2	132585562	132585776	5	4	1	0.907	0.394	0.906	1	False	GPR39	0	False
1052	chr9	5111038	5111725	5	5	0	0.966	0.828	0.936	1	False	JAK2	0	False
915	chr7	5356269	5356899	5	3	2	0.914	0.565	0.933	1	False	TNRC18	0	False
30	chr1	86872143	86872933	5	4	1	0.961	0.628	0.950	0	False	SELENOF	0	False
124	chr10	132723091	132723418	5	5	0	0.929	0.293	0.974	0	False	INPP5A	0	False
896	chr6	160134282	160134429	5	5	0	0.933	0.640	0.873	1	False	SLC22A1	0	False
252	chr13	112735614	112735952	4	2	2	0.936	0.240	0.950	0	False	ATP11A	0	False
665	chr3	17739714	17740830	4	3	1	0.753	0.089	0.884	0	False	TBC1D5	0	False
289	chr14	89896103	89896306	4	4	0	0.956	0.740	0.818	0	False	EFCAB11	0	False
776	chr4	182805512	182807907	4	3	1	0.758	0.251	0.857	1	False	TENM3	3685	False
679	chr3	55483631	55484114	4	4	0	0.606	0.024	0.826	1	False	WNT5A	0	False
958	chr7	100437274	100437664	4	4	0	0.804	0.393	0.876	0	False	PPP1R35	972	False
714	chr3	180828901	180830220	4	3	1	0.904	0.594	0.909	1	False	FXR1	38580	False
213	chr12	130222842	130223096	4	3	1	0.559	0.036	0.854	0	False	FZD10	57229	False
985	chr7	152128858	152129417	4	4	0	0.966	0.808	0.949	1	False	KMT2C	5784	False
987	chr7	157409766	157411690	4	4	0	0.941	0.641	0.943	1	False	DNAJB6	0	False
1025	chr8	57193434	57193535	4	4	0	0.908	0.524	0.972	0	False	BPNT2	199617	False
682	chr3	61742959	61743116	4	3	1	0.915	0.608	0.908	0	False	PTPRG	0	False
104	chr10	95415522	95415793	4	3	1	0.817	0.047	0.879	0	False	SORBS1	0	False
216	chr12	130993861	130994337	4	4	0	0.921	0.342	0.963	0	False	ADGRD1	0	False
313	chr15	44956701	44957845	4	3	1	0.890	0.527	0.934	0	False	TERB2	0	False
661	chr22	46214454	46214643	4	2	2	0.965	0.831	0.910	1	False	PPARA	0	False
608	chr20	43514133	43514817	4	3	1	0.484	0.203	0.853	1	True	ENSG00000288000	0	False
537	chr2	33727383	33727589	4	4	0	0.928	0.614	0.954	1	False	FAM98A	128139	False
2	chr1	3645318	3645945	4	4	0	0.944	0.649	0.974	1	True	WRAP73	0	False
563	chr2	105893369	105893501	4	4	0	0.951	0.665	0.914	1	False	NCK2	0	False
503	chr19	49555080	49555857	4	4	0	0.821	0.172	0.904	1	False	NOSIP	0	False
481	chr19	36121743	36122022	4	4	0	0.915	0.613	0.939	1	False	TBCB	0	False
766	chr4	154011097	154011293	4	4	0	0.910	0.484	0.841	0	False	DCHS2	220546	False
836	chr5	179120467	179121547	4	4	0	0.830	0.506	0.927	1	False	ADAMTS2	0	False
442	chr19	3494013	3494639	4	3	1	0.888	0.231	0.849	0	False	DOHH	0	False
583	chr2	175165915	175166534	4	4	0	0.801	0.522	0.956	0	False	ATF2	0	False
432	chr19	1132980	1133748	4	4	0	0.825	0.099	0.913	0	False	SBNO2	0	False
744	chr4	87424162	87424328	4	4	0	0.848	0.305	0.899	0	False	NUDT9	0	False
304	chr15	27903187	27903531	4	4	0	0.833	0.351	0.910	1	False	OCA2	0	False
644	chr21	45100990	45101366	4	4	0	0.948	0.776	0.986	1	False	ADARB1	0	False
645	chr21	45439724	45439984	4	4	0	0.501	0.266	0.845	1	False	COL18A1	0	False
646	chr21	45530673	45532203	4	3	1	0.944	0.734	0.903	1	False	SLC19A1	0	False
379	chr17	35596603	35596810	4	4	0	0.907	0.542	0.937	1	False	AP2B1	0	False
353	chr16	76235185	76235629	4	4	0	0.915	0.611	0.879	1	False	CNTNAP4	41870	False
898	chr6	163807261	163808421	4	4	0	0.923	0.599	0.867	0	False	QKI	229249	False
901	chr6	164085635	164086471	4	4	0	0.730	0.077	0.962	0	False	QKI	507461	False
911	chr7	2256786	2258435	4	4	0	0.945	0.637	0.946	1	False	SNX8	0	False
311	chr15	41486272	41486458	4	4	0	0.883	0.563	0.906	1	False	RTF1	2802	False
309	chr15	40488693	40490068	4	4	0	0.904	0.583	0.953	0	False	CHST14	16222	False
95	chr10	58106873	58106966	4	4	0	0.946	0.704	0.844	1	False	IPMK	84597	False
895	chr6	160005252	160006454	4	4	0	0.720	0.324	0.834	1	False	IGF2R	0	False
695	chr3	133412347	133412608	4	3	1	0.733	0.152	0.985	0	False	BFSP2	0	False
34	chr1	91535503	91535793	4	4	0	0.952	0.771	0.915	1	False	CDC7	9884	False
1109	chr9	137788784	137789295	4	4	0	0.856	0.018	0.897	1	False	EHMT1	0	False
1050	chr9	5040877	5043189	4	4	0	0.925	0.740	0.937	1	False	JAK2	0	False
158	chr11	93743466	93743599	3	3	0	0.927	0.067	0.925	0	False	TAF1D	0	False
771	chr4	173210322	173210336	3	3	0	0.780	0.146	0.914	0	False	GALNT7	0	False
839	chr5	181027836	181027942	3	2	1	0.762	0.312	0.944	0	False	BTNL9	12335	False
14	chr1	28530623	28530786	3	3	0	0.958	0.757	0.922	1	False	RCC1	0	False
978	chr7	149431475	149431758	3	3	0	0.926	0.681	0.837	1	False	ZNF777	0	False
70	chr10	640140	640650	3	3	0	0.914	0.573	0.902	1	False	DIP2C	0	False
982	chr7	151123051	151123639	3	3	0	0.875	0.581	0.926	1	False	AGAP3	0	False
908	chr6	169024710	169025425	3	2	1	0.915	0.633	0.821	1	False	THBS2	190712	False
819	chr5	152004130	152004220	3	3	0	0.863	0.396	0.827	0	False	GLRA1	79324	False
523	chr2	8583585	8584051	3	3	0	0.309	0.010	0.874	0	False	ID2	95026	False
879	chr6	110646584	110646619	3	3	0	0.924	0.654	0.921	1	False	CDK19	0	False
319	chr15	63321712	63321832	3	1	2	0.920	0.350	0.841	1	False	CA12	0	False
935	chr7	31517320	31517433	3	1	2	0.905	0.573	0.905	0	False	ITPRID1	0	False
990	chr7	158316807	158318814	3	3	0	0.802	0.306	0.889	1	True	PTPRN2	0	True
49	chr1	207821245	207821859	3	2	1	0.855	0.013	0.953	0	False	CD46	26039	False
882	chr6	122482739	122483002	3	3	0	0.887	0.606	0.895	0	False	PKIB	0	False
804	chr5	109250799	109250902	3	3	0	0.888	0.195	0.867	0	False	FER	54009	False
655	chr22	35424260	35424308	3	3	0	0.916	0.667	0.866	1	False	MCM5	0	False
1004	chr8	1930865	1931545	3	3	0	0.886	0.036	0.970	0	False	KBTBD11-OT1	0	False
169	chr11	130486788	130487224	3	2	1	0.880	0.237	0.898	0	False	ADAMTS15	10361	False
994	chr7	158910375	158910895	3	2	1	0.938	0.590	0.964	0	False	DYNC2I1	0	False
656	chr22	38074250	38074460	3	2	1	0.906	0.438	0.937	1	False	PICK1	0	False
262	chr14	37170905	37170958	3	2	1	0.857	0.376	0.983	0	False	SLC25A21	0	False
1104	chr9	135818384	135818952	3	3	0	0.958	0.793	0.878	1	False	CAMSAP1	0	False
525	chr2	10041502	10041808	3	2	1	0.930	0.332	0.948	0	False	KLF11	1193	False
385	chr17	59164747	59165051	3	2	1	0.928	0.709	0.899	0	False	PRR11	0	False
453	chr19	7467690	7467974	3	3	0	0.956	0.768	0.891	1	False	ARHGEF18	0	False
591	chr2	206202669	206203512	3	3	0	0.898	0.541	0.913	0	True	CMKLR2	0	False
238	chr13	83906456	83906632	3	2	1	0.895	0.516	0.859	0	False	SLITRK1	24070	False
825	chr5	172431156	172431411	3	3	0	0.945	0.427	0.967	0	False	SH3PXD2B	0	False
230	chr13	33033336	33033699	3	3	0	0.720	0.032	0.960	0	False	KL	0	False
73	chr10	3288260	3288364	3	3	0	0.835	0.055	0.981	0	False	PITRM1	115471	False
760	chr4	140644116	140644327	3	1	2	0.960	0.716	0.881	0	False	TBC1D9	0	False
620	chr20	58173233	58174078	3	2	1	0.808	0.277	0.917	0	False	C20orf85	12505	False
217	chr12	131044904	131045021	3	3	0	0.907	0.652	0.921	1	False	ADGRD1	0	False
35	chr1	91906273	91906313	3	3	0	0.946	0.645	0.925	0	False	TGFBR3	0	False
586	chr2	189822117	189822157	3	3	0	0.961	0.805	0.923	1	False	PMS1	0	False
528	chr2	19352101	19352133	3	3	0	0.261	0.024	0.815	1	False	OSR1	0	False
1059	chr9	16309724	16309807	3	3	0	0.796	0.034	0.838	0	False	BNC2	99737	False
211	chr12	125229025	125230049	3	3	0	0.815	0.185	0.939	0	False	TMEM132B	0	False
209	chr12	123787592	123787753	3	3	0	0.911	0.646	0.917	1	False	DNAH10	0	False
324	chr15	93803567	93804437	3	2	1	0.794	0.087	0.824	0	False	MCTP2	427535	False
355	chr16	79429450	79430067	3	3	0	0.736	0.014	0.932	0	False	MAF	156084	False
574	chr2	146587504	146587810	3	3	0	0.943	0.705	0.900	1	False	ACVR2A	1256859	False
333	chr16	10553227	10553336	3	3	0	0.839	0.080	0.891	0	False	EMP2	0	False
332	chr16	10355666	10355797	3	1	2	0.948	0.556	0.952	0	False	ATF7IP2	0	False
331	chr16	4894255	4894956	3	2	1	0.912	0.569	0.932	0	False	PPL	0	False
362	chr16	86087114	86087258	3	3	0	0.909	0.282	0.943	0	False	IRF8	164580	False
727	chr4	13298805	13298883	3	3	0	0.880	0.090	0.884	0	False	RAB28	62509	False
970	chr7	130272451	130272956	3	2	1	0.477	0.024	0.894	0	True	CPA2	0	False
329	chr15	101086492	101086694	3	3	0	0.931	0.586	0.934	1	False	LRRK1	8336	False
328	chr15	98866005	98866875	3	3	0	0.492	0.084	0.958	0	False	IGF1R	0	False
326	chr15	96344340	96344638	3	3	0	0.541	0.004	0.872	1	False	NR2F2	4226	False
773	chr4	173510620	173511361	3	3	0	0.542	0.072	0.928	0	False	HAND2	13978	False
1105	chr9	136116226	136117018	3	2	1	0.930	0.682	0.918	1	False	TMEM250	0	False
126	chr11	628131	628247	3	3	0	0.894	0.503	0.945	0	False	SCT	1008	False
45	chr1	185054783	185054858	3	3	0	0.958	0.794	0.949	0	False	RNF2	0	False
853	chr6	25027791	25027900	3	3	0	0.760	0.148	0.877	0	False	RIPOR2	0	False
420	chr18	69469652	69470004	3	2	1	0.879	0.508	0.940	1	False	DOK6	0	False
125	chr10	133569595	133569943	3	3	0	0.412	0.075	0.831	1	False	SYCE1	0	False
783	chr5	1463615	1463957	3	3	0	0.949	0.705	0.916	1	False	LPCAT1	0	False
68	chr1	246607687	246607803	3	2	1	0.945	0.630	0.970	0	False	CNST	0	False
284	chr14	72929727	72930025	3	2	1	0.950	0.598	0.925	0	False	DCAF4	0	False
542	chr2	46429027	46429209	3	2	1	0.954	0.738	0.927	0	False	EPAS1	42421	False
1085	chr9	99998363	99998451	3	2	1	0.928	0.567	0.947	0	False	ERP44	0	False
1110	chr9	137810263	137810297	3	3	0	0.961	0.719	0.816	1	False	EHMT1	0	False
751	chr4	126779562	126780095	3	3	0	0.886	0.293	0.964	0	False	INTU	843442	False
288	chr14	89813892	89814475	3	2	1	0.821	0.413	0.952	0	False	EFCAB11	0	False
684	chr3	64561428	64561476	3	2	1	0.886	0.041	0.958	0	False	ADAMTS9	0	False
811	chr5	126852806	126853552	3	3	0	0.818	0.266	0.941	0	False	MARCHF3	14534	False
1064	chr9	27480362	27480448	3	3	0	0.927	0.338	0.890	0	False	MOB3B	0	False
109	chr10	113117635	113117942	3	3	0	0.934	0.028	0.991	0	False	TCF7L2	0	False
1091	chr9	120187932	120188056	3	3	0	0.823	0.135	0.927	0	False	CDK5RAP2	200880	False
433	chr19	1555131	1555360	3	3	0	0.879	0.535	0.937	1	False	MEX3D	0	False
105	chr10	102657366	102657627	3	3	0	0.764	0.206	0.973	1	False	TRIM8	0	False
1049	chr9	2933514	2933536	3	3	0	0.933	0.658	0.925	1	False	PUM3	89430	False
1040	chr8	134696100	134696796	3	3	0	0.954	0.747	0.981	0	True	ZFAT	0	True
434	chr19	1584743	1584966	3	3	0	0.920	0.556	0.828	1	False	MBD3	0	False
500	chr19	47701277	47702504	3	3	0	0.911	0.491	0.895	1	False	BICRA	0	False
435	chr19	1978759	1979854	3	3	0	0.935	0.500	0.912	1	False	CSNK1G2	0	False
99	chr10	75592444	75592799	3	3	0	0.816	0.045	0.827	0	False	LRMDA	0	False
786	chr5	10138443	10138843	3	2	1	0.886	0.280	0.836	0	False	ATPSCKMT	86863	False
297	chr14	103727602	103727950	3	3	0	0.813	0.213	0.897	1	False	ZFYVE21	0	False
440	chr19	3463766	3464243	3	3	0	0.851	0.187	0.811	1	False	NFIC	0	False
281	chr14	64749107	64749304	3	2	1	0.924	0.586	0.854	1	False	PLEKHG3	0	False
55	chr1	215569214	215570008	3	2	1	0.665	0.010	0.903	0	True	KCTD3	0	False
750	chr4	123546720	123547291	3	2	1	0.637	0.001	0.936	0	False	SPRY1	143245	False
549	chr2	65609002	65609135	3	3	0	0.681	0.050	0.841	0	False	SPRED2	176431	False
305	chr15	28003467	28003938	3	2	1	0.933	0.661	0.945	1	False	OCA2	0	False
62	chr1	244968554	244968777	3	2	1	0.780	0.346	0.910	0	False	EFCAB2	1016	False
860	chr6	32966467	32966499	3	3	0	0.895	0.301	1.000	0	False	HLA-DMA	0	False
491	chr19	40629569	40629719	3	3	0	0.936	0.645	0.963	1	False	LTBP4	0	False
1055	chr9	13323131	13323301	3	3	0	0.873	0.082	0.916	1	False	MPDZ	43524	False
277	chr14	58132831	58132988	3	3	0	0.921	0.573	0.978	0	False	ARMH4	0	False
778	chr4	185820634	185820733	3	3	0	0.795	0.019	0.915	0	False	SORBS2	0	False
5	chr1	7827895	7828004	3	1	2	0.857	0.273	0.940	0	False	PER3	0	False
603	chr20	6534080	6534427	3	3	0	0.576	0.000	0.825	0	False	BMP2	233432	False
398	chr17	82404156	82404184	3	2	1	0.949	0.678	0.875	1	False	OGFOD3	0	False
69	chr10	300616	300844	3	3	0	0.953	0.649	0.959	1	False	DIP2C	0	False
664	chr3	11705166	11705262	3	2	1	0.870	0.331	0.912	1	False	VGLL4	0	False
585	chr2	183260712	183260818	2	1	1	0.953	0.716	0.975	1	False	NUP35	99085	False
308	chr15	34047652	34047700	2	2	0	0.859	0.423	0.815	0	False	AVEN	0	False
593	chr2	209209124	209209518	2	1	1	0.806	0.452	0.900	1	False	MAP2	214725	False
913	chr7	2647315	2647402	2	2	0	0.867	0.515	0.834	1	False	TTYH3	0	False
342	chr16	58500281	58500286	2	2	0	0.199	0.003	0.802	0	False	NDRG4	0	False
457	chr19	12117822	12117866	2	2	0	0.865	0.401	0.874	1	False	ZNF20	0	False
459	chr19	12657093	12657441	2	2	0	0.810	0.398	0.859	1	False	MAN2B1	0	False
581	chr2	169800258	169800268	2	2	0	0.788	0.398	0.896	0	False	SSB	0	False
296	chr14	101635044	101635054	2	2	0	0.864	0.511	0.845	1	True	DIO3	71597	True
757	chr4	129168002	129168188	2	2	0	0.451	0.037	0.953	0	False	C4orf33	51455	False
314	chr15	49171371	49171832	2	2	0	0.849	0.432	0.927	0	False	GALK2	0	False
298	chr14	104701023	104701327	2	2	0	0.866	0.347	0.901	1	False	INF2	0	False
302	chr15	27771271	27771508	2	2	0	0.926	0.582	0.917	1	False	OCA2	0	False
315	chr15	50910131	50910135	2	1	1	0.714	0.220	0.889	0	False	AP4E1	0	False
1072	chr9	78151002	78151023	2	2	0	0.948	0.635	0.955	1	False	CEP78	85049	False
909	chr6	169231972	169232651	2	2	0	0.936	0.671	0.902	1	False	THBS2	0	False
322	chr15	69524970	69524974	2	2	0	0.836	0.049	0.805	0	False	RPLP1	68767	False
835	chr5	178561973	178562410	2	2	0	0.886	0.457	0.820	0	False	COL23A1	0	False
834	chr5	178187306	178187365	2	2	0	0.856	0.315	0.956	1	False	GMCL2	0	False
910	chr7	768541	768938	2	1	1	0.839	0.069	0.862	1	False	DNAAF5	0	False
317	chr15	58490262	58490489	2	2	0	0.877	0.020	0.949	0	False	ALDH1A2	0	False
325	chr15	96285340	96285899	2	2	0	0.813	0.036	0.938	0	False	NR2F2	40318	False
334	chr16	12089829	12090418	2	2	0	0.412	0.090	0.939	0	False	SNX29	0	False
906	chr6	166412703	166412916	2	2	0	0.930	0.668	0.893	1	False	RPS6KA2	0	False
1068	chr9	69067217	69067365	2	2	0	0.937	0.708	0.953	1	False	ENSG00000285130	0	False
917	chr7	6170376	6170766	2	1	1	0.871	0.503	0.822	1	False	CYTH3	0	False
505	chr19	50694270	50694326	2	2	0	0.068	0.000	0.819	0	False	SHANK1	0	False
759	chr4	140641575	140641984	2	1	1	0.632	0.026	0.890	0	False	TBC1D9	0	False
916	chr7	5500327	5500360	2	2	0	0.922	0.728	0.977	1	False	FBXL18	0	False
310	chr15	41401395	41401495	2	1	1	0.788	0.409	0.876	0	False	NDUFAF1	0	False
368	chr17	790197	790459	2	1	1	0.782	0.007	0.900	0	False	MRM3	0	False
897	chr6	161216090	161216586	2	1	1	0.924	0.276	0.937	0	False	AGPAT4	0	False
409	chr18	45727193	45727281	2	2	0	0.870	0.148	0.862	0	False	SLC14A1	0	False
562	chr2	105882093	105882375	2	2	0	0.947	0.609	0.887	1	False	NCK2	0	False
770	chr4	164700459	164700610	2	1	1	0.676	0.090	0.936	0	False	SMIM31	53529	False
390	chr17	69581413	69581735	2	2	0	0.530	0.009	0.931	0	False	MAP2K6	27709	False
1046	chr8	144393083	144393096	2	2	0	0.933	0.628	0.806	1	False	ADCK5	0	False
557	chr2	84290633	84290667	2	1	1	0.918	0.609	0.944	1	False	SUCLG1	132877	False
396	chr17	80587025	80587068	2	2	0	0.869	0.162	0.901	0	False	RPTOR	0	False
1094	chr9	124599614	124599643	2	2	0	0.955	0.734	0.970	0	False	NR6A1	0	False
864	chr6	42216759	42216789	2	2	0	0.784	0.471	0.911	0	False	MRPS10	0	False
25	chr1	70338947	70338972	2	2	0	0.958	0.542	0.978	0	False	ANKRD13C	0	False
403	chr18	24293359	24293514	2	1	1	0.905	0.625	0.977	0	False	OSBPL1A	0	False
863	chr6	41101314	41101550	2	1	1	0.912	0.591	0.864	1	False	NFYA	0	False
862	chr6	37658462	37658606	2	2	0	0.934	0.587	0.948	1	False	MDGA1	0	False
406	chr18	42299491	42299561	2	1	1	0.505	0.052	0.877	0	False	PIK3C3	211696	False
777	chr4	185716409	185716859	2	2	0	0.753	0.006	0.942	0	False	SORBS2	0	False
411	chr18	51656825	51656916	2	1	1	0.766	0.294	0.950	0	False	MEX3C	438537	False
1075	chr9	79193717	79193749	2	2	0	0.912	0.578	0.917	0	False	TLE4	378039	False
447	chr19	4053860	4055276	2	2	0	0.903	0.278	0.905	1	False	ZBTB7A	0	False
446	chr19	4048320	4048423	2	1	1	0.924	0.619	0.962	1	False	ZBTB7A	0	False
27	chr1	76279462	76279488	2	1	1	0.793	0.108	0.894	0	False	ST6GALNAC3	0	False
854	chr6	25153220	25153309	2	2	0	0.943	0.711	0.950	0	False	RIPOR2	111094	False
422	chr18	70499440	70499577	2	1	1	0.840	0.375	0.933	0	False	SOCS6	169309	False
544	chr2	54290155	54290214	2	2	0	0.826	0.207	0.818	0	False	ACYP2	0	False
427	chr19	621855	621990	2	2	0	0.946	0.754	0.825	1	False	POLRMT	0	False
43	chr1	179880928	179881107	2	2	0	0.835	0.521	0.839	0	False	TOR1AIP1	1024	False
429	chr19	1044923	1045282	2	2	0	0.900	0.578	0.937	0	False	ABCA7	0	False
540	chr2	45004029	45005429	2	1	1	0.199	0.025	0.873	0	False	SIX2	452	False
539	chr2	42425001	42425132	2	2	0	0.929	0.425	0.965	0	False	COX7A2L	0	False
42	chr1	171670840	171671056	2	2	0	0.945	0.736	0.947	1	False	MYOC	18260	False
437	chr19	2375095	2375101	2	1	1	0.842	0.400	0.931	0	False	TMPRSS9	0	False
28	chr1	78044306	78044436	2	2	0	0.861	0.053	0.821	0	False	GIPC2	0	False
387	chr17	65538408	65538437	2	2	0	0.908	0.172	0.969	0	False	AXIN2	0	False
1095	chr9	126398224	126398683	2	2	0	0.479	0.205	0.866	0	True	MVB12B	0	False
875	chr6	80523402	80523818	2	2	0	0.625	0.014	0.862	0	False	BCKDHB	177340	False
564	chr2	112159616	112159671	2	1	1	0.947	0.301	0.906	1	False	FBLN7	0	False
345	chr16	65919716	65919877	2	0	2	0.801	0.164	0.872	0	False	CDH5	446825	False
346	chr16	66566438	66566476	2	2	0	0.935	0.734	0.914	1	True	CKLF-CMTM1	0	False
580	chr2	169695493	169695497	2	1	1	0.819	0.443	0.913	0	False	PHOSPHO2	0	False
894	chr6	158087119	158087302	2	1	1	0.876	0.143	0.934	0	False	SYNJ2	0	False
579	chr2	160648394	160649982	2	1	1	0.760	0.104	0.927	0	False	RBMS1	155381	False
350	chr16	72425617	72425646	2	2	0	0.902	0.019	0.928	0	False	PMFBP1	248753	False
351	chr16	73730901	73730944	2	2	0	0.836	0.256	0.885	0	False	ZFHX3	0	False
578	chr2	160396584	160396842	2	1	1	0.892	0.180	0.922	0	False	RBMS1	0	False
576	chr2	156893170	156893384	2	2	0	0.073	0.000	0.952	0	False	GPD2	279542	False
763	chr4	145761130	145761180	2	2	0	0.961	0.448	0.975	0	False	C4orf51	0	False
358	chr16	84505638	84505640	2	0	2	0.612	0.208	0.873	0	False	MEAK7	0	False
764	chr4	149554365	149554373	2	2	0	0.915	0.503	0.925	0	False	IQCM	0	False
360	chr16	85614938	85615264	2	2	0	0.205	0.001	0.838	1	False	GSE1	0	False
361	chr16	85962319	85962645	2	1	1	0.829	0.304	0.862	0	False	IRF8	39876	False
572	chr2	143775990	143776060	2	2	0	0.924	0.519	0.925	0	False	ARHGAP15	7673	False
765	chr4	151362151	151362874	2	1	1	0.674	0.292	0.897	0	False	SH3D19	36907	False
365	chr16	88076404	88076776	2	2	0	0.946	0.675	0.921	1	False	BANP	0	False
885	chr6	136360887	136360931	2	2	0	0.933	0.650	0.936	1	False	MAP7	0	False
838	chr5	180194092	180194550	2	2	0	0.912	0.411	0.902	0	False	RASGEF1C	0	False
1066	chr9	29514414	29514631	2	2	0	0.554	0.044	0.907	0	False	LINGO2	300921	False
371	chr17	5840894	5841092	2	2	0	0.853	0.104	0.857	0	False	ENSG00000285471	0	False
52	chr1	209428110	209428324	2	2	0	0.692	0.001	0.945	0	False	CAMK1G	155496	False
1096	chr9	126483009	126483037	2	1	1	0.846	0.200	0.865	0	True	MVB12B	0	False
374	chr17	15503172	15503222	2	2	0	0.276	0.003	0.815	0	False	TVP23C-CDRT4	0	False
768	chr4	164188351	164188432	2	1	1	0.915	0.608	0.938	1	False	MARCHF1	0	False
878	chr6	108478353	108478385	2	2	0	0.954	0.716	1.000	0	False	AFG1L	0	False
565	chr2	116589422	116589453	2	2	0	0.878	0.564	0.868	0	False	DPP10	743657	False
380	chr17	38718662	38720112	2	2	0	0.779	0.207	0.830	0	False	MLLT6	0	False
381	chr17	42537703	42537705	2	2	0	0.836	0.419	0.866	0	False	NAGLU	0	False
461	chr19	13104478	13104902	2	2	0	0.532	0.006	0.833	1	False	TRMT1	211	False
267	chr14	46197453	46197466	2	2	0	0.883	0.373	0.921	0	False	RPL10L	453550	False
752	chr4	127470436	127470590	2	2	0	0.921	0.580	0.962	0	False	INTU	152757	False
662	chr22	46374820	46375237	2	2	0	0.698	0.008	0.922	1	False	CELSR1	0	False
997	chr8	1099209	1099269	2	1	1	0.846	0.258	0.809	0	True	DLGAP2	0	True
998	chr8	1201066	1201155	2	1	1	0.893	0.527	0.908	1	True	DLGAP2	0	True
999	chr8	1360104	1360332	2	2	0	0.858	0.361	0.917	1	True	DLGAP2	0	True
1001	chr8	1492538	1492734	2	2	0	0.868	0.484	0.884	1	True	DLGAP2	0	True
660	chr22	43321106	43321191	2	2	0	0.864	0.354	0.903	0	False	SCUBE1	0	False
489	chr19	38543710	38543712	2	1	1	0.653	0.213	0.893	0	False	RYR1	0	False
154	chr11	78823146	78823272	2	2	0	0.883	0.037	0.938	0	False	TENM4	0	False
492	chr19	43414789	43414938	2	2	0	0.928	0.618	0.960	1	False	TEX101	0	False
1107	chr9	137416802	137416835	2	2	0	0.870	0.539	0.841	1	False	EXD3	0	False
152	chr11	67493195	67493386	2	2	0	0.885	0.537	0.903	1	False	PITPNM1	0	False
151	chr11	66762351	66762424	2	2	0	0.951	0.745	0.972	1	False	C11orf80	0	False
7	chr1	9653933	9654306	2	2	0	0.755	0.006	0.862	0	False	PIK3CD	0	False
1010	chr8	6563017	6563048	2	2	0	0.681	0.010	0.909	0	False	MCPH1	0	False
1011	chr8	16497926	16498069	2	2	0	0.913	0.525	0.893	0	False	MSR1	0	False
657	chr22	41443280	41443539	2	2	0	0.847	0.170	0.888	0	False	TOB2	0	False
991	chr7	158484958	158485160	2	2	0	0.908	0.539	0.968	1	True	PTPRN2	0	True
173	chr11	132792573	132792873	2	2	0	0.645	0.076	0.834	0	False	OPCML	0	False
175	chr12	2229779	2229805	2	2	0	0.775	0.286	0.821	0	False	CACNA1C	0	False
512	chr19	58084511	58085493	2	2	0	0.953	0.745	0.907	1	False	ZNF135	0	False
988	chr7	157897698	157897793	2	2	0	0.888	0.143	0.819	0	True	PTPRN2	0	True
179	chr12	12613116	12613169	2	2	0	0.819	0.348	0.852	0	False	CREBL2	0	False
181	chr12	18753714	18754025	2	1	1	0.689	0.027	0.821	0	False	CAPZA3	14681	False
719	chr4	1194829	1195197	2	2	0	0.829	0.150	0.893	1	False	SPON2	0	False
983	chr7	151125678	151126202	2	2	0	0.305	0.007	0.807	1	False	AGAP3	0	False
515	chr2	795921	795973	2	2	0	0.838	0.121	0.875	0	False	TMEM18	118541	False
12	chr1	27668391	27668433	2	1	1	0.862	0.408	0.855	1	False	IFI6	0	False
1092	chr9	123339322	123339600	2	2	0	0.600	0.022	0.879	1	False	CRB2	16708	False
1089	chr9	107827112	107827169	2	1	1	0.935	0.479	0.876	0	False	KLF4	336658	False
480	chr19	34500593	34501069	2	2	0	0.571	0.040	0.890	0	False	WTIP	0	False
597	chr2	229939214	229939959	2	2	0	0.958	0.774	0.867	0	False	FBXO36	0	False
724	chr4	6325404	6325582	2	2	0	0.461	0.113	0.867	0	False	PPP2R2C	0	False
805	chr5	110956561	110956794	2	1	1	0.618	0.107	0.815	0	False	TSLP	113384	False
1016	chr8	24999091	24999201	2	2	0	0.467	0.042	0.817	0	False	NEFL	42425	False
196	chr12	96698779	96698805	2	2	0	0.806	0.085	0.941	0	False	CFAP54	0	False
687	chr3	77112495	77112523	2	2	0	0.939	0.637	0.905	0	False	ROBO2	0	False
704	chr3	156176819	156176892	2	2	0	0.895	0.527	0.938	0	False	KCNAB1	0	False
1031	chr8	96333311	96334212	2	2	0	0.749	0.278	0.891	0	False	PTDSS1	0	False
1033	chr8	102528770	102528817	2	2	0	0.335	0.047	0.808	0	False	ODF1	22795	False
497	chr19	45363915	45363938	2	2	0	0.932	0.657	0.872	1	False	ERCC2	0	False
1035	chr8	105886941	105886950	2	2	0	0.920	0.507	0.976	0	False	ZFPM2	82406	False
110	chr10	116132623	116132900	2	2	0	0.743	0.133	0.881	0	False	GFRA1	0	False
106	chr10	104681275	104681420	2	1	1	0.089	0.005	0.809	0	False	SORCS3	0	False
141	chr11	29269548	29269607	2	1	1	0.839	0.369	0.975	0	False	KCNA4	740152	False
1041	chr8	138877657	138877728	2	2	0	0.925	0.655	0.842	1	False	COL22A1	0	False
699	chr3	138832990	138833275	2	1	1	0.851	0.539	0.977	0	False	PIK3CB	0	False
98	chr10	75406615	75406624	2	2	0	0.900	0.047	0.807	1	False	ZNF503	4855	False
809	chr5	125412574	125412871	2	2	0	0.205	0.003	0.850	0	False	ZNF608	663915	False
502	chr19	49325198	49325352	2	2	0	0.917	0.494	0.971	0	False	SLC6A16	60	False
1090	chr9	111740867	111740948	2	2	0	0.948	0.692	0.966	0	False	SHOC1	0	False
806	chr5	114857870	114858042	2	1	1	0.607	0.046	0.939	0	False	TRIM36	266805	False
120	chr10	129236504	129236506	2	2	0	0.856	0.366	0.927	0	False	MGMT	230684	False
706	chr3	163612478	163612530	2	2	0	0.827	0.492	0.909	0	False	SI	1366393	False
1026	chr8	60967476	60967578	2	2	0	0.723	0.117	0.898	0	False	CLVS1	89630	False
677	chr3	41955377	41955468	2	1	1	0.935	0.716	0.938	0	False	ULK4	0	False
1053	chr9	6328355	6328440	2	2	0	0.880	0.493	0.837	0	False	TPD52L3	0	False
129	chr11	3989507	3990080	2	2	0	0.776	0.094	0.960	0	False	STIM1	0	False
509	chr19	56105482	56106539	2	1	1	0.687	0.012	0.891	0	False	ZNF787	0	False
131	chr11	6497255	6497317	2	2	0	0.695	0.235	0.890	0	False	ENSG00000283977	0	False
675	chr3	31942101	31942223	2	2	0	0.868	0.059	0.843	0	False	OSBPL10	0	False
133	chr11	9279410	9279503	2	2	0	0.943	0.747	0.868	0	False	TMEM41B	1197	False
708	chr3	169810830	169811028	2	2	0	0.931	0.631	0.872	0	False	LRRC34	0	False
672	chr3	26625397	26625410	2	1	1	0.541	0.048	0.842	0	False	LRRC3B	0	False
709	chr3	170062955	170063848	2	2	0	0.944	0.675	0.935	0	False	GPR160	0	False
494	chr19	45064007	45064672	2	2	0	0.949	0.735	0.941	1	False	CLASRP	0	False
493	chr19	43501651	43501700	2	1	1	0.893	0.461	0.845	0	False	PHLDB3	0	False
140	chr11	18189374	18189380	2	2	0	0.905	0.615	0.912	1	False	MRGPRX4	15097	False
725	chr4	6954044	6954169	2	2	0	0.477	0.087	0.814	0	False	TBC1D14	0	False
723	chr4	4651886	4652136	2	2	0	0.888	0.447	0.861	0	False	STX18	109665	False
517	chr2	1796797	1796821	2	2	0	0.832	0.277	0.838	0	False	MYT1L	0	False
616	chr20	52175949	52175970	2	2	0	0.963	0.764	0.948	0	False	ZFP64	0	False
745	chr4	94760297	94760694	2	2	0	0.768	0.052	0.897	0	False	BMPR1B	0	False
258	chr14	26175874	26175887	2	2	0	0.878	0.469	1.000	0	False	NOVA1	267209	False
937	chr7	36236305	36236427	2	2	0	0.908	0.561	0.945	0	False	EEPD1	0	False
610	chr20	47239233	47239276	2	1	1	0.952	0.715	0.925	1	False	ZMYND8	0	False
255	chr14	22983733	22983778	2	2	0	0.811	0.481	0.910	0	False	AJUBA	1204	False
253	chr13	112755568	112755783	2	2	0	0.941	0.390	0.949	1	False	ATP11A	0	False
251	chr13	112696177	112696180	2	2	0	0.943	0.449	0.921	1	False	ATP11A	0	False
250	chr13	111668484	111668539	2	2	0	0.909	0.470	0.915	1	False	TEX29	324262	False
249	chr13	111548309	111548441	2	2	0	0.916	0.519	0.916	1	False	TEX29	204126	False
71	chr10	666403	666452	2	2	0	0.902	0.272	0.830	0	False	DIP2C	0	False
612	chr20	49220314	49220350	2	2	0	0.634	0.226	0.813	0	False	DDX27	0	False
829	chr5	175480139	175480176	2	2	0	0.876	0.115	0.911	0	False	SFXN1	0	False
614	chr20	51985573	51985752	2	1	1	0.920	0.403	0.957	0	False	ZFP64	66000	False
944	chr7	66557052	66557435	2	1	1	0.788	0.444	0.869	1	False	KCTD7	71637	False
198	chr12	104790328	104790648	2	1	1	0.620	0.170	0.835	0	False	SLC41A2	11312	False
524	chr2	8645739	8645858	2	2	0	0.942	0.692	0.973	1	False	ID2	33046	False
746	chr4	95840048	95840124	2	0	2	0.922	0.622	0.918	0	False	PDHA2	6	False
747	chr4	99086796	99087212	2	2	0	0.916	0.010	0.839	0	False	ADH5	0	False
278	chr14	61559930	61560144	2	2	0	0.896	0.029	0.816	0	False	ENSG00000258989	0	False
291	chr14	91304054	91304074	2	2	0	0.936	0.106	0.865	1	False	CCDC88C	0	False
290	chr14	90757092	90757211	2	2	0	0.906	0.362	0.963	0	False	TTC7B	0	False
287	chr14	88478866	88478905	2	2	0	0.954	0.734	0.932	1	False	PTPN21	0	False
285	chr14	75334541	75334952	2	2	0	0.734	0.144	0.859	0	False	FOS	52516	False
599	chr2	238586273	238586584	2	2	0	0.817	0.083	0.890	0	False	ASB1	134178	False
924	chr7	15839410	15839530	2	1	1	0.424	0.019	0.892	0	False	MEOX2	152787	False
276	chr14	55515372	55515430	2	2	0	0.819	0.089	0.948	0	False	KTN1	43670	False
526	chr2	11592757	11593170	2	1	1	0.921	0.582	0.933	1	False	GREB1	0	False
601	chr2	241901302	241901353	2	2	0	0.809	0.043	0.850	0	False	FAM240C	0	False
273	chr14	54486720	54487440	2	2	0	0.920	0.657	0.923	0	False	GMFB	0	False
602	chr20	6213519	6213521	2	2	0	0.908	0.562	0.804	0	False	FERMT1	90306	False
270	chr14	51847213	51847318	2	1	1	0.272	0.007	0.919	0	False	GNG2	0	False
929	chr7	25893030	25894674	2	2	0	0.478	0.097	0.897	0	False	NFE2L3	258345	False
268	chr14	46651750	46651791	2	2	0	0.919	0.639	0.911	1	False	RPL10L	0	False
72	chr10	1707239	1707328	2	2	0	0.794	0.360	0.933	0	False	ADARB2	0	False
945	chr7	70211846	70211942	2	1	1	0.945	0.668	0.936	0	False	AUTS2	0	False
957	chr7	99543212	99543476	2	1	1	0.945	0.742	0.817	1	False	FAM200A	2955	False
222	chr13	20987761	20987865	2	0	2	0.954	0.667	0.895	0	False	LATS2	0	False
478	chr19	33132005	33132069	2	2	0	0.899	0.617	0.863	1	False	WDR88	52	False
202	chr12	117155549	117155774	2	2	0	0.813	0.484	0.881	1	False	FBXO21	0	False
636	chr21	34075854	34076019	2	2	0	0.807	0.034	0.883	0	False	MRPS6	0	False
729	chr4	17323464	17323914	2	1	1	0.668	0.128	0.909	0	False	QDPR	136571	False
634	chr21	31946894	31947423	2	1	1	0.946	0.599	0.950	0	False	HUNK	0	False
477	chr19	21750661	21751013	2	2	0	0.945	0.772	0.975	1	False	ZNF100	0	False
731	chr4	38054948	38055058	2	2	0	0.954	0.695	0.962	0	False	TBC1D1	0	False
732	chr4	40058977	40058981	2	2	0	0.568	0.203	0.900	0	False	N4BP2	0	False
961	chr7	102195470	102195741	2	2	0	0.942	0.642	0.948	1	False	CUX1	0	False
629	chr20	63939201	63940881	2	2	0	0.890	0.527	0.811	1	False	UCKL1	0	False
215	chr12	130817868	130818033	2	2	0	0.810	0.372	0.936	0	False	STX2	0	False
1061	chr9	24687653	24687710	2	2	0	0.907	0.560	0.855	0	False	IZUMO3	141735	False
800	chr5	82312671	82312747	2	2	0	0.505	0.018	0.928	0	False	RPS23	34313	False
75	chr10	6530263	6530516	2	2	0	0.859	0.115	0.906	0	False	PRKCQ	0	False
441	chr19	3491369	3491958	2	2	0	0.942	0.594	0.914	1	False	DOHH	0	False
1088	chr9	105696444	105696802	2	2	0	0.942	0.691	0.990	0	False	TMEM38B	0	False
225	chr13	24895016	24895083	2	2	0	0.932	0.564	0.945	1	False	CENPJ	0	False
741	chr4	79050314	79050749	2	2	0	0.824	0.025	0.932	0	False	PAQR3	111093	False
226	chr13	28778977	28779043	2	2	0	0.923	0.657	0.915	1	False	MTUS2	41328	False
227	chr13	29503233	29503241	2	2	0	0.435	0.057	0.832	1	False	MTUS2	0	False
619	chr20	56305263	56305293	2	1	1	0.682	0.018	0.884	0	False	FAM210B	53695	False
621	chr20	58675134	58675379	2	2	0	0.931	0.721	0.956	0	False	STX16	0	False
224	chr13	24505910	24505970	2	2	0	0.954	0.625	0.847	0	False	PARP4	0	False
470	chr19	17576640	17577537	2	2	0	0.822	0.329	0.930	1	False	COLGALT1	0	False
795	chr5	59496640	59496640	1	1	0	0.929	0.582	0.968	0	False	PDE4D	0	False
789	chr5	37209123	37209123	1	1	0	0.781	0.465	0.931	1	False	CPLANE1	0	False
796	chr5	62781127	62781127	1	1	0	0.898	0.555	0.948	0	False	IPO11	152545	False
797	chr5	68902426	68902426	1	1	0	0.927	0.560	0.957	0	False	SLC30A5	191564	False
798	chr5	69095489	69095489	1	1	0	0.841	0.416	0.917	0	False	SLC30A5	0	False
799	chr5	79343909	79343909	1	1	0	0.901	0.492	0.974	0	False	JMY	16698	False
791	chr5	59037673	59037673	1	1	0	0.581	0.035	0.909	0	False	PDE4D	0	False
802	chr5	96246343	96246343	1	1	0	0.886	0.307	0.934	0	False	PCSK1	143989	False
794	chr5	59444639	59444639	1	1	0	0.948	0.623	0.901	0	False	PDE4D	0	False
803	chr5	103434470	103434470	1	0	1	0.881	0.451	0.953	0	False	NUDT12	114384	False
788	chr5	18286013	18286013	1	1	0	0.870	0.364	0.948	0	False	H3Y1	630164	False
790	chr5	55533252	55533252	1	1	0	0.766	0.072	0.838	0	False	PLPP1	0	False
793	chr5	59430294	59430294	1	1	0	0.913	0.041	1.000	0	False	PDE4D	0	False
792	chr5	59188682	59188682	1	1	0	0.232	0.040	0.817	0	False	PDE4D	0	False
754	chr4	128063224	128063224	1	1	0	0.873	0.463	0.843	0	False	LARP1B	0	False
787	chr5	14488373	14488373	1	1	0	0.928	0.442	0.906	1	False	TRIO	0	False
1106	chr9	137408204	137408204	1	0	1	0.783	0.118	0.824	0	False	EXD3	0	False
1101	chr9	132458664	132458664	1	1	0	0.872	0.463	0.857	0	False	CFAP77	0	False
730	chr4	22997657	22997657	1	1	0	0.896	0.417	0.948	0	False	GBA3	178082	False
728	chr4	16916955	16916955	1	1	0	0.741	0.312	0.959	0	False	LDB2	18277	False
726	chr4	10898403	10898403	1	1	0	0.875	0.397	0.948	0	False	CLNK	213635	False
722	chr4	2387490	2387490	1	1	0	0.919	0.288	0.952	0	False	ZFYVE28	0	False
1102	chr9	134065629	134065629	1	1	0	0.491	0.201	0.800	0	False	BRD3	0	False
1103	chr9	135089618	135089618	1	1	0	0.550	0.063	0.807	0	False	OLFM1	0	False
721	chr4	2276036	2276036	1	1	0	0.932	0.300	0.916	1	False	ZFYVE28	0	False
720	chr4	1978917	1978917	1	1	0	0.928	0.647	0.867	1	False	NSD2	0	False
718	chr4	730906	730906	1	1	0	0.958	0.738	0.804	1	False	PCGF3	0	False
717	chr3	196979182	196979182	1	1	0	0.567	0.275	0.838	0	False	MELTF	1407	False
716	chr3	196273565	196273565	1	1	0	0.956	0.661	0.961	0	False	PCYT1A	0	False
715	chr3	194300456	194300456	1	1	0	0.687	0.029	0.888	0	False	CPN2	39311	False
713	chr3	174442408	174442408	1	1	0	0.339	0.138	0.946	0	False	NAALADL2	0	False
785	chr5	6823142	6823142	1	1	0	0.655	0.040	0.872	1	False	TENT4A	66098	False
712	chr3	173010123	173010123	1	1	0	0.887	0.505	0.881	0	False	SPATA16	0	False
1108	chr9	137677277	137677277	1	1	0	0.939	0.585	0.942	0	False	EHMT1	0	False
711	chr3	171650896	171650896	1	1	0	0.871	0.413	0.823	0	False	PLD1	0	False
710	chr3	170359470	170359470	1	0	1	0.815	0.047	1.000	0	False	SKIL	0	False
707	chr3	167116339	167116339	1	1	0	0.902	0.523	0.894	0	False	ZBBX	123503	False
705	chr3	159187469	159187469	1	1	0	0.874	0.288	0.945	0	False	IQCJ-SCHIP1	0	False
703	chr3	153159825	153159825	1	1	0	0.816	0.272	0.864	0	False	RAP2B	2400	False
702	chr3	146463356	146463356	1	0	1	0.944	0.719	0.876	0	False	PLSCR2	0	False
701	chr3	143329815	143329815	1	1	0	0.565	0.052	0.896	0	False	SLC9A9	0	False
700	chr3	142568593	142568593	1	1	0	0.873	0.539	0.927	0	False	ATR	0	False
698	chr3	138451799	138451799	1	1	0	0.870	0.304	0.815	1	False	ESYT3	0	False
697	chr3	138010024	138010024	1	1	0	0.877	0.007	0.916	0	False	CLDN18	0	False
696	chr3	137153187	137153187	1	1	0	0.861	0.381	0.923	0	False	IL20RB	142102	False
733	chr4	41692779	41692779	1	1	0	0.582	0.130	0.839	0	False	LIMCH1	0	False
734	chr4	41936452	41936452	1	0	1	0.881	0.604	0.956	0	False	TMEM33	0	False
735	chr4	47486603	47486603	1	1	0	0.533	0.165	0.858	0	False	ATP10D	0	False
736	chr4	48778063	48778063	1	1	0	0.315	0.018	0.914	0	False	FRYL	0	False
784	chr5	1522395	1522395	1	1	0	0.582	0.006	0.845	0	False	LPCAT1	0	False
781	chr5	345958	345958	1	1	0	0.705	0.200	0.834	0	False	PDCD6-AHRR	0	False
1093	chr9	123366477	123366477	1	1	0	0.688	0.184	0.885	1	False	CRB2	0	False
779	chr4	186266132	186266132	1	0	1	0.624	0.006	0.900	0	False	F11	56	False
775	chr4	182608676	182608676	1	0	1	0.929	0.614	0.910	0	False	TENM3	0	False
774	chr4	175376515	175376515	1	1	0	0.894	0.370	0.900	0	False	GPM6A	256418	False
772	chr4	173372943	173372943	1	1	0	0.658	0.148	1.000	0	False	SAP30	0	False
769	chr4	164215368	164215368	1	1	0	0.847	0.412	0.957	0	False	MARCHF1	0	False
767	chr4	160719719	160719719	1	1	0	0.906	0.451	0.971	0	False	FSTL5	664177	False
1097	chr9	127226655	127226655	1	1	0	0.895	0.364	0.860	0	False	GARNL3	0	False
762	chr4	145734364	145734364	1	1	0	0.453	0.003	0.929	0	False	C4orf51	0	False
761	chr4	142397287	142397287	1	1	0	0.912	0.268	0.886	0	False	INPP4B	0	False
1098	chr9	127886504	127886504	1	0	1	0.870	0.656	0.835	0	False	ST6GALNAC6	0	False
758	chr4	138919259	138919259	1	1	0	0.372	0.104	0.817	0	False	NOCT	96521	False
756	chr4	128813401	128813401	1	1	0	0.778	0.271	0.922	0	False	JADE1	0	False
755	chr4	128155713	128155713	1	1	0	0.959	0.621	0.983	0	False	LARP1B	0	False
753	chr4	127843972	127843972	1	1	0	0.935	0.589	0.822	0	False	HSPA4L	3239	False
749	chr4	110418885	110418885	1	1	0	0.885	0.550	0.901	0	False	ENPEP	0	False
748	chr4	105159324	105159324	1	1	0	0.882	0.299	0.943	0	False	TET2	0	False
1099	chr9	130052713	130052713	1	1	0	0.873	0.396	0.819	0	False	GPR107	712	False
1100	chr9	131350983	131350983	1	1	0	0.818	0.234	0.920	0	False	PLPP7	0	False
743	chr4	82887740	82887740	1	1	0	0.944	0.047	0.940	0	False	SEC31A	0	False
742	chr4	79210141	79210141	1	1	0	0.707	0.247	0.972	0	False	NAA11	15552	False
740	chr4	77636110	77636110	1	1	0	0.804	0.372	0.819	0	False	CXCL13	24276	False
739	chr4	77077466	77077466	1	1	0	0.802	0.124	0.822	0	False	CCNI	1157	False
738	chr4	76459536	76459536	1	1	0	0.654	0.058	1.000	0	False	SHROOM3	0	False
737	chr4	75720240	75720240	1	1	0	0.963	0.762	0.979	0	False	G3BP2	0	False
807	chr5	115068832	115068832	1	1	0	0.860	0.470	0.921	0	False	TRIM36	55929	False
1047	chr9	273074	273074	1	1	0	0.872	0.035	0.982	0	False	DOCK8	0	False
808	chr5	116559476	116559476	1	0	1	0.817	0.370	0.897	0	False	SEMA6A	0	False
966	chr7	112547264	112547264	1	1	0	0.896	0.434	0.937	0	False	LSMEM1	56202	False
956	chr7	94764692	94764692	1	0	1	0.911	0.289	0.865	0	True	PEG10	94997	True
1062	chr9	25003841	25003841	1	1	0	0.614	0.161	0.872	0	False	IZUMO3	457895	False
1060	chr9	18213299	18213299	1	1	0	0.396	0.104	0.975	0	False	ADAMTSL1	0	False
959	chr7	101239967	101239967	1	1	0	0.855	0.054	0.880	0	False	FIS1	0	False
960	chr7	101243726	101243726	1	0	1	0.457	0.142	0.869	0	False	FIS1	0	False
962	chr7	102249048	102249048	1	1	0	0.926	0.636	0.883	1	False	CUX1	0	False
963	chr7	104884215	104884215	1	1	0	0.267	0.004	0.825	0	False	LHFPL3	0	False
964	chr7	105228834	105228834	1	1	0	0.926	0.332	0.934	0	False	SRPK2	0	False
965	chr7	111493803	111493803	1	1	0	0.959	0.777	0.835	0	False	IMMP2L	0	False
967	chr7	118182691	118182691	1	1	0	0.845	0.297	0.922	0	False	LSM8	1452	False
954	chr7	92588655	92588655	1	1	0	0.704	0.236	0.917	0	False	FAM133B	0	False
968	chr7	125773656	125773656	1	0	1	0.706	0.227	0.892	0	False	GRM8	664941	False
969	chr7	130108143	130108143	1	1	0	0.954	0.623	0.910	0	False	KLHDC10	0	False
971	chr7	137164475	137164475	1	1	0	0.939	0.667	0.889	1	False	PTN	62865	False
972	chr7	139775286	139775286	1	0	1	0.710	0.031	0.893	0	False	HIPK2	0	False
973	chr7	140698627	140698627	1	1	0	0.883	0.474	0.909	0	False	NDUFB2	0	False
974	chr7	147197047	147197047	1	1	0	0.854	0.175	0.950	0	False	CNTNAP2	0	False
975	chr7	148415411	148415411	1	1	0	0.907	0.526	0.908	0	False	CNTNAP2	0	False
976	chr7	148783234	148783234	1	1	0	0.834	0.360	0.903	1	False	CUL1	0	False
977	chr7	149224672	149224672	1	1	0	0.957	0.796	0.912	1	False	ZNF282	0	False
1063	chr9	26797230	26797230	1	1	0	0.915	0.511	0.937	0	False	CAAP1	43454	False
953	chr7	84173635	84173635	1	1	0	0.952	0.632	0.849	0	False	SEMA3A	0	False
810	chr5	125612540	125612540	1	0	1	0.763	0.111	0.883	0	False	GRAMD2B	747591	False
939	chr7	44846383	44846383	1	1	0	0.275	0.005	0.827	0	False	H2AZ2	0	False
927	chr7	23128023	23128023	1	0	1	0.959	0.639	0.973	0	False	KLHL7	0	False
928	chr7	23490397	23490397	1	1	0	0.435	0.144	0.822	0	False	TRA2A	14382	False
930	chr7	27154475	27154475	1	1	0	0.370	0.030	0.811	0	True	HOXA7	0	False
931	chr7	28809463	28809463	1	1	0	0.846	0.308	0.918	0	False	CREB5	0	False
932	chr7	28847658	28847658	1	1	0	0.897	0.126	0.815	0	False	CREB5	21764	False
933	chr7	29649374	29649374	1	1	0	0.949	0.689	0.845	1	False	PRR15	82081	False
934	chr7	31488718	31488718	1	1	0	0.500	0.186	0.803	0	False	ITPRID1	25371	False
936	chr7	32889247	32889247	1	1	0	0.929	0.408	0.919	0	False	KBTBD2	0	False
938	chr7	36985430	36985430	1	1	0	0.572	0.008	0.837	0	False	ELMO1	0	False
940	chr7	45110523	45110523	1	1	0	0.612	0.110	0.841	0	False	TBRG4	0	False
952	chr7	83732361	83732361	1	0	1	0.884	0.425	0.836	0	False	SEMA3E	83222	False
941	chr7	50781471	50781471	1	1	0	0.629	0.115	0.921	0	True	GRB10	0	True
942	chr7	51158404	51158404	1	1	0	0.799	0.040	0.920	0	False	COBL	0	False
943	chr7	65764734	65764734	1	1	0	0.893	0.327	0.882	1	False	VKORC1L1	108339	False
946	chr7	70808995	70808995	1	0	1	0.808	0.366	0.877	0	False	AUTS2	15489	False
947	chr7	72334823	72334823	1	1	0	0.467	0.041	0.828	0	False	CALN1	0	False
948	chr7	72405671	72405671	1	1	0	0.623	0.052	0.870	0	False	CALN1	0	False
949	chr7	76500006	76500006	1	0	1	0.770	0.085	0.806	0	False	DTX2	0	False
950	chr7	81611066	81611066	1	1	0	0.855	0.574	0.908	1	False	HGF	87943	False
951	chr7	82508494	82508494	1	1	0	0.373	0.029	0.922	0	False	CACNA2D1	64538	False
979	chr7	149462225	149462225	1	1	0	0.911	0.544	0.824	0	False	ZNF777	1163	False
980	chr7	149691191	149691191	1	1	0	0.505	0.067	0.870	0	False	KRBA1	23589	False
981	chr7	150824514	150824514	1	1	0	0.884	0.401	0.917	0	False	AOC1	112	False
1032	chr8	98950395	98950395	1	1	0	0.278	0.012	0.814	0	False	OSR2	0	False
1021	chr8	42543796	42543796	1	1	0	0.735	0.039	0.973	0	False	SMIM19	0	False
1022	chr8	43142601	43142601	1	1	0	0.465	0.039	0.902	0	False	HGSNAT	0	False
1054	chr9	9855623	9855623	1	0	1	0.592	0.060	0.938	0	False	PTPRD	0	False
1024	chr8	53844572	53844572	1	1	0	0.923	0.336	0.900	0	False	ATP6V1H	1014	False
1051	chr9	5086151	5086151	1	1	0	0.883	0.578	0.898	0	False	JAK2	0	False
1027	chr8	70401116	70401116	1	1	0	0.468	0.059	1.000	0	False	NCOA2	0	False
1028	chr8	70534961	70534961	1	0	1	0.488	0.232	0.935	0	False	TRAM1	38256	False
1029	chr8	73896154	73896154	1	1	0	0.887	0.151	0.989	0	False	UBE2W	17244	False
1030	chr8	86344713	86344713	1	1	0	0.282	0.006	0.844	0	False	WWP1	0	False
1034	chr8	102865953	102865953	1	1	0	0.874	0.143	0.923	0	False	AZIN1	0	False
984	chr7	151603159	151603159	1	1	0	0.975	0.722	0.970	1	False	PRKAG2	0	False
1036	chr8	107166290	107166290	1	1	0	0.927	0.660	0.978	0	False	ANGPT1	83191	False
1037	chr8	120956713	120956713	1	1	0	0.653	0.281	0.885	0	False	SNTB1	143440	False
1038	chr8	123923061	123923061	1	0	1	0.484	0.202	0.826	0	False	FER1L6	0	False
1039	chr8	132672834	132672834	1	1	0	0.871	0.332	0.919	0	False	DNAAF11	0	False
1042	chr8	141085246	141085246	1	1	0	0.704	0.274	0.908	0	False	DENND3	32031	False
1043	chr8	143268629	143268629	1	1	0	0.533	0.123	0.825	0	False	ENSG00000264668	0	False
1044	chr8	143694538	143694538	1	1	0	0.945	0.734	0.933	1	False	ZNF707	0	False
1045	chr8	144116424	144116424	1	1	0	0.905	0.604	0.874	1	False	WDR97	0	False
1048	chr9	2241369	2241369	1	1	0	0.547	0.137	0.887	1	False	SMARCA2	47745	False
1020	chr8	42436930	42436930	1	1	0	0.957	0.763	0.962	1	False	SLC20A2	0	False
1019	chr8	38377473	38377473	1	1	0	0.947	0.728	0.965	0	False	NSD3	0	False
1018	chr8	37747999	37747999	1	1	0	0.426	0.070	0.920	0	False	ERLIN2	0	False
1017	chr8	30081126	30081126	1	0	1	0.743	0.007	0.855	0	False	SARAF	0	False
1058	chr9	16133936	16133936	1	1	0	0.461	0.154	0.887	0	False	CCDC171	72273	False
986	chr7	153190684	153190684	1	0	1	0.759	0.140	0.878	0	False	ACTR3B	335306	False
1057	chr9	14978214	14978214	1	1	0	0.774	0.172	0.826	1	False	FREM1	67219	False
989	chr7	157910547	157910547	1	1	0	0.946	0.690	0.880	1	True	PTPRN2	0	True
992	chr7	158557398	158557398	1	1	0	0.938	0.684	0.933	1	True	PTPRN2	0	True
993	chr7	158569360	158569360	1	1	0	0.537	0.128	0.883	1	True	PTPRN2	0	True
995	chr8	676736	676736	1	1	0	0.939	0.641	0.833	1	True	ERICH1	0	False
996	chr8	901730	901730	1	1	0	0.862	0.209	0.921	0	True	DLGAP2	0	True
1056	chr9	13568956	13568956	1	1	0	0.120	0.007	0.841	0	False	MPDZ	289264	False
1002	chr8	1508800	1508800	1	1	0	0.829	0.503	1.000	0	True	DLGAP2	0	True
1003	chr8	1669685	1669685	1	1	0	0.913	0.530	0.955	1	True	DLGAP2	0	True
1005	chr8	4070652	4070652	1	1	0	0.870	0.391	0.925	0	False	CSMD1	0	False
1006	chr8	4107643	4107643	1	1	0	0.522	0.003	0.872	0	False	CSMD1	0	False
1007	chr8	4117323	4117323	1	1	0	0.819	0.107	0.982	0	False	CSMD1	0	False
1008	chr8	4771338	4771338	1	1	0	0.808	0.326	0.922	0	False	CSMD1	0	False
1009	chr8	4915671	4915671	1	1	0	0.838	0.146	0.881	0	False	CSMD1	0	False
1012	chr8	18666813	18666813	1	0	1	0.832	0.101	0.801	0	False	PSD3	0	False
1014	chr8	23854198	23854198	1	1	0	0.067	0.000	0.808	0	False	STC1	0	False
1015	chr8	23984879	23984879	1	1	0	0.692	0.071	0.929	0	False	STC1	130073	False
926	chr7	19110247	19110247	1	1	0	0.224	0.022	0.937	0	False	TWIST1	0	False
925	chr7	18575002	18575002	1	1	0	0.936	0.605	0.947	0	False	HDAC9	0	False
923	chr7	13016726	13016726	1	1	0	0.868	0.355	0.947	0	False	ARL4A	325768	False
848	chr6	20405606	20405606	1	1	0	0.946	0.594	0.818	0	False	E2F3	0	False
841	chr6	12585837	12585837	1	0	1	0.739	0.067	0.915	0	False	PHACTR1	130474	False
842	chr6	12958227	12958227	1	0	1	0.060	0.001	0.818	0	False	PHACTR1	0	False
843	chr6	14044287	14044287	1	1	0	0.842	0.326	0.943	0	False	RNF182	63977	False
844	chr6	18153921	18153921	1	0	1	0.581	0.030	1.000	0	False	TPMT	0	False
1084	chr9	98556343	98556343	1	1	0	0.875	0.385	0.901	0	False	GABBR2	0	False
1083	chr9	98518053	98518053	1	1	0	0.824	0.435	0.949	0	False	GABBR2	0	False
845	chr6	18262087	18262087	1	0	1	0.750	0.319	1.000	0	False	DEK	0	False
846	chr6	19892452	19892452	1	1	0	0.811	0.077	0.958	0	False	ID4	50255	False
847	chr6	20138938	20138938	1	1	0	0.944	0.652	0.960	0	False	MBOAT1	0	False
1082	chr9	97986238	97986238	1	1	0	0.844	0.186	0.820	0	False	ANP32B	0	False
861	chr6	34390647	34390647	1	0	1	0.675	0.161	0.905	0	False	NUDT3	0	False
849	chr6	21423409	21423409	1	0	1	0.906	0.542	0.973	0	False	SOX4	170341	False
850	chr6	22056720	22056720	1	1	0	0.909	0.081	0.959	0	False	PRL	230523	False
851	chr6	22146694	22146694	1	1	0	0.766	0.016	0.910	0	False	PRL	140549	False
852	chr6	23177062	23177062	1	1	0	0.821	0.117	0.862	0	False	HDGFL1	605396	False
855	chr6	25219097	25219097	1	1	0	0.864	0.035	0.873	0	False	CARMIL1	59980	False
856	chr6	26120925	26120925	1	1	0	0.925	0.190	1.000	0	False	H2BC4	0	False
1081	chr9	97078437	97078437	1	1	0	0.711	0.321	0.928	0	False	CTSV	0	False
857	chr6	27903525	27903525	1	1	0	0.191	0.030	0.831	0	False	OR2B2	7659	False
858	chr6	28922292	28922292	1	1	0	0.470	0.136	0.834	0	False	TRIM27	0	False
840	chr6	712124	712124	1	1	0	0.610	0.246	1.000	0	False	EXOC2	18985	False
1086	chr9	100117521	100117521	1	1	0	0.951	0.750	0.955	0	False	INVS	0	False
837	chr5	179906421	179906421	1	1	0	0.768	0.193	0.887	0	False	TBC1D9B	0	False
1087	chr9	105158221	105158221	1	1	0	0.913	0.615	0.950	0	False	SLC44A1	86400	False
812	chr5	126864520	126864520	1	1	0	0.947	0.534	0.867	0	False	MARCHF3	3193	False
813	chr5	134906522	134906522	1	1	0	0.676	0.069	0.854	0	False	PCBD2	0	False
814	chr5	135190512	135190512	1	1	0	0.827	0.008	1.000	0	False	MACROH2A1	143868	False
815	chr5	136251562	136251562	1	1	0	0.800	0.247	0.847	0	False	TRPC7	0	False
816	chr5	140177671	140177671	1	1	0	0.681	0.007	0.892	0	False	CYSTM1	0	False
817	chr5	146706414	146706414	1	1	0	0.941	0.659	0.965	0	False	PPP2R2B	0	False
818	chr5	147305353	147305353	1	1	0	0.876	0.039	0.981	0	False	STK32A	0	False
820	chr5	165864470	165864470	1	1	0	0.858	0.419	0.978	0	False	TENM2	1114558	False
821	chr5	167348077	167348077	1	1	0	0.866	0.109	0.950	0	False	TENM2	0	False
822	chr5	167451209	167451209	1	1	0	0.895	0.218	1.000	0	False	TENM2	0	False
823	chr5	167853486	167853486	1	1	0	0.849	0.424	0.900	0	False	TENM2	0	False
824	chr5	167889405	167889405	1	1	0	0.733	0.197	0.835	0	False	TENM2	0	False
826	chr5	173555450	173555450	1	0	1	0.718	0.007	0.858	0	False	BOD1	51694	False
827	chr5	173917657	173917657	1	1	0	0.346	0.005	0.834	0	False	CPEB4	0	False
828	chr5	174311235	174311235	1	1	0	0.650	0.249	0.875	0	False	NSG2	67734	False
830	chr5	176651684	176651684	1	1	0	0.920	0.221	0.947	0	False	TSPAN17	0	False
831	chr5	177266372	177266372	1	1	0	0.932	0.775	0.975	1	False	NSD1	0	False
832	chr5	177491993	177491993	1	1	0	0.825	0.139	0.900	1	False	PDLIM7	0	False
833	chr5	177604546	177604546	1	1	0	0.882	0.310	0.958	1	False	B4GALT7	0	False
859	chr6	30716368	30716368	1	1	0	0.832	0.257	0.836	0	False	MDC1	0	False
1080	chr9	89295640	89295640	1	1	0	0.878	0.425	0.896	0	False	CKS2	15554	False
922	chr7	11298545	11298545	1	1	0	0.814	0.434	0.956	0	False	THSD7A	71819	False
905	chr6	165056556	165056556	1	1	0	0.848	0.357	0.907	0	False	C6orf118	223107	False
892	chr6	156348008	156348008	1	1	0	0.732	0.022	0.873	0	False	ARID1B	428011	False
893	chr6	157148178	157148178	1	1	0	0.886	0.357	0.931	0	False	ARID1B	0	False
694	chr3	132720323	132720323	1	1	0	0.751	0.172	0.848	0	False	NPHP3-ACAD11	0	False
899	chr6	163951776	163951776	1	1	0	0.907	0.551	0.978	0	False	QKI	373184	False
900	chr6	163972675	163972675	1	1	0	0.915	0.634	0.942	1	False	QKI	394083	False
1074	chr9	78821596	78821596	1	1	0	0.495	0.066	0.833	0	False	PSAT1	491503	False
902	chr6	164106686	164106686	1	1	0	0.819	0.284	0.930	0	False	QKI	528094	False
1073	chr9	78778005	78778005	1	1	0	0.739	0.148	0.986	0	False	PSAT1	447912	False
904	chr6	164555342	164555342	1	1	0	0.671	0.042	0.939	0	False	C6orf118	724321	False
907	chr6	166656407	166656407	1	1	0	0.467	0.003	0.864	0	False	RPS6KA2	0	False
865	chr6	42260327	42260327	1	1	0	0.817	0.037	0.849	0	False	TRERF1	0	False
1071	chr9	78028966	78028966	1	1	0	0.426	0.010	1.000	0	False	GNAQ	0	False
912	chr7	2434135	2434135	1	1	0	0.944	0.290	0.981	0	False	CHST12	0	False
1070	chr9	76018452	76018452	1	0	1	0.829	0.153	0.989	0	False	PCSK5	0	False
1069	chr9	71744849	71744849	1	0	1	0.934	0.621	0.948	0	False	CEMIP2	0	False
914	chr7	5083316	5083316	1	1	0	0.789	0.358	0.878	1	False	RBAK-RBAKDN	10095	False
1067	chr9	31254422	31254422	1	1	0	0.951	0.688	0.856	1	False	ACO1	1130180	False
919	chr7	7104054	7104054	1	1	0	0.772	0.474	0.935	0	False	C1GALT1	52879	False
920	chr7	9190010	9190010	1	1	0	0.801	0.131	0.857	0	False	NXPH1	437049	False
1065	chr9	27655099	27655099	1	0	1	0.769	0.035	0.945	0	False	C9orf72	81233	False
1076	chr9	79258149	79258149	1	1	0	0.590	0.035	0.815	0	False	TLE4	313623	False
891	chr6	155642972	155642972	1	1	0	0.876	0.226	0.924	0	False	NOX3	187133	False
890	chr6	151388387	151388387	1	1	0	0.893	0.348	0.953	0	False	ZBTB2	0	False
889	chr6	150684885	150684885	1	1	0	0.801	0.120	0.968	0	False	PLEKHG1	0	False
866	chr6	44561564	44561564	1	0	1	0.307	0.020	0.875	0	False	CDC5L	111139	False
867	chr6	52403202	52403202	1	1	0	0.947	0.608	0.896	1	False	PAQR8	0	False
868	chr6	70412285	70412285	1	0	1	0.869	0.108	0.938	0	False	FAM135A	655	False
869	chr6	73348848	73348848	1	0	1	0.566	0.228	0.866	0	False	DPPA5	4214	False
870	chr6	74091302	74091302	1	1	0	0.478	0.048	0.889	0	False	CD109	262986	False
871	chr6	74170329	74170329	1	1	0	0.887	0.279	0.991	0	False	CD109	342013	False
872	chr6	75604452	75604452	1	1	0	0.855	0.599	0.979	0	False	SENP6	0	False
873	chr6	75750374	75750374	1	1	0	0.590	0.011	0.804	0	False	MYO6	0	False
874	chr6	80338360	80338360	1	1	0	0.601	0.177	0.936	0	False	BCKDHB	0	False
876	chr6	100852101	100852101	1	1	0	0.963	0.798	0.932	0	False	ASCC3	0	False
1078	chr9	85425408	85425408	1	1	0	0.311	0.108	0.861	0	False	AGTPBP1	121130	False
1077	chr9	84166948	84166948	1	0	1	0.757	0.149	0.922	0	False	SLC28A3	108508	False
880	chr6	116060502	116060502	1	1	0	0.146	0.000	0.938	0	False	FRK	0	False
881	chr6	121335740	121335740	1	1	0	0.748	0.102	1.000	0	False	TBC1D32	995	False
883	chr6	129719964	129719964	1	1	0	0.933	0.530	0.971	0	False	ARHGAP18	9787	False
884	chr6	136068917	136068917	1	1	0	0.887	0.211	0.890	0	False	PDE7B	0	False
886	chr6	141261200	141261200	1	1	0	0.807	0.104	0.911	0	False	NMBR	797129	False
887	chr6	144007130	144007130	1	1	0	0.434	0.034	0.926	0	True	PLAGL1	0	True
888	chr6	148064946	148064946	1	1	0	0.787	0.088	0.929	0	False	SASH1	207357	False
1079	chr9	88391834	88391834	1	1	0	0.829	0.110	0.836	0	False	SPIN1	0	False
1	chr1	1645097	1645097	1	1	0	0.830	0.467	0.960	1	False	CDK11B	0	False
693	chr3	124384693	124384693	1	1	0	0.896	0.014	0.950	0	False	KALRN	0	False
335	chr16	19469857	19469857	1	1	0	0.911	0.494	0.945	0	False	TMC5	0	False
187	chr12	57843925	57843925	1	1	0	0.496	0.049	0.873	0	False	CTDSP2	0	False
188	chr12	61188980	61188980	1	1	0	0.837	0.102	0.852	0	False	TAFA2	519292	False
189	chr12	62793831	62793831	1	1	0	0.782	0.059	0.822	0	False	PPM1H	0	False
190	chr12	70784599	70784599	1	1	0	0.914	0.549	0.940	0	False	PTPRR	0	False
191	chr12	77023925	77023925	1	1	0	0.923	0.441	1.000	0	False	E2F7	0	False
192	chr12	78036566	78036566	1	1	0	0.694	0.055	0.833	0	False	NAV3	0	False
193	chr12	79692717	79692717	1	0	1	0.465	0.002	0.908	0	False	PAWR	1753	False
194	chr12	93743379	93743379	1	1	0	0.730	0.197	0.924	0	False	CRADD	0	False
195	chr12	95995640	95995640	1	1	0	0.919	0.151	0.893	1	False	HAL	0	False
197	chr12	103928156	103928156	1	1	0	0.914	0.591	0.960	0	False	HSP90B1	1950	False
199	chr12	105332114	105332114	1	0	1	0.609	0.103	0.828	0	False	C12orf75	0	False
200	chr12	108090715	108090715	1	1	0	0.711	0.182	0.810	0	False	WSCD2	38572	False
201	chr12	114671709	114671709	1	1	0	0.254	0.004	0.856	1	False	TBX3	0	False
203	chr12	117760998	117760998	1	1	0	0.916	0.575	0.916	1	False	KSR2	0	False
204	chr12	117874970	117874970	1	1	0	0.465	0.108	0.832	0	False	KSR2	0	False
205	chr12	118338985	118338985	1	1	0	0.895	0.460	0.980	0	False	TAOK3	0	False
206	chr12	121350675	121350675	1	1	0	0.881	0.641	0.925	0	False	ANAPC5	0	False
207	chr12	121442850	121442850	1	1	0	0.893	0.591	0.943	1	False	KDM2B	0	False
208	chr12	122775715	122775715	1	0	1	0.662	0.242	0.857	0	False	CCDC62	0	False
210	chr12	123970224	123970224	1	1	0	0.884	0.251	0.863	0	False	CCDC92	0	False
212	chr12	129109714	129109714	1	1	0	0.849	0.381	0.886	0	False	TMEM132D	0	False
214	chr12	130649438	130649438	1	1	0	0.920	0.555	0.825	0	False	RIMBP2	0	False
218	chr12	131070380	131070380	1	1	0	0.934	0.646	0.938	1	False	ADGRD1	0	False
186	chr12	54079653	54079653	1	1	0	0.745	0.012	0.839	1	False	HOXC4	23623	False
185	chr12	47704927	47704927	1	1	0	0.764	0.426	0.854	0	False	RPAP3	0	False
184	chr12	32141219	32141219	1	1	0	0.935	0.118	0.960	0	False	BICD1	0	False
166	chr11	122229844	122229844	1	1	0	0.465	0.018	0.883	0	False	BLID	113629	False
155	chr11	84212815	84212815	1	1	0	0.917	0.203	0.971	0	False	DLG2	0	False
156	chr11	87722954	87722954	1	1	0	0.642	0.138	0.888	0	False	RAB38	390296	False
157	chr11	90220840	90220840	1	1	0	0.758	0.070	0.929	0	False	CHORDC1	0	False
159	chr11	113243216	113243216	1	1	0	0.368	0.003	0.888	0	False	NCAM1	0	False
160	chr11	114062260	114062260	1	1	0	0.791	0.182	0.876	0	False	ZBTB16	0	False
161	chr11	115959336	115959336	1	1	0	0.625	0.019	0.947	0	False	CADM1	454379	False
162	chr11	116499513	116499513	1	1	0	0.365	0.063	0.807	0	False	BUD13	248656	False
163	chr11	119115745	119115745	1	1	0	0.737	0.032	0.861	0	False	C2CD2L	0	False
164	chr11	121025326	121025326	1	0	1	0.648	0.196	0.843	0	False	TBCEL	0	False
165	chr11	122142084	122142084	1	1	0	0.833	0.277	0.824	0	False	BLID	25869	False
167	chr11	126712115	126712115	1	1	0	0.684	0.158	0.845	0	False	KIRREL3	0	False
183	chr12	28192204	28192204	1	1	0	0.706	0.136	0.870	0	False	CCDC91	0	False
168	chr11	128506458	128506458	1	1	0	0.885	0.069	0.948	0	False	ETS1	0	False
170	chr11	131838178	131838178	1	1	0	0.845	0.171	0.930	0	True	NTM	0	True
171	chr11	131912436	131912436	1	0	1	0.687	0.074	0.815	0	True	NTM	0	True
172	chr11	132126539	132126539	1	1	0	0.169	0.018	0.809	0	True	NTM	0	True
174	chr11	132993440	132993440	1	1	0	0.505	0.082	0.843	0	False	OPCML	0	False
176	chr12	3078623	3078623	1	1	0	0.581	0.194	0.812	0	False	TSPAN9	0	False
177	chr12	3920758	3920758	1	1	0	0.429	0.016	0.815	0	False	PARP11	47310	False
178	chr12	5887532	5887532	1	1	0	0.787	0.067	0.906	0	False	ANO2	0	False
180	chr12	12749637	12749637	1	1	0	0.889	0.139	0.887	0	False	APOLD1	0	False
182	chr12	19775528	19775528	1	1	0	0.944	0.668	0.893	0	False	AEBP2	54727	False
219	chr12	131591944	131591944	1	1	0	0.865	0.483	0.906	0	False	SFSWAP	119136	False
223	chr13	20999078	20999078	1	0	1	0.949	0.747	0.848	1	False	LATS2	0	False
228	chr13	30463451	30463451	1	0	1	0.174	0.006	0.833	0	False	HMGB1	0	False
300	chr15	22951576	22951576	1	1	0	0.920	0.137	0.953	0	False	CYFIP1	0	False
272	chr14	54219590	54219590	1	1	0	0.649	0.063	0.826	0	False	CDKN3	177258	False
274	chr14	55053578	55053578	1	1	0	0.801	0.213	1.000	0	False	MAPK1IP1L	0	False
275	chr14	55427744	55427744	1	1	0	0.841	0.229	0.886	0	False	TBPL2	0	False
280	chr14	64506298	64506298	1	1	0	0.544	0.017	0.837	0	False	ZBTB1	0	False
282	chr14	65229852	65229852	1	1	0	0.121	0.001	0.808	0	False	MAX	127157	False
286	chr14	79631315	79631315	1	1	0	0.893	0.489	0.970	0	False	NRXN3	0	False
292	chr14	93538556	93538556	1	1	0	0.905	0.435	0.941	0	False	UNC79	0	False
293	chr14	96662399	96662399	1	1	0	0.616	0.003	0.904	0	False	PAPOLA	95283	False
295	chr14	101628009	101628009	1	1	0	0.586	0.029	0.905	0	True	DIO3	64557	True
299	chr15	22788170	22788170	1	1	0	0.904	0.335	0.810	0	False	NIPA1	0	False
301	chr15	27088965	27088965	1	0	1	0.906	0.498	0.987	0	False	GABRG3	0	False
269	chr14	49919479	49919479	1	1	0	0.946	0.618	0.938	0	False	ARF6	22425	False
303	chr15	27805190	27805190	1	1	0	0.921	0.633	0.894	1	False	OCA2	0	False
306	chr15	33126817	33126817	1	1	0	0.320	0.023	0.821	0	False	FMN1	0	False
307	chr15	33128848	33128848	1	1	0	0.944	0.699	0.950	0	False	FMN1	0	False
312	chr15	44409481	44409481	1	1	0	0.958	0.806	0.901	0	False	GOLM2	0	False
316	chr15	55407010	55407010	1	1	0	0.858	0.471	0.802	0	False	CCPG1	0	False
318	chr15	59206802	59206802	1	1	0	0.940	0.658	0.922	1	False	MYO1E	0	False
320	chr15	65028399	65028399	1	1	0	0.460	0.052	0.836	0	False	MTFMT	0	False
321	chr15	65101725	65101725	1	1	0	0.677	0.163	0.847	0	False	UBAP1L	0	False
323	chr15	86572558	86572558	1	1	0	0.841	0.199	0.864	0	False	AGBL1	0	False
327	chr15	98853709	98853709	1	0	1	0.272	0.003	0.826	0	False	IGF1R	0	False
271	chr14	52155848	52155848	1	1	0	0.932	0.584	0.933	0	False	NID2	86789	False
266	chr14	45250893	45250893	1	1	0	0.873	0.254	0.817	0	False	MIS18BP1	0	False
229	chr13	32428965	32428965	1	1	0	0.386	0.065	0.871	0	False	N4BP2L1	654	False
244	chr13	102772287	102772287	1	1	0	0.933	0.520	0.887	0	False	TEX30	0	False
231	chr13	36343901	36343901	1	1	0	0.833	0.232	0.812	0	False	SPART	0	False
233	chr13	48492538	48492538	1	1	0	0.301	0.002	0.843	0	True	RB1	0	True
234	chr13	60267520	60267520	1	1	0	0.505	0.251	0.931	0	False	DIAPH3	103592	False
235	chr13	70108948	70108948	1	1	0	0.681	0.178	0.886	0	False	KLHL1	455	False
236	chr13	70424608	70424608	1	0	1	0.725	0.074	1.000	0	False	KLHL1	316115	False
237	chr13	81726564	81726564	1	1	0	0.844	0.034	0.887	0	False	SPRY2	1385438	False
239	chr13	93244372	93244372	1	0	1	0.410	0.014	0.814	0	False	GPC6	0	False
240	chr13	94468465	94468465	1	0	1	0.870	0.492	0.963	0	False	DCT	0	False
242	chr13	97799049	97799049	1	1	0	0.765	0.044	0.897	0	False	IPO5	154608	False
243	chr13	98177372	98177372	1	1	0	0.941	0.718	0.928	0	False	FARP1	0	False
245	chr13	106916679	106916679	1	1	0	0.699	0.101	0.886	0	False	NALF1	246830	False
265	chr14	43541264	43541264	1	1	0	0.905	0.564	0.860	0	False	FSCB	962884	False
246	chr13	109788963	109788963	1	1	0	0.651	0.044	0.989	0	False	IRS2	2380	False
247	chr13	111113870	111113870	1	1	0	0.541	0.213	0.830	0	False	ARHGEF7	688	False
254	chr13	114048610	114048610	1	1	0	0.870	0.231	0.907	1	False	RASA3	0	False
256	chr14	23300292	23300292	1	1	0	0.401	0.004	0.811	0	False	PPP1R3E	0	False
257	chr14	25407006	25407006	1	1	0	0.487	0.169	0.934	0	False	STXBP6	356859	False
259	chr14	31456120	31456120	1	1	0	0.860	0.432	0.925	0	False	ENSG00000203546	0	False
260	chr14	31944479	31944479	1	1	0	0.792	0.042	0.815	0	False	NUBPL	83255	False
261	chr14	34628453	34628453	1	1	0	0.914	0.743	0.944	0	False	SNX6	0	False
263	chr14	37874971	37874971	1	1	0	0.275	0.018	0.900	0	False	TTC6	0	False
264	chr14	38286997	38286997	1	0	1	0.920	0.525	0.964	0	False	CLEC14A	30904	False
153	chr11	70568968	70568968	1	1	0	0.577	0.310	0.801	0	False	SHANK2	0	False
150	chr11	66348986	66348986	1	1	0	0.824	0.050	0.880	0	False	B4GAT1	1357	False
149	chr11	65184563	65184563	1	1	0	0.802	0.109	0.878	1	False	CAPN1	0	False
56	chr1	216310910	216310910	1	0	1	0.531	0.207	0.835	0	False	USH2A	0	False
40	chr1	151687674	151687674	1	1	0	0.943	0.254	0.953	0	False	SNX27	0	False
41	chr1	162366976	162366976	1	1	0	0.851	0.477	0.939	0	False	NOS1AP	0	False
44	chr1	184225922	184225922	1	1	0	0.927	0.511	0.860	0	False	TSEN15	101944	False
46	chr1	197222337	197222337	1	0	1	0.868	0.451	0.965	0	False	ZBTB41	21044	False
47	chr1	201000637	201000637	1	1	0	0.947	0.655	0.962	1	False	KIF21B	0	False
48	chr1	207818691	207818691	1	1	0	0.812	0.259	0.829	0	False	CD46	23178	False
50	chr1	208450672	208450672	1	1	0	0.799	0.112	0.878	0	False	PLXNA2	206288	False
51	chr1	209220023	209220023	1	1	0	0.599	0.040	0.882	0	False	CAMK1G	363690	False
53	chr1	213729147	213729147	1	0	1	0.746	0.102	0.914	0	False	PROX1	254033	False
54	chr1	214282732	214282732	1	1	0	0.826	0.195	0.876	0	False	SMYD2	0	False
57	chr1	220769348	220769348	1	1	0	0.939	0.585	0.980	0	False	MTARC2	0	False
38	chr1	116944647	116944647	1	1	0	0.931	0.612	0.914	1	False	PTGFRN	0	False
58	chr1	221714670	221714670	1	1	0	0.887	0.301	0.976	0	False	DUSP10	0	False
59	chr1	224185233	224185233	1	1	0	0.886	0.055	0.849	0	False	DEGS1	0	False
60	chr1	229147408	229147408	1	0	1	0.736	0.096	0.955	0	False	RAB4A	123653	False
61	chr1	234476420	234476420	1	1	0	0.869	0.306	0.839	0	False	TARBP1	0	False
63	chr1	245344713	245344713	1	0	1	0.868	0.177	0.876	0	False	KIF26B	0	False
64	chr1	245465953	245465953	1	1	0	0.830	0.054	0.932	0	False	KIF26B	0	False
65	chr1	245688986	245688986	1	1	0	0.794	0.460	0.836	1	False	KIF26B	0	False
66	chr1	246003315	246003315	1	0	1	0.702	0.476	0.976	0	False	SMYD3	0	False
67	chr1	246146599	246146599	1	1	0	0.955	0.114	0.959	0	False	SMYD3	0	False
74	chr10	3484672	3484672	1	0	1	0.789	0.127	0.827	0	False	KLF6	291323	False
39	chr1	117172330	117172330	1	1	0	0.663	0.010	0.890	0	False	VTCN1	0	False
37	chr1	113906304	113906304	1	1	0	0.784	0.387	0.827	0	False	DCLRE1B	0	False
77	chr10	6921217	6921217	1	1	0	0.807	0.267	0.868	0	False	SFMBT2	237406	False
17	chr1	35270708	35270708	1	1	0	0.953	0.819	0.971	0	False	ZMYM4	0	False
3	chr1	6127515	6127515	1	1	0	0.381	0.113	0.822	0	False	CHD5	0	False
4	chr1	6788085	6788085	1	0	1	0.909	0.638	0.903	0	False	CAMTA1	0	False
6	chr1	8024507	8024507	1	0	1	0.647	0.010	1.000	0	False	ERRFI1	0	False
8	chr1	12096253	12096253	1	1	0	0.931	0.550	0.952	0	False	TNFRSF8	0	False
9	chr1	13751696	13751696	1	1	0	0.857	0.146	0.863	0	False	PRDM2	0	False
10	chr1	15944860	15944860	1	1	0	0.932	0.657	0.950	1	False	ZBTB17	0	False
11	chr1	18877389	18877389	1	1	0	0.899	0.395	0.918	1	False	ALDH4A1	0	False
13	chr1	27832594	27832594	1	1	0	0.731	0.238	1.000	0	False	PPP1R8	0	False
15	chr1	29324702	29324702	1	1	0	0.753	0.243	0.940	0	False	PTPRU	0	False
16	chr1	29649535	29649535	1	1	0	0.784	0.180	0.912	0	False	PTPRU	322722	False
19	chr1	44672889	44672889	1	1	0	0.782	0.107	0.861	0	True	TMEM53	0	False
36	chr1	102970737	102970737	1	1	0	0.628	0.308	0.814	0	False	COL11A1	0	False
20	chr1	59972330	59972330	1	1	0	0.839	0.073	0.957	0	False	C1orf87	14938	False
21	chr1	59976941	59976941	1	1	0	0.407	0.118	0.889	0	False	C1orf87	10327	False
22	chr1	67428119	67428119	1	1	0	0.045	0.000	1.000	0	False	SERBP1	0	False
23	chr1	68163333	68163333	1	1	0	0.860	0.622	0.916	1	False	WLS	0	False
24	chr1	69919512	69919512	1	1	0	0.940	0.708	0.944	1	False	LRRC7	0	False
26	chr1	75796894	75796894	1	1	0	0.834	0.371	0.899	1	False	MSH4	0	False
29	chr1	86089914	86089914	1	1	0	0.887	0.592	0.980	0	False	COL24A1	0	False
31	chr1	89709269	89709269	1	1	0	0.808	0.100	0.931	0	False	LRRC8C	0	False
32	chr1	89823138	89823138	1	1	0	0.792	0.142	0.938	0	False	ENSG00000271949	0	False
33	chr1	90841746	90841746	1	1	0	0.488	0.159	0.849	0	False	ZNF644	73551	False
76	chr10	6712121	6712121	1	1	0	0.588	0.053	0.837	0	False	PRKCQ	131820	False
78	chr10	7485289	7485289	1	0	1	0.242	0.003	0.830	0	False	SFMBT2	73801	False
148	chr11	64827434	64827434	1	0	1	0.917	0.441	0.954	1	False	CDC42BPG	0	False
134	chr11	9462395	9462395	1	0	1	0.651	0.216	0.879	0	False	ZNF143	0	False
116	chr10	121303890	121303890	1	1	0	0.784	0.093	0.934	0	False	FGFR2	174441	False
117	chr10	122643427	122643427	1	1	0	0.875	0.478	0.938	1	False	DMBT1	0	False
118	chr10	123901894	123901894	1	1	0	0.891	0.451	1.000	0	False	CPXM2	0	False
119	chr10	124568567	124568567	1	0	1	0.904	0.630	0.937	0	False	LHPP	0	False
121	chr10	129777891	129777891	1	1	0	0.913	0.565	0.940	0	False	MGMT	6908	False
122	chr10	132249069	132249069	1	1	0	0.592	0.140	0.819	0	False	STK32C	0	False
123	chr10	132714586	132714586	1	1	0	0.853	0.108	0.908	1	False	INPP5A	0	False
128	chr11	2791224	2791224	1	1	0	0.470	0.059	0.831	1	True	KCNQ1	0	True
130	chr11	4722994	4722994	1	1	0	0.895	0.520	0.876	0	False	MMP26	0	False
132	chr11	7694760	7694760	1	1	0	0.268	0.065	0.856	0	False	OVCH2	0	False
135	chr11	10540121	10540121	1	1	0	0.239	0.021	0.905	0	False	RNF141	0	False
114	chr10	120077956	120077956	1	0	1	0.577	0.145	0.883	0	False	SEC23IP	133299	False
136	chr11	11156177	11156177	1	0	1	0.647	0.236	0.821	0	False	GALNT18	114699	False
137	chr11	12599673	12599673	1	1	0	0.649	0.105	0.909	0	False	PARVA	64317	False
138	chr11	17354629	17354629	1	0	1	0.383	0.154	0.857	0	False	NCR3LG1	0	False
139	chr11	17884419	17884419	1	1	0	0.951	0.691	0.967	1	False	SERGEF	0	False
142	chr11	33159705	33159705	1	1	0	0.861	0.590	0.821	0	False	CSTF3	0	False
143	chr11	34918202	34918202	1	1	0	0.728	0.237	0.975	0	False	PDHX	0	False
144	chr11	35824090	35824090	1	1	0	0.878	0.376	0.940	0	False	TRIM44	6083	False
145	chr11	47641043	47641043	1	1	0	0.908	0.247	0.958	0	False	MTCH2	0	False
146	chr11	63574585	63574585	1	0	1	0.371	0.113	0.865	0	False	PLAAT3	0	False
147	chr11	63606650	63606650	1	1	0	0.933	0.675	0.924	0	False	PLAAT3	0	False
115	chr10	121043398	121043398	1	1	0	0.739	0.075	0.955	0	False	WDR11	133874	False
113	chr10	119379013	119379013	1	1	0	0.930	0.141	0.956	0	False	GRK5	0	False
79	chr10	8009347	8009347	1	1	0	0.950	0.732	0.922	1	False	TAF3	0	False
91	chr10	43342603	43342603	1	1	0	0.911	0.540	0.867	1	False	FXYD4	29032	False
80	chr10	10462803	10462803	1	1	0	0.616	0.013	0.838	0	False	CELF2	335593	False
82	chr10	14602194	14602194	1	0	1	0.221	0.003	0.841	0	False	FAM107B	0	False
83	chr10	16751501	16751501	1	1	0	0.959	0.767	0.949	0	False	RSU1	0	False
84	chr10	19488978	19488978	1	1	0	0.403	0.048	0.917	0	False	MALRD1	0	False
85	chr10	21368526	21368526	1	1	0	0.905	0.123	0.918	0	False	NEBL	75515	False
86	chr10	22927336	22927336	1	1	0	0.615	0.143	0.864	0	False	ARMC3	687	False
87	chr10	25466244	25466244	1	0	1	0.855	0.415	1.000	0	False	GPR158	0	False
88	chr10	28382186	28382186	1	1	0	0.521	0.138	0.923	0	False	MPP7	47700	False
89	chr10	29562482	29562482	1	0	1	0.941	0.662	0.923	0	False	SVIL	0	False
90	chr10	43237697	43237697	1	1	0	0.817	0.291	0.880	0	False	RASGEF1A	0	False
92	chr10	43607488	43607488	1	1	0	0.578	0.117	0.832	0	False	ZNF485	0	False
112	chr10	119105404	119105404	1	1	0	0.690	0.366	0.839	0	False	DENND10	0	False
94	chr10	46021681	46021681	1	1	0	0.892	0.212	1.000	0	False	NCOA4	0	False
96	chr10	60300754	60300754	1	1	0	0.848	0.129	0.956	0	False	ANK3	0	False
97	chr10	69126402	69126402	1	1	0	0.951	0.730	0.972	0	False	VPS26A	0	False
100	chr10	76034935	76034935	1	0	1	0.791	0.056	0.852	0	False	LRMDA	0	False
101	chr10	76315540	76315540	1	0	1	0.896	0.608	0.939	0	False	LRMDA	0	False
102	chr10	88256325	88256325	1	1	0	0.935	0.039	0.847	0	False	RNLS	17538	False
103	chr10	91222142	91222142	1	1	0	0.722	0.019	0.819	0	False	PCGF5	0	False
107	chr10	107545981	107545981	1	1	0	0.909	0.103	0.966	0	False	SORCS1	381275	False
108	chr10	110685392	110685392	1	1	0	0.861	0.066	0.945	0	False	RBM20	0	False
111	chr10	116848278	116848278	1	1	0	0.412	0.027	0.958	0	False	HSPA12A	0	False
330	chr16	3949202	3949202	1	1	0	0.796	0.063	0.823	0	False	ADCY9	4184	False
336	chr16	27267468	27267468	1	1	0	0.901	0.570	0.847	0	False	NSMCE1	0	False
692	chr3	121919118	121919118	1	1	0	0.874	0.046	0.923	0	False	SLC15A2	0	False
337	chr16	30122057	30122057	1	1	0	0.675	0.018	0.901	0	False	MAPK3	0	False
560	chr2	101149483	101149483	1	1	0	0.810	0.059	0.928	0	False	TBC1D8	0	False
561	chr2	105851556	105851556	1	0	1	0.954	0.675	0.920	0	False	NCK2	0	False
566	chr2	120014655	120014655	1	1	0	0.799	0.162	0.821	0	False	EPB41L5	0	False
567	chr2	124001902	124001902	1	1	0	0.747	0.045	0.813	0	False	CNTNAP5	23384	False
569	chr2	132645803	132645803	1	0	1	0.855	0.347	0.949	0	False	GPR39	0	False
570	chr2	134192142	134192142	1	1	0	0.964	0.747	0.938	1	False	MGAT5	0	False
571	chr2	135529563	135529563	1	1	0	0.846	0.584	0.817	0	False	ZRANB3	0	False
573	chr2	144330509	144330509	1	1	0	0.928	0.300	0.812	0	False	GTDC1	0	False
575	chr2	153455696	153455696	1	1	0	0.808	0.401	0.881	0	False	RPRM	21641	False
577	chr2	157874440	157874440	1	1	0	0.652	0.049	1.000	0	False	ACVR1	0	False
582	chr2	169829719	169829719	1	1	0	0.918	0.637	0.953	0	False	UBR3	0	False
584	chr2	180191864	180191864	1	1	0	0.560	0.014	0.831	0	False	CWC22	184567	False
587	chr2	191836727	191836727	1	1	0	0.890	0.139	0.912	0	False	CAVIN2	0	False
588	chr2	192409048	192409048	1	0	1	0.775	0.344	0.967	0	False	TMEFF2	214115	False
589	chr2	197198952	197198952	1	1	0	0.723	0.010	0.868	0	False	ANKRD44	0	False
590	chr2	201644273	201644273	1	1	0	0.579	0.004	0.814	0	False	MPP4	596	False
592	chr2	209145300	209145300	1	1	0	0.896	0.552	0.855	0	False	MAP2	278746	False
594	chr2	220446234	220446234	1	1	0	0.811	0.389	0.863	0	False	SLC4A3	804254	False
595	chr2	224983546	224983546	1	1	0	0.367	0.005	0.834	0	False	DOCK10	0	False
596	chr2	227474621	227474621	1	1	0	0.472	0.080	1.000	0	False	AGFG1	0	False
598	chr2	238404624	238404624	1	0	1	0.896	0.106	0.918	0	False	TRAF3IP1	3727	False
600	chr2	241726053	241726053	1	1	0	0.921	0.622	0.943	0	False	ING5	0	False
604	chr20	10706494	10706494	1	1	0	0.923	0.336	0.937	0	False	JAG1	32495	False
559	chr2	96538875	96538875	1	1	0	0.274	0.003	0.935	0	False	ARID5A	0	False
558	chr2	85353326	85353326	1	1	0	0.786	0.170	0.838	0	False	RETSAT	0	False
555	chr2	74959641	74959641	1	1	0	0.948	0.634	0.821	0	False	POLE4	0	False
536	chr2	33540258	33540258	1	0	1	0.842	0.461	0.876	0	False	RASGRP3	0	False
521	chr2	4136043	4136043	1	1	0	0.790	0.347	0.950	0	False	DCDC2C	288035	False
522	chr2	7097037	7097037	1	1	0	0.461	0.242	0.852	0	False	RNF144A	28751	False
527	chr2	18962242	18962242	1	1	0	0.923	0.473	0.916	0	False	NT5C1B	372670	False
529	chr2	19903474	19903474	1	0	1	0.881	0.436	0.879	0	False	TTC32	1491	False
530	chr2	22814965	22814965	1	1	0	0.857	0.422	0.823	0	False	KLHL29	570213	False
531	chr2	25671665	25671665	1	1	0	0.870	0.166	0.920	0	False	DTNB	0	False
532	chr2	26243030	26243030	1	1	0	0.347	0.022	0.858	0	False	HADHA	0	False
533	chr2	29818510	29818510	1	1	0	0.859	0.056	1.000	0	False	ALK	0	False
534	chr2	32629055	32629055	1	1	0	0.869	0.632	0.811	0	False	TTC27	0	False
535	chr2	32949040	32949040	1	1	0	0.941	0.551	0.977	0	False	LTBP1	0	False
538	chr2	35410387	35410387	1	0	1	0.575	0.080	0.900	0	False	CRIM1	945390	False
554	chr2	72815924	72815924	1	0	1	0.934	0.443	1.000	0	False	EXOC6B	0	False
541	chr2	45131673	45131673	1	1	0	0.809	0.177	0.945	0	False	SIX2	122221	False
543	chr2	48313345	48313345	1	1	0	0.645	0.202	0.950	0	False	FOXN2	1291	False
545	chr2	61693978	61693978	1	1	0	0.602	0.245	0.828	0	False	FAM161A	130869	False
546	chr2	62086383	62086383	1	1	0	0.958	0.798	0.982	0	False	COMMD1	0	False
547	chr2	64860587	64860587	1	0	1	0.517	0.014	0.869	0	False	SERTAD2	109582	False
548	chr2	65429907	65429907	1	1	0	0.492	0.054	0.856	0	False	SPRED2	0	False
550	chr2	65790753	65790753	1	1	0	0.836	0.330	0.949	0	False	SPRED2	358116	False
551	chr2	66444118	66444118	1	1	0	0.496	0.001	0.881	0	False	MEIS1	0	False
552	chr2	66555995	66555995	1	1	0	0.108	0.002	1.000	0	False	MEIS1	0	False
553	chr2	70706194	70706194	1	1	0	0.915	0.615	0.939	1	False	ADD2	0	False
605	chr20	13299534	13299534	1	1	0	0.923	0.614	0.950	0	False	ISM1	0	False
606	chr20	33710097	33710097	1	1	0	0.788	0.064	0.933	0	False	PXMP4	0	False
607	chr20	37520503	37520503	1	0	1	0.890	0.304	0.874	1	True	BLCAP	0	True
674	chr3	29280812	29280812	1	1	0	0.050	0.000	0.841	0	False	ENSG00000283563	0	False
651	chr22	25566327	25566327	1	1	0	0.625	0.010	1.000	0	False	GRK3	0	False
652	chr22	30554943	30554943	1	1	0	0.941	0.727	0.802	1	False	GAL3ST1	0	False
653	chr22	30905773	30905773	1	1	0	0.942	0.684	0.925	1	False	OSBP2	0	False
654	chr22	35024239	35024239	1	1	0	0.247	0.078	0.810	0	False	ISX	41896	False
663	chr3	10234436	10234436	1	1	0	0.945	0.713	0.935	1	False	IRAK2	0	False
666	chr3	19749626	19749626	1	1	0	0.896	0.502	0.941	0	False	EFHB	129845	False
667	chr3	21825856	21825856	1	1	0	0.793	0.368	0.845	0	False	ZNF385D	0	False
669	chr3	23052789	23052789	1	1	0	0.881	0.452	0.946	0	False	UBE2E2	150230	False
670	chr3	23947855	23947855	1	1	0	0.791	0.044	0.917	0	False	NR1D2	0	False
671	chr3	25441484	25441484	1	1	0	0.916	0.539	0.952	0	False	RARB	0	False
676	chr3	40781225	40781225	1	1	0	0.411	0.034	0.944	0	False	ZNF621	206540	False
649	chr22	23186191	23186191	1	1	0	0.890	0.152	0.888	0	False	BCR	0	False
678	chr3	42980479	42980479	1	1	0	0.775	0.074	0.870	0	False	ENSG00000273291	0	False
680	chr3	56447331	56447331	1	1	0	0.516	0.224	0.885	0	False	ERC2	0	False
681	chr3	60277717	60277717	1	0	1	0.916	0.342	0.989	0	False	FHIT	0	False
683	chr3	63096749	63096749	1	1	0	0.901	0.540	0.824	0	False	SYNPR	131565	False
685	chr3	64916621	64916621	1	1	0	0.856	0.059	0.927	0	False	ADAMTS9	228621	False
686	chr3	69078724	69078724	1	1	0	0.685	0.107	0.883	0	False	UBA3	0	False
688	chr3	79017238	79017238	1	1	0	0.159	0.000	0.923	0	False	ROBO1	0	False
689	chr3	98899408	98899408	1	0	1	0.886	0.354	0.842	0	False	DCBLD2	0	False
690	chr3	115783560	115783560	1	1	0	0.417	0.236	0.807	0	False	LSAMP	18802	False
691	chr3	121840267	121840267	1	0	1	0.957	0.800	0.830	0	False	EAF2	0	False
650	chr22	25112772	25112772	1	1	0	0.342	0.002	0.929	0	False	KIAA1671	0	False
648	chr22	17529179	17529179	1	1	0	0.701	0.099	0.914	0	False	CECR2	0	False
609	chr20	44089989	44089989	1	0	1	0.590	0.242	0.918	0	False	JPH2	16600	False
627	chr20	63828824	63828824	1	1	0	0.812	0.070	0.825	0	False	ZBTB46	0	False
611	chr20	48385071	48385071	1	1	0	0.768	0.343	0.846	1	False	PREX1	239180	False
613	chr20	51267839	51267839	1	0	1	0.909	0.555	0.913	0	False	NFATC2	119117	False
615	chr20	52084753	52084753	1	1	0	0.937	0.711	0.886	1	False	ZFP64	0	False
617	chr20	53037308	53037308	1	0	1	0.682	0.134	0.869	0	False	TSHZ2	0	False
618	chr20	53412943	53412943	1	1	0	0.588	0.102	0.866	0	False	TSHZ2	0	False
622	chr20	58755374	58755374	1	1	0	0.855	0.284	0.949	0	True	NPEPL1	36136	False
623	chr20	60049731	60049731	1	1	0	0.898	0.413	0.935	0	False	CDH26	15720	False
624	chr20	61773362	61773362	1	1	0	0.777	0.350	0.866	1	False	CDH4	0	False
625	chr20	62936415	62936415	1	1	0	0.769	0.413	0.809	0	False	DIDO1	0	False
626	chr20	63751209	63751209	1	1	0	0.657	0.093	0.815	0	False	ZBTB46	0	False
628	chr20	63861508	63861508	1	1	0	0.947	0.767	0.884	1	False	ABHD16B	0	False
643	chr21	44334169	44334169	1	1	0	0.823	0.090	0.959	1	False	CFAP410	0	False
631	chr21	29071540	29071540	1	0	1	0.784	0.369	0.919	0	False	CCT8	0	False
632	chr21	29100226	29100226	1	1	0	0.870	0.127	0.846	0	False	MAP3K7CL	0	False
633	chr21	31875794	31875794	1	1	0	0.725	0.023	0.952	0	False	HUNK	0	False
635	chr21	32955972	32955972	1	1	0	0.557	0.040	0.865	0	False	OLIG2	69962	False
637	chr21	39386476	39386476	1	0	1	0.594	0.241	0.853	0	False	GET1	0	False
638	chr21	39519935	39519935	1	1	0	0.912	0.449	0.917	0	False	GET1-SH3BGR	4429	False
639	chr21	39984483	39984483	1	1	0	0.780	0.018	0.948	0	True	DSCAM	26515	True
640	chr21	40013531	40013531	1	1	0	0.897	0.460	0.918	0	True	DSCAM	0	True
641	chr21	40144046	40144046	1	0	1	0.624	0.292	0.912	0	True	DSCAM	0	True
642	chr21	41247241	41247241	1	1	0	0.885	0.315	0.848	0	False	BACE2	0	False
520	chr2	3785800	3785800	1	1	0	0.744	0.166	0.901	0	False	DCDC2C	0	False
519	chr2	3348832	3348832	1	0	1	0.859	0.091	0.914	0	False	EIPR1	0	False
518	chr2	3059792	3059792	1	1	0	0.799	0.155	0.858	1	False	EIPR1	129132	False
400	chr18	12325042	12325042	1	1	0	0.960	0.788	0.943	1	False	TUBB6	0	False
383	chr17	46189893	46189893	1	1	0	0.713	0.289	0.852	0	False	KANSL1	0	False
386	chr17	61591194	61591194	1	1	0	0.924	0.579	0.977	0	False	NACA2	0	False
388	chr17	67224091	67224091	1	0	1	0.936	0.651	0.919	0	False	HELZ	0	False
389	chr17	67385786	67385786	1	1	0	0.942	0.490	0.932	0	False	PITPNC1	0	False
391	chr17	71440820	71440820	1	1	0	0.853	0.044	0.894	0	False	SOX9	680199	False
392	chr17	71975065	71975065	1	1	0	0.561	0.032	0.836	0	False	SOX9	145954	False
394	chr17	77100116	77100116	1	1	0	0.912	0.069	0.925	0	False	SEC14L1	0	False
395	chr17	78839303	78839303	1	0	1	0.469	0.016	0.850	0	False	USP36	0	False
397	chr17	81667939	81667939	1	1	0	0.846	0.017	0.810	0	False	CCDC137	0	False
399	chr18	4107400	4107400	1	1	0	0.716	0.098	0.950	0	False	DLGAP1	0	False
401	chr18	12421478	12421478	1	1	0	0.744	0.160	0.843	0	False	PRELID3A	0	False
378	chr17	32319482	32319482	1	1	0	0.636	0.041	0.865	0	False	RHBDL3	0	False
404	chr18	27922036	27922036	1	1	0	0.663	0.024	0.971	0	False	CDH2	10842	False
405	chr18	36761587	36761587	1	1	0	0.929	0.667	0.873	0	False	FHOD3	0	False
407	chr18	42596579	42596579	1	1	0	0.794	0.448	0.913	0	False	RIT2	146647	False
408	chr18	45370664	45370664	1	1	0	0.735	0.085	0.842	0	False	SLC14A2	0	False
410	chr18	48662613	48662613	1	1	0	0.755	0.205	0.852	0	False	CTIF	0	False
412	chr18	53568279	53568279	1	1	0	0.606	0.096	1.000	0	False	DCC	32376	False
413	chr18	54829234	54829234	1	0	1	0.044	0.000	0.806	0	False	RAB27B	0	False
415	chr18	58047026	58047026	1	1	0	0.669	0.018	1.000	0	False	NEDD4L	0	False
417	chr18	60663848	60663848	1	1	0	0.914	0.538	0.918	0	False	MC4R	291073	False
418	chr18	61606554	61606554	1	1	0	0.421	0.004	0.887	0	False	CDH20	50775	False
382	chr17	45050339	45050339	1	1	0	0.547	0.256	0.826	0	False	NMT1	0	False
377	chr17	29785656	29785656	1	1	0	0.874	0.257	0.897	0	False	SSH2	0	False
421	chr18	69612422	69612422	1	1	0	0.873	0.515	1.000	0	False	DOK6	0	False
354	chr16	79417857	79417857	1	1	0	0.716	0.098	0.853	0	False	MAF	167985	False
338	chr16	48365168	48365168	1	1	0	0.462	0.075	0.878	0	False	SIAH1	0	False
339	chr16	53132677	53132677	1	0	1	0.834	0.467	0.905	0	False	CHD9	0	False
340	chr16	57116024	57116024	1	1	0	0.688	0.022	0.853	0	False	CPNE2	0	False
341	chr16	57996388	57996388	1	1	0	0.945	0.314	0.947	1	False	ZNF319	0	False
343	chr16	59259232	59259232	1	1	0	0.851	0.293	0.947	0	False	GOT2	524890	False
344	chr16	59755024	59755024	1	0	1	0.898	0.498	0.885	1	False	GOT2	1020682	False
347	chr16	69568040	69568040	1	0	1	0.773	0.098	0.917	0	False	NFAT5	0	False
348	chr16	69727407	69727407	1	0	1	0.710	0.269	0.879	0	False	NQO1	739	False
349	chr16	71427398	71427398	1	1	0	0.727	0.182	0.918	0	False	TLE7	2581	False
352	chr16	74748792	74748792	1	1	0	0.874	0.068	0.921	0	False	FA2H	0	False
356	chr16	79543322	79543322	1	1	0	0.885	0.353	0.843	0	False	MAF	42520	False
376	chr17	29080775	29080775	1	1	0	0.941	0.618	0.809	1	False	MYO18A	0	False
357	chr16	81008595	81008595	1	1	0	0.667	0.332	0.938	0	False	CMC2	0	False
359	chr16	84586161	84586161	1	1	0	0.852	0.093	0.904	0	False	COTL1	0	False
363	chr16	86151609	86151609	1	1	0	0.822	0.203	0.892	0	False	IRF8	229003	False
364	chr16	86605104	86605104	1	1	0	0.634	0.057	0.827	0	False	FOXL1	21626	False
366	chr16	89268265	89268265	1	1	0	0.937	0.566	0.902	1	False	ANKRD11	0	False
367	chr17	379969	379969	1	0	1	0.853	0.083	0.933	0	False	RPH3AL	0	False
369	chr17	1107877	1107877	1	1	0	0.462	0.013	0.868	0	False	ABR	0	False
370	chr17	1472060	1472060	1	1	0	0.901	0.577	0.832	1	False	MYO1C	0	False
373	chr17	10629057	10629057	1	1	0	0.905	0.631	0.899	0	False	MYH3	0	False
375	chr17	28317282	28317282	1	1	0	0.919	0.360	0.863	0	False	TMEM97	1917	False
419	chr18	62527606	62527606	1	0	1	0.615	0.027	1.000	0	False	ZCCHC2	0	False
423	chr18	76820764	76820764	1	1	0	0.869	0.166	0.900	0	False	ZNF236	1792	False
516	chr2	1421822	1421822	1	1	0	0.838	0.127	0.956	0	False	TPO	0	False
495	chr19	45145010	45145010	1	1	0	0.951	0.436	0.952	1	False	MARK4	0	False
474	chr19	19119799	19119799	1	0	1	0.919	0.446	0.878	0	False	TMEM161A	0	False
479	chr19	34256327	34256327	1	1	0	0.880	0.371	0.909	0	False	GARRE1	0	False
482	chr19	36665577	36665577	1	1	0	0.898	0.683	0.881	0	False	ZNF461	0	False
483	chr19	38025354	38025354	1	0	1	0.806	0.116	0.952	0	False	SIPA1L3	0	False
484	chr19	38083104	38083104	1	1	0	0.959	0.737	0.977	1	False	SIPA1L3	0	False
485	chr19	38183341	38183341	1	1	0	0.814	0.058	0.907	0	False	SIPA1L3	0	False
486	chr19	38304598	38304598	1	1	0	0.578	0.000	0.810	0	False	ENSG00000267748	0	False
487	chr19	38507050	38507050	1	1	0	0.479	0.164	0.801	0	False	RYR1	0	False
488	chr19	38528456	38528456	1	1	0	0.693	0.256	0.818	0	False	RYR1	0	False
490	chr19	39343784	39343784	1	1	0	0.500	0.124	0.850	0	False	SAMD4B	0	False
496	chr19	45300909	45300909	1	1	0	0.869	0.468	0.947	0	False	MARK4	0	False
471	chr19	17762650	17762650	1	0	1	0.647	0.215	0.844	0	False	FCHO1	0	False
498	chr19	45999874	45999874	1	1	0	0.426	0.047	0.890	0	False	CCDC61	0	False
499	chr19	46674485	46674485	1	1	0	0.889	0.562	0.945	0	False	PRKD2	0	False
501	chr19	48492528	48492528	1	1	0	0.639	0.404	0.903	0	False	LMTK3	0	False
504	chr19	50519533	50519533	1	1	0	0.934	0.693	0.890	1	False	LRRC4B	0	False
506	chr19	52493666	52493666	1	1	0	0.444	0.159	0.803	0	False	ZNF578	0	False
508	chr19	55261933	55261933	1	1	0	0.926	0.577	0.872	0	False	HSPBP1	289	False
510	chr19	56147436	56147436	1	1	0	0.936	0.112	0.856	0	False	ZNF444	0	False
511	chr19	57709851	57709851	1	1	0	0.568	0.141	0.866	0	False	ZNF551	0	False
513	chr19	58097224	58097224	1	1	0	0.705	0.331	0.815	0	False	ZSCAN18	0	False
514	chr19	58513463	58513463	1	1	0	0.515	0.120	0.809	0	False	ZBTB45	66	False
473	chr19	18194943	18194943	1	1	0	0.461	0.126	0.845	0	False	MPV17L2	0	False
469	chr19	17497468	17497468	1	0	1	0.810	0.119	0.908	1	False	SLC27A1	0	False
424	chr18	77057589	77057589	1	1	0	0.828	0.384	0.863	0	False	MBP	0	False
451	chr19	6730407	6730407	1	1	0	0.708	0.008	0.875	0	False	C3	0	False
425	chr18	77088036	77088036	1	1	0	0.567	0.088	0.830	1	False	MBP	0	False
430	chr19	1062643	1062643	1	1	0	0.895	0.604	0.878	0	False	ABCA7	0	False
431	chr19	1108083	1108083	1	1	0	0.897	0.428	0.952	1	False	SBNO2	0	False
436	chr19	2076764	2076764	1	0	1	0.952	0.630	0.913	1	False	MOB3A	0	False
438	chr19	3006352	3006352	1	1	0	0.861	0.455	0.856	1	False	TLE2	0	False
443	chr19	3576024	3576024	1	1	0	0.890	0.481	0.869	0	False	HMG20B	0	False
445	chr19	3855519	3855519	1	1	0	0.864	0.180	0.954	0	False	ZFR2	0	False
448	chr19	4483201	4483201	1	0	1	0.920	0.628	0.900	1	False	HDGFL2	0	False
449	chr19	4652445	4652445	1	0	1	0.942	0.657	0.946	1	False	TNFAIP8L1	0	False
450	chr19	5594192	5594192	1	1	0	0.944	0.652	0.836	0	False	SAFB2	0	False
454	chr19	7606223	7606223	1	1	0	0.879	0.497	0.943	0	False	CAMSAP3	0	False
468	chr19	17487011	17487011	1	1	0	0.928	0.691	0.920	1	False	SLC27A1	0	False
455	chr19	8989022	8989022	1	1	0	0.870	0.443	0.951	0	False	MUC16	7680	False
456	chr19	10396316	10396316	1	1	0	0.862	0.478	0.953	1	False	CDC37	0	False
458	chr19	12260511	12260511	1	1	0	0.949	0.668	0.959	1	False	ZNF44	0	False
460	chr19	13025645	13025645	1	1	0	0.320	0.000	0.890	0	False	NFIX	0	False
462	chr19	14565422	14565422	1	1	0	0.875	0.344	0.937	1	False	TECR	0	False
463	chr19	16525055	16525055	1	1	0	0.944	0.721	0.933	0	False	ENSG00000141979	0	False
464	chr19	17329737	17329737	1	1	0	0.598	0.041	0.837	0	False	ANO8	0	False
465	chr19	17332643	17332643	1	1	0	0.939	0.787	0.913	0	False	ANO8	0	False
466	chr19	17340798	17340798	1	1	0	0.758	0.115	0.924	0	False	GTPBP3	0	False
467	chr19	17425293	17425293	1	1	0	0.546	0.288	0.862	0	False	MVB12A	0	False
556	chr2	75709634	75709634	1	1	0	0.299	0.011	0.875	0	False	GCFC2	0	False
