germ	imprinted_locus	egroup	soma_med	n	P	D	PD
high|high	False	background	0.2-0.5	1248	974	274	3.555
high|high	False	background	0.5-0.8	49416	38492	10924	3.524
high|high	False	background	0.8-1	319273	252528	66745	3.783
high|high	False	background	nan	47	0	47	0
high|high	False	coding	0.2-0.5	94	84	10	8.4
high|high	False	coding	0.5-0.8	2690	2389	301	7.937
high|high	False	coding	0.8-1	37260	33370	3890	8.578
high|high	False	elements	0-0.2	112	100	12	8.333
high|high	False	elements	0.2-0.5	2196	1848	348	5.31
high|high	False	elements	0.5-0.8	22493	18317	4176	4.386
high|high	False	elements	0.8-1	54294	44266	10028	4.414
high|high	True	background	0.5-0.8	1287	999	288	3.469
high|high	True	background	0.8-1	5860	4633	1227	3.776
high|high	True	coding	0.8-1	474	423	51	8.294
high|high	True	elements	0.2-0.5	35	26	9	2.889
high|high	True	elements	0.5-0.8	447	377	70	5.386
high|high	True	elements	0.8-1	1065	864	201	4.299
high|low	False	background	0-0.2	140	112	28	4
high|low	False	background	0.2-0.5	2086	1651	435	3.795
high|low	False	background	0.5-0.8	24109	19183	4926	3.894
high|low	False	background	0.8-1	36068	29133	6935	4.201
high|low	False	background	nan	18	0	18	0
high|low	False	coding	0.2-0.5	129	115	14	8.214
high|low	False	coding	0.5-0.8	971	860	111	7.748
high|low	False	coding	0.8-1	2935	2682	253	10.6
high|low	False	elements	0-0.2	448	394	54	7.296
high|low	False	elements	0.2-0.5	3390	2898	492	5.89
high|low	False	elements	0.5-0.8	11921	9914	2007	4.94
high|low	False	elements	0.8-1	7425	6216	1209	5.141
high|low	True	background	0.2-0.5	69	54	15	3.6
high|low	True	background	0.5-0.8	464	378	86	4.395
high|low	True	background	0.8-1	676	539	137	3.934
high|low	True	elements	0.2-0.5	54	47	7	6.714
high|low	True	elements	0.5-0.8	291	238	53	4.491
high|low	True	elements	0.8-1	182	158	24	6.583
low|high	False	background	0.2-0.5	92	77	15	5.133
low|high	False	background	0.5-0.8	444	347	97	3.577
low|high	False	background	0.8-1	3463	2817	646	4.361
low|high	False	coding	0.8-1	913	825	88	9.375
low|high	False	elements	0.2-0.5	130	112	18	6.222
low|high	False	elements	0.5-0.8	400	326	74	4.405
low|high	False	elements	0.8-1	1319	1157	162	7.142
low|high	True	background	0.8-1	88	78	10	7.8
low|high	True	elements	0.5-0.8	28	22	6	3.667
low|high	True	elements	0.8-1	50	44	6	7.333
low|low	False	background	0-0.2	4006	3237	769	4.209
low|low	False	background	0.2-0.5	2455	1997	458	4.36
low|low	False	background	0.5-0.8	1535	1257	278	4.522
low|low	False	background	0.8-1	2847	2332	515	4.528
low|low	False	coding	0-0.2	5437	4786	651	7.352
low|low	False	coding	0.2-0.5	906	790	116	6.81
low|low	False	coding	0.5-0.8	543	485	58	8.362
low|low	False	coding	0.8-1	722	646	76	8.5
low|low	False	elements	0-0.2	47690	40841	6849	5.963
low|low	False	elements	0.2-0.5	4735	3972	763	5.206
low|low	False	elements	0.5-0.8	1627	1352	275	4.916
low|low	False	elements	0.8-1	1342	1139	203	5.611
low|low	False	elements	nan	7	0	7	0
low|low	True	background	0-0.2	60	54	6	9
low|low	True	background	0.2-0.5	44	35	9	3.889
low|low	True	background	0.5-0.8	40	33	7	4.714
low|low	True	background	0.8-1	41	36	5	7.2
low|low	True	coding	0-0.2	89	78	11	7.091
low|low	True	elements	0-0.2	756	655	101	6.485
low|low	True	elements	0.2-0.5	116	102	14	7.286
