GSM5652176	GSM5652176_Adipocytes-Z000000T7.hg38.beta	58803590	https://ftp.ncbi.nlm.nih.gov/geo/samples/GSM5652nnn/GSM5652176/suppl/GSM5652176_Adipocytes-Z000000T7.hg38.beta
GSM5652177	GSM5652177_Adipocytes-Z000000T9.hg38.beta	58803590	https://ftp.ncbi.nlm.nih.gov/geo/samples/GSM5652nnn/GSM5652177/suppl/GSM5652177_Adipocytes-Z000000T9.hg38.beta
GSM5652178	GSM5652178_Adipocytes-Z000000T5.hg38.beta	58803590	https://ftp.ncbi.nlm.nih.gov/geo/samples/GSM5652nnn/GSM5652178/suppl/GSM5652178_Adipocytes-Z000000T5.hg38.beta
GSM5652179	GSM5652179_Aorta-Endothel-Z00000422.hg38.beta	58803590	https://ftp.ncbi.nlm.nih.gov/geo/samples/GSM5652nnn/GSM5652179/suppl/GSM5652179_Aorta-Endothel-Z00000422.hg38.beta
GSM5652180	GSM5652180_Aorta-Endothel-Z0000043G.hg38.beta	58803590	https://ftp.ncbi.nlm.nih.gov/geo/samples/GSM5652nnn/GSM5652180/suppl/GSM5652180_Aorta-Endothel-Z0000043G.hg38.beta
GSM5652181	GSM5652181_Saphenous-Vein-Endothel-Z000000RM.hg38.beta	58803590	https://ftp.ncbi.nlm.nih.gov/geo/samples/GSM5652nnn/GSM5652181/suppl/GSM5652181_Saphenous-Vein-Endothel-Z000000RM.hg38.beta
GSM5652182	GSM5652182_Saphenous-Vein-Endothel-Z000000S7.hg38.beta	58803590	https://ftp.ncbi.nlm.nih.gov/geo/samples/GSM5652nnn/GSM5652182/suppl/GSM5652182_Saphenous-Vein-Endothel-Z000000S7.hg38.beta
GSM5652183	GSM5652183_Saphenous-Vein-Endothel-Z000000SB.hg38.beta	58803590	https://ftp.ncbi.nlm.nih.gov/geo/samples/GSM5652nnn/GSM5652183/suppl/GSM5652183_Saphenous-Vein-Endothel-Z000000SB.hg38.beta
GSM5652184	GSM5652184_Kidney-Glomerular-Endothel-Z000000Q5.hg38.beta	58803590	https://ftp.ncbi.nlm.nih.gov/geo/samples/GSM5652nnn/GSM5652184/suppl/GSM5652184_Kidney-Glomerular-Endothel-Z000000Q5.hg38.beta
GSM5652185	GSM5652185_Kidney-Glomerular-Endothel-Z00000443.hg38.beta	58803590	https://ftp.ncbi.nlm.nih.gov/geo/samples/GSM5652nnn/GSM5652185/suppl/GSM5652185_Kidney-Glomerular-Endothel-Z00000443.hg38.beta
GSM5652186	GSM5652186_Kidney-Glomerular-Endothel-Z0000045J.hg38.beta	58803590	https://ftp.ncbi.nlm.nih.gov/geo/samples/GSM5652nnn/GSM5652186/suppl/GSM5652186_Kidney-Glomerular-Endothel-Z0000045J.hg38.beta
GSM5652187	GSM5652187_Kidney-Tubular-Endothel-Z000000PX.hg38.beta	58803590	https://ftp.ncbi.nlm.nih.gov/geo/samples/GSM5652nnn/GSM5652187/suppl/GSM5652187_Kidney-Tubular-Endothel-Z000000PX.hg38.beta
GSM5652188	GSM5652188_Kidney-Tubular-Endothel-Z000000Q3.hg38.beta	58803590	https://ftp.ncbi.nlm.nih.gov/geo/samples/GSM5652nnn/GSM5652188/suppl/GSM5652188_Kidney-Tubular-Endothel-Z000000Q3.hg38.beta
GSM5652189	GSM5652189_Kidney-Tubular-Endothel-Z0000042R.hg38.beta	58803590	https://ftp.ncbi.nlm.nih.gov/geo/samples/GSM5652nnn/GSM5652189/suppl/GSM5652189_Kidney-Tubular-Endothel-Z0000042R.hg38.beta
GSM5652190	GSM5652190_Liver-Endothelium-Z000000RB.hg38.beta	58803590	https://ftp.ncbi.nlm.nih.gov/geo/samples/GSM5652nnn/GSM5652190/suppl/GSM5652190_Liver-Endothelium-Z000000RB.hg38.beta
GSM5652191	GSM5652191_Lung-Alveolar-Endothel-Z000000Q1.hg38.beta	58803590	https://ftp.ncbi.nlm.nih.gov/geo/samples/GSM5652nnn/GSM5652191/suppl/GSM5652191_Lung-Alveolar-Endothel-Z000000Q1.hg38.beta
GSM5652192	GSM5652192_Lung-Alveolar-Endothel-Z000000QK.hg38.beta	58803590	https://ftp.ncbi.nlm.nih.gov/geo/samples/GSM5652nnn/GSM5652192/suppl/GSM5652192_Lung-Alveolar-Endothel-Z000000QK.hg38.beta
GSM5652193	GSM5652193_Lung-Alveolar-Endothel-Z0000045H.hg38.beta	58803590	https://ftp.ncbi.nlm.nih.gov/geo/samples/GSM5652nnn/GSM5652193/suppl/GSM5652193_Lung-Alveolar-Endothel-Z0000045H.hg38.beta
GSM5652194	GSM5652194_Pancreas-Endothel-Z0000042D.hg38.beta	58803590	https://ftp.ncbi.nlm.nih.gov/geo/samples/GSM5652nnn/GSM5652194/suppl/GSM5652194_Pancreas-Endothel-Z0000042D.hg38.beta
GSM5652195	GSM5652195_Pancreas-Endothel-Z0000042X.hg38.beta	58803590	https://ftp.ncbi.nlm.nih.gov/geo/samples/GSM5652nnn/GSM5652195/suppl/GSM5652195_Pancreas-Endothel-Z0000042X.hg38.beta
GSM5652196	GSM5652196_Pancreas-Endothel-Z00000430.hg38.beta	58803590	https://ftp.ncbi.nlm.nih.gov/geo/samples/GSM5652nnn/GSM5652196/suppl/GSM5652196_Pancreas-Endothel-Z00000430.hg38.beta
GSM5652197	GSM5652197_Pancreas-Islet-Endothel-Z0000042Y.hg38.beta	58803590	https://ftp.ncbi.nlm.nih.gov/geo/samples/GSM5652nnn/GSM5652197/suppl/GSM5652197_Pancreas-Islet-Endothel-Z0000042Y.hg38.beta
GSM5652198	GSM5652198_Colon-Fibroblasts-Z0000042A.hg38.beta	58803590	https://ftp.ncbi.nlm.nih.gov/geo/samples/GSM5652nnn/GSM5652198/suppl/GSM5652198_Colon-Fibroblasts-Z0000042A.hg38.beta
GSM5652199	GSM5652199_Colon-Fibroblasts-Z0000042C.hg38.beta	58803590	https://ftp.ncbi.nlm.nih.gov/geo/samples/GSM5652nnn/GSM5652199/suppl/GSM5652199_Colon-Fibroblasts-Z0000042C.hg38.beta
GSM5652200	GSM5652200_Heart-Fibroblasts-Z0000043R.hg38.beta	58803590	https://ftp.ncbi.nlm.nih.gov/geo/samples/GSM5652nnn/GSM5652200/suppl/GSM5652200_Heart-Fibroblasts-Z0000043R.hg38.beta
GSM5652201	GSM5652201_Heart-Fibroblasts-Z0000041V.hg38.beta	58803590	https://ftp.ncbi.nlm.nih.gov/geo/samples/GSM5652nnn/GSM5652201/suppl/GSM5652201_Heart-Fibroblasts-Z0000041V.hg38.beta
GSM5652202	GSM5652202_Heart-Fibroblasts-Z0000041W.hg38.beta	58803590	https://ftp.ncbi.nlm.nih.gov/geo/samples/GSM5652nnn/GSM5652202/suppl/GSM5652202_Heart-Fibroblasts-Z0000041W.hg38.beta
GSM5652203	GSM5652203_Heart-Fibroblasts-Z0000041X.hg38.beta	58803590	https://ftp.ncbi.nlm.nih.gov/geo/samples/GSM5652nnn/GSM5652203/suppl/GSM5652203_Heart-Fibroblasts-Z0000041X.hg38.beta
GSM5652204	GSM5652204_Dermal-Fibroblasts-Z00000423.hg38.beta	58803590	https://ftp.ncbi.nlm.nih.gov/geo/samples/GSM5652nnn/GSM5652204/suppl/GSM5652204_Dermal-Fibroblasts-Z00000423.hg38.beta
GSM5652205	GSM5652205_Skeletal-Muscle-Z00000427.hg38.beta	58803590	https://ftp.ncbi.nlm.nih.gov/geo/samples/GSM5652nnn/GSM5652205/suppl/GSM5652205_Skeletal-Muscle-Z00000427.hg38.beta
GSM5652206	GSM5652206_Skeletal-Muscle-Z00000429.hg38.beta	58803590	https://ftp.ncbi.nlm.nih.gov/geo/samples/GSM5652nnn/GSM5652206/suppl/GSM5652206_Skeletal-Muscle-Z00000429.hg38.beta
GSM5652207	GSM5652207_Aorta-Smooth-Muscle-Z0000041U.hg38.beta	58803590	https://ftp.ncbi.nlm.nih.gov/geo/samples/GSM5652nnn/GSM5652207/suppl/GSM5652207_Aorta-Smooth-Muscle-Z0000041U.hg38.beta
GSM5652208	GSM5652208_Coronary-Artery-Smooth-Muscle-Z00000420.hg38.beta	58803590	https://ftp.ncbi.nlm.nih.gov/geo/samples/GSM5652nnn/GSM5652208/suppl/GSM5652208_Coronary-Artery-Smooth-Muscle-Z00000420.hg38.beta
GSM5652209	GSM5652209_Bladder-Smooth-Muscle-Z0000041Z.hg38.beta	58803590	https://ftp.ncbi.nlm.nih.gov/geo/samples/GSM5652nnn/GSM5652209/suppl/GSM5652209_Bladder-Smooth-Muscle-Z0000041Z.hg38.beta
GSM5652210	GSM5652210_Prostate-Smooth-Muscle-Z0000041Y.hg38.beta	58803590	https://ftp.ncbi.nlm.nih.gov/geo/samples/GSM5652nnn/GSM5652210/suppl/GSM5652210_Prostate-Smooth-Muscle-Z0000041Y.hg38.beta
GSM5652211	GSM5652211_Lung-Bronchus-Smooth-Muscle-Z00000421.hg38.beta	58803590	https://ftp.ncbi.nlm.nih.gov/geo/samples/GSM5652nnn/GSM5652211/suppl/GSM5652211_Lung-Bronchus-Smooth-Muscle-Z00000421.hg38.beta
GSM5652212	GSM5652212_Heart-Cardiomyocyte-Z0000044G.hg38.beta	58803590	https://ftp.ncbi.nlm.nih.gov/geo/samples/GSM5652nnn/GSM5652212/suppl/GSM5652212_Heart-Cardiomyocyte-Z0000044G.hg38.beta
GSM5652213	GSM5652213_Heart-Cardiomyocyte-Z0000044K.hg38.beta	58803590	https://ftp.ncbi.nlm.nih.gov/geo/samples/GSM5652nnn/GSM5652213/suppl/GSM5652213_Heart-Cardiomyocyte-Z0000044K.hg38.beta
GSM5652214	GSM5652214_Heart-Cardiomyocyte-Z0000044N.hg38.beta	58803590	https://ftp.ncbi.nlm.nih.gov/geo/samples/GSM5652nnn/GSM5652214/suppl/GSM5652214_Heart-Cardiomyocyte-Z0000044N.hg38.beta
GSM5652215	GSM5652215_Heart-Cardiomyocyte-Z0000044P.hg38.beta	58803590	https://ftp.ncbi.nlm.nih.gov/geo/samples/GSM5652nnn/GSM5652215/suppl/GSM5652215_Heart-Cardiomyocyte-Z0000044P.hg38.beta
GSM5652216	GSM5652216_Heart-Cardiomyocyte-Z0000044Q.hg38.beta	58803590	https://ftp.ncbi.nlm.nih.gov/geo/samples/GSM5652nnn/GSM5652216/suppl/GSM5652216_Heart-Cardiomyocyte-Z0000044Q.hg38.beta
GSM5652217	GSM5652217_Heart-Cardiomyocyte-Z0000044R.hg38.beta	58803590	https://ftp.ncbi.nlm.nih.gov/geo/samples/GSM5652nnn/GSM5652217/suppl/GSM5652217_Heart-Cardiomyocyte-Z0000044R.hg38.beta
GSM5652218	GSM5652218_Bone-Osteoblasts-Z0000042Z.hg38.beta	58803590	https://ftp.ncbi.nlm.nih.gov/geo/samples/GSM5652nnn/GSM5652218/suppl/GSM5652218_Bone-Osteoblasts-Z0000042Z.hg38.beta
GSM5652219	GSM5652219_Oligodendrocytes-Z000000TK.hg38.beta	58803590	https://ftp.ncbi.nlm.nih.gov/geo/samples/GSM5652nnn/GSM5652219/suppl/GSM5652219_Oligodendrocytes-Z000000TK.hg38.beta
GSM5652220	GSM5652220_Oligodendrocytes-Z0000042E.hg38.beta	58803590	https://ftp.ncbi.nlm.nih.gov/geo/samples/GSM5652nnn/GSM5652220/suppl/GSM5652220_Oligodendrocytes-Z0000042E.hg38.beta
GSM5652221	GSM5652221_Oligodendrocytes-Z0000042L.hg38.beta	58803590	https://ftp.ncbi.nlm.nih.gov/geo/samples/GSM5652nnn/GSM5652221/suppl/GSM5652221_Oligodendrocytes-Z0000042L.hg38.beta
GSM5652222	GSM5652222_Oligodendrocytes-Z0000042N.hg38.beta	58803590	https://ftp.ncbi.nlm.nih.gov/geo/samples/GSM5652nnn/GSM5652222/suppl/GSM5652222_Oligodendrocytes-Z0000042N.hg38.beta
GSM5652223	GSM5652223_Cortex-Neuron-Z000000TF.hg38.beta	58803590	https://ftp.ncbi.nlm.nih.gov/geo/samples/GSM5652nnn/GSM5652223/suppl/GSM5652223_Cortex-Neuron-Z000000TF.hg38.beta
GSM5652224	GSM5652224_Neuron-Z000000TH.hg38.beta	58803590	https://ftp.ncbi.nlm.nih.gov/geo/samples/GSM5652nnn/GSM5652224/suppl/GSM5652224_Neuron-Z000000TH.hg38.beta
GSM5652225	GSM5652225_Cortex-Neuron-Z0000042F.hg38.beta	58803590	https://ftp.ncbi.nlm.nih.gov/geo/samples/GSM5652nnn/GSM5652225/suppl/GSM5652225_Cortex-Neuron-Z0000042F.hg38.beta
GSM5652226	GSM5652226_Cortex-Neuron-Z0000042H.hg38.beta	58803590	https://ftp.ncbi.nlm.nih.gov/geo/samples/GSM5652nnn/GSM5652226/suppl/GSM5652226_Cortex-Neuron-Z0000042H.hg38.beta
GSM5652227	GSM5652227_Cortex-Neuron-Z0000042J.hg38.beta	58803590	https://ftp.ncbi.nlm.nih.gov/geo/samples/GSM5652nnn/GSM5652227/suppl/GSM5652227_Cortex-Neuron-Z0000042J.hg38.beta
GSM5652228	GSM5652228_Cortex-Neuron-Z0000042M.hg38.beta	58803590	https://ftp.ncbi.nlm.nih.gov/geo/samples/GSM5652nnn/GSM5652228/suppl/GSM5652228_Cortex-Neuron-Z0000042M.hg38.beta
GSM5652229	GSM5652229_Cortex-Neuron-Z0000042P.hg38.beta	58803590	https://ftp.ncbi.nlm.nih.gov/geo/samples/GSM5652nnn/GSM5652229/suppl/GSM5652229_Cortex-Neuron-Z0000042P.hg38.beta
GSM5652230	GSM5652230_Cortex-Neuron-Z0000042K.hg38.beta	58803590	https://ftp.ncbi.nlm.nih.gov/geo/samples/GSM5652nnn/GSM5652230/suppl/GSM5652230_Cortex-Neuron-Z0000042K.hg38.beta
GSM5652231	GSM5652231_Cerebellum-Neuron-Z000000TB.hg38.beta	58803590	https://ftp.ncbi.nlm.nih.gov/geo/samples/GSM5652nnn/GSM5652231/suppl/GSM5652231_Cerebellum-Neuron-Z000000TB.hg38.beta
GSM5652232	GSM5652232_Cortex-Neuron-Z000000TD.hg38.beta	58803590	https://ftp.ncbi.nlm.nih.gov/geo/samples/GSM5652nnn/GSM5652232/suppl/GSM5652232_Cortex-Neuron-Z000000TD.hg38.beta
GSM5652233	GSM5652233_Liver-Hepatocytes-Z000000R3.hg38.beta	58803590	https://ftp.ncbi.nlm.nih.gov/geo/samples/GSM5652nnn/GSM5652233/suppl/GSM5652233_Liver-Hepatocytes-Z000000R3.hg38.beta
GSM5652234	GSM5652234_Liver-Hepatocytes-Z000000T3.hg38.beta	58803590	https://ftp.ncbi.nlm.nih.gov/geo/samples/GSM5652nnn/GSM5652234/suppl/GSM5652234_Liver-Hepatocytes-Z000000T3.hg38.beta
GSM5652235	GSM5652235_Liver-Hepatocytes-Z0000043Q.hg38.beta	58803590	https://ftp.ncbi.nlm.nih.gov/geo/samples/GSM5652nnn/GSM5652235/suppl/GSM5652235_Liver-Hepatocytes-Z0000043Q.hg38.beta
GSM5652236	GSM5652236_Liver-Hepatocytes-Z0000044H.hg38.beta	58803590	https://ftp.ncbi.nlm.nih.gov/geo/samples/GSM5652nnn/GSM5652236/suppl/GSM5652236_Liver-Hepatocytes-Z0000044H.hg38.beta
GSM5652237	GSM5652237_Liver-Hepatocytes-Z0000044M.hg38.beta	58803590	https://ftp.ncbi.nlm.nih.gov/geo/samples/GSM5652nnn/GSM5652237/suppl/GSM5652237_Liver-Hepatocytes-Z0000044M.hg38.beta
GSM5652238	GSM5652238_Liver-Hepatocytes-Z00000431.hg38.beta	58803590	https://ftp.ncbi.nlm.nih.gov/geo/samples/GSM5652nnn/GSM5652238/suppl/GSM5652238_Liver-Hepatocytes-Z00000431.hg38.beta
GSM5652239	GSM5652239_Pancreas-Duct-Z0000043T.hg38.beta	58803590	https://ftp.ncbi.nlm.nih.gov/geo/samples/GSM5652nnn/GSM5652239/suppl/GSM5652239_Pancreas-Duct-Z0000043T.hg38.beta
GSM5652240	GSM5652240_Pancreas-Duct-Z0000043U.hg38.beta	58803590	https://ftp.ncbi.nlm.nih.gov/geo/samples/GSM5652nnn/GSM5652240/suppl/GSM5652240_Pancreas-Duct-Z0000043U.hg38.beta
GSM5652241	GSM5652241_Pancreas-Duct-Z0000043V.hg38.beta	58803590	https://ftp.ncbi.nlm.nih.gov/geo/samples/GSM5652nnn/GSM5652241/suppl/GSM5652241_Pancreas-Duct-Z0000043V.hg38.beta
GSM5652242	GSM5652242_Pancreas-Duct-Z000000QZ.hg38.beta	58803590	https://ftp.ncbi.nlm.nih.gov/geo/samples/GSM5652nnn/GSM5652242/suppl/GSM5652242_Pancreas-Duct-Z000000QZ.hg38.beta
GSM5652243	GSM5652243_Pancreas-Acinar-Z000000QX.hg38.beta	58803590	https://ftp.ncbi.nlm.nih.gov/geo/samples/GSM5652nnn/GSM5652243/suppl/GSM5652243_Pancreas-Acinar-Z000000QX.hg38.beta
GSM5652244	GSM5652244_Pancreas-Acinar-Z0000043W.hg38.beta	58803590	https://ftp.ncbi.nlm.nih.gov/geo/samples/GSM5652nnn/GSM5652244/suppl/GSM5652244_Pancreas-Acinar-Z0000043W.hg38.beta
GSM5652245	GSM5652245_Pancreas-Acinar-Z0000043X.hg38.beta	58803590	https://ftp.ncbi.nlm.nih.gov/geo/samples/GSM5652nnn/GSM5652245/suppl/GSM5652245_Pancreas-Acinar-Z0000043X.hg38.beta
GSM5652246	GSM5652246_Pancreas-Acinar-Z0000043Y.hg38.beta	58803590	https://ftp.ncbi.nlm.nih.gov/geo/samples/GSM5652nnn/GSM5652246/suppl/GSM5652246_Pancreas-Acinar-Z0000043Y.hg38.beta
GSM5652247	GSM5652247_Pancreas-Delta-Z00000451.hg38.beta	58803590	https://ftp.ncbi.nlm.nih.gov/geo/samples/GSM5652nnn/GSM5652247/suppl/GSM5652247_Pancreas-Delta-Z00000451.hg38.beta
GSM5652248	GSM5652248_Pancreas-Delta-Z00000454.hg38.beta	58803590	https://ftp.ncbi.nlm.nih.gov/geo/samples/GSM5652nnn/GSM5652248/suppl/GSM5652248_Pancreas-Delta-Z00000454.hg38.beta
GSM5652249	GSM5652249_Pancreas-Delta-Z00000457.hg38.beta	58803590	https://ftp.ncbi.nlm.nih.gov/geo/samples/GSM5652nnn/GSM5652249/suppl/GSM5652249_Pancreas-Delta-Z00000457.hg38.beta
GSM5652250	GSM5652250_Pancreas-Beta-Z00000452.hg38.beta	58803590	https://ftp.ncbi.nlm.nih.gov/geo/samples/GSM5652nnn/GSM5652250/suppl/GSM5652250_Pancreas-Beta-Z00000452.hg38.beta
GSM5652251	GSM5652251_Pancreas-Beta-Z00000455.hg38.beta	58803590	https://ftp.ncbi.nlm.nih.gov/geo/samples/GSM5652nnn/GSM5652251/suppl/GSM5652251_Pancreas-Beta-Z00000455.hg38.beta
GSM5652252	GSM5652252_Pancreas-Beta-Z00000458.hg38.beta	58803590	https://ftp.ncbi.nlm.nih.gov/geo/samples/GSM5652nnn/GSM5652252/suppl/GSM5652252_Pancreas-Beta-Z00000458.hg38.beta
GSM5652253	GSM5652253_Pancreas-Alpha-Z00000453.hg38.beta	58803590	https://ftp.ncbi.nlm.nih.gov/geo/samples/GSM5652nnn/GSM5652253/suppl/GSM5652253_Pancreas-Alpha-Z00000453.hg38.beta
GSM5652254	GSM5652254_Pancreas-Alpha-Z00000456.hg38.beta	58803590	https://ftp.ncbi.nlm.nih.gov/geo/samples/GSM5652nnn/GSM5652254/suppl/GSM5652254_Pancreas-Alpha-Z00000456.hg38.beta
GSM5652255	GSM5652255_Pancreas-Alpha-Z00000459.hg38.beta	58803590	https://ftp.ncbi.nlm.nih.gov/geo/samples/GSM5652nnn/GSM5652255/suppl/GSM5652255_Pancreas-Alpha-Z00000459.hg38.beta
GSM5652256	GSM5652256_Kidney-Glomerular-Epithelial-Z0000045K.hg38.beta	58803590	https://ftp.ncbi.nlm.nih.gov/geo/samples/GSM5652nnn/GSM5652256/suppl/GSM5652256_Kidney-Glomerular-Epithelial-Z0000045K.hg38.beta
GSM5652257	GSM5652257_Kidney-Glomerular-Epithelial-Z0000045L.hg38.beta	58803590	https://ftp.ncbi.nlm.nih.gov/geo/samples/GSM5652nnn/GSM5652257/suppl/GSM5652257_Kidney-Glomerular-Epithelial-Z0000045L.hg38.beta
GSM5652258	GSM5652258_Kidney-Tubular-Epithelial-Z000000QH.hg38.beta	58803590	https://ftp.ncbi.nlm.nih.gov/geo/samples/GSM5652nnn/GSM5652258/suppl/GSM5652258_Kidney-Tubular-Epithelial-Z000000QH.hg38.beta
GSM5652259	GSM5652259_Kidney-Tubular-Epithelial-Z0000043Z.hg38.beta	58803590	https://ftp.ncbi.nlm.nih.gov/geo/samples/GSM5652nnn/GSM5652259/suppl/GSM5652259_Kidney-Tubular-Epithelial-Z0000043Z.hg38.beta
GSM5652260	GSM5652260_Kidney-Tubular-Epithelial-Z00000440.hg38.beta	58803590	https://ftp.ncbi.nlm.nih.gov/geo/samples/GSM5652nnn/GSM5652260/suppl/GSM5652260_Kidney-Tubular-Epithelial-Z00000440.hg38.beta
GSM5652261	GSM5652261_Kidney-Glomerular-Podocytes-Z0000042W.hg38.beta	58803590	https://ftp.ncbi.nlm.nih.gov/geo/samples/GSM5652nnn/GSM5652261/suppl/GSM5652261_Kidney-Glomerular-Podocytes-Z0000042W.hg38.beta
GSM5652262	GSM5652262_Kidney-Glomerular-Podocytes-Z00000441.hg38.beta	58803590	https://ftp.ncbi.nlm.nih.gov/geo/samples/GSM5652nnn/GSM5652262/suppl/GSM5652262_Kidney-Glomerular-Podocytes-Z00000441.hg38.beta
GSM5652263	GSM5652263_Kidney-Glomerular-Podocytes-Z00000442.hg38.beta	58803590	https://ftp.ncbi.nlm.nih.gov/geo/samples/GSM5652nnn/GSM5652263/suppl/GSM5652263_Kidney-Glomerular-Podocytes-Z00000442.hg38.beta
GSM5652264	GSM5652264_Thyroid-Epithelial-Z0000042S.hg38.beta	58803590	https://ftp.ncbi.nlm.nih.gov/geo/samples/GSM5652nnn/GSM5652264/suppl/GSM5652264_Thyroid-Epithelial-Z0000042S.hg38.beta
GSM5652265	GSM5652265_Thyroid-Epithelial-Z0000042T.hg38.beta	58803590	https://ftp.ncbi.nlm.nih.gov/geo/samples/GSM5652nnn/GSM5652265/suppl/GSM5652265_Thyroid-Epithelial-Z0000042T.hg38.beta
GSM5652266	GSM5652266_Thyroid-Epithelial-Z0000042U.hg38.beta	58803590	https://ftp.ncbi.nlm.nih.gov/geo/samples/GSM5652nnn/GSM5652266/suppl/GSM5652266_Thyroid-Epithelial-Z0000042U.hg38.beta
GSM5652267	GSM5652267_Fallopian-Epithelial-Z000000Q7.hg38.beta	58803590	https://ftp.ncbi.nlm.nih.gov/geo/samples/GSM5652nnn/GSM5652267/suppl/GSM5652267_Fallopian-Epithelial-Z000000Q7.hg38.beta
GSM5652268	GSM5652268_Fallopian-Epithelial-Z000000S9.hg38.beta	58803590	https://ftp.ncbi.nlm.nih.gov/geo/samples/GSM5652nnn/GSM5652268/suppl/GSM5652268_Fallopian-Epithelial-Z000000S9.hg38.beta
GSM5652269	GSM5652269_Fallopian-Epithelial-Z000000UV.hg38.beta	58803590	https://ftp.ncbi.nlm.nih.gov/geo/samples/GSM5652nnn/GSM5652269/suppl/GSM5652269_Fallopian-Epithelial-Z000000UV.hg38.beta
GSM5652270	GSM5652270_Ovary-Epithelial-Z000000QT.hg38.beta	58803590	https://ftp.ncbi.nlm.nih.gov/geo/samples/GSM5652nnn/GSM5652270/suppl/GSM5652270_Ovary-Epithelial-Z000000QT.hg38.beta
GSM5652271	GSM5652271_Endometrium-Epithelial-Z00000434.hg38.beta	58803590	https://ftp.ncbi.nlm.nih.gov/geo/samples/GSM5652nnn/GSM5652271/suppl/GSM5652271_Endometrium-Epithelial-Z00000434.hg38.beta
GSM5652272	GSM5652272_Endometrium-Epithelial-Z00000435.hg38.beta	58803590	https://ftp.ncbi.nlm.nih.gov/geo/samples/GSM5652nnn/GSM5652272/suppl/GSM5652272_Endometrium-Epithelial-Z00000435.hg38.beta
GSM5652273	GSM5652273_Endometrium-Epithelial-Z0000043S.hg38.beta	58803590	https://ftp.ncbi.nlm.nih.gov/geo/samples/GSM5652nnn/GSM5652273/suppl/GSM5652273_Endometrium-Epithelial-Z0000043S.hg38.beta
GSM5652274	GSM5652274_Bone_marrow-Erythrocyte_progenitors-Z000000RF.hg38.beta	58803590	https://ftp.ncbi.nlm.nih.gov/geo/samples/GSM5652nnn/GSM5652274/suppl/GSM5652274_Bone_marrow-Erythrocyte_progenitors-Z000000RF.hg38.beta
GSM5652275	GSM5652275_Bone_marrow-Erythrocyte_progenitors-Z000000RH.hg38.beta	58803590	https://ftp.ncbi.nlm.nih.gov/geo/samples/GSM5652nnn/GSM5652275/suppl/GSM5652275_Bone_marrow-Erythrocyte_progenitors-Z000000RH.hg38.beta
GSM5652276	GSM5652276_Bone_marrow-Erythrocyte_progenitors-Z000000RK.hg38.beta	58803590	https://ftp.ncbi.nlm.nih.gov/geo/samples/GSM5652nnn/GSM5652276/suppl/GSM5652276_Bone_marrow-Erythrocyte_progenitors-Z000000RK.hg38.beta
GSM5652277	GSM5652277_Blood-T-CD3-Z000000TV.hg38.beta	58803590	https://ftp.ncbi.nlm.nih.gov/geo/samples/GSM5652nnn/GSM5652277/suppl/GSM5652277_Blood-T-CD3-Z000000TV.hg38.beta
GSM5652278	GSM5652278_Blood-T-CD3-Z000000UP.hg38.beta	58803590	https://ftp.ncbi.nlm.nih.gov/geo/samples/GSM5652nnn/GSM5652278/suppl/GSM5652278_Blood-T-CD3-Z000000UP.hg38.beta
GSM5652279	GSM5652279_Blood-T-CD4-Z000000TT.hg38.beta	58803590	https://ftp.ncbi.nlm.nih.gov/geo/samples/GSM5652nnn/GSM5652279/suppl/GSM5652279_Blood-T-CD4-Z000000TT.hg38.beta
GSM5652280	GSM5652280_Blood-T-CD4-Z000000U7.hg38.beta	58803590	https://ftp.ncbi.nlm.nih.gov/geo/samples/GSM5652nnn/GSM5652280/suppl/GSM5652280_Blood-T-CD4-Z000000U7.hg38.beta
GSM5652281	GSM5652281_Blood-T-CD4-Z000000UM.hg38.beta	58803590	https://ftp.ncbi.nlm.nih.gov/geo/samples/GSM5652nnn/GSM5652281/suppl/GSM5652281_Blood-T-CD4-Z000000UM.hg38.beta
GSM5652282	GSM5652282_Blood-T-CD8-Z000000TR.hg38.beta	58803590	https://ftp.ncbi.nlm.nih.gov/geo/samples/GSM5652nnn/GSM5652282/suppl/GSM5652282_Blood-T-CD8-Z000000TR.hg38.beta
GSM5652283	GSM5652283_Blood-T-CD8-Z000000U5.hg38.beta	58803590	https://ftp.ncbi.nlm.nih.gov/geo/samples/GSM5652nnn/GSM5652283/suppl/GSM5652283_Blood-T-CD8-Z000000U5.hg38.beta
GSM5652284	GSM5652284_Blood-T-CD8-Z000000UK.hg38.beta	58803590	https://ftp.ncbi.nlm.nih.gov/geo/samples/GSM5652nnn/GSM5652284/suppl/GSM5652284_Blood-T-CD8-Z000000UK.hg38.beta
GSM5652285	GSM5652285_Blood-T-CenMem-CD4-Z00000417.hg38.beta	58803590	https://ftp.ncbi.nlm.nih.gov/geo/samples/GSM5652nnn/GSM5652285/suppl/GSM5652285_Blood-T-CenMem-CD4-Z00000417.hg38.beta
GSM5652286	GSM5652286_Blood-T-CenMem-CD4-Z0000041D.hg38.beta	58803590	https://ftp.ncbi.nlm.nih.gov/geo/samples/GSM5652nnn/GSM5652286/suppl/GSM5652286_Blood-T-CenMem-CD4-Z0000041D.hg38.beta
GSM5652287	GSM5652287_Blood-T-CenMem-CD4-Z0000041N.hg38.beta	58803590	https://ftp.ncbi.nlm.nih.gov/geo/samples/GSM5652nnn/GSM5652287/suppl/GSM5652287_Blood-T-CenMem-CD4-Z0000041N.hg38.beta
GSM5652288	GSM5652288_Blood-T-Eff-CD8-Z00000419.hg38.beta	58803590	https://ftp.ncbi.nlm.nih.gov/geo/samples/GSM5652nnn/GSM5652288/suppl/GSM5652288_Blood-T-Eff-CD8-Z00000419.hg38.beta
GSM5652289	GSM5652289_Blood-T-Eff-CD8-Z0000041F.hg38.beta	58803590	https://ftp.ncbi.nlm.nih.gov/geo/samples/GSM5652nnn/GSM5652289/suppl/GSM5652289_Blood-T-Eff-CD8-Z0000041F.hg38.beta
GSM5652290	GSM5652290_Blood-T-Eff-CD8-Z0000041Q.hg38.beta	58803590	https://ftp.ncbi.nlm.nih.gov/geo/samples/GSM5652nnn/GSM5652290/suppl/GSM5652290_Blood-T-Eff-CD8-Z0000041Q.hg38.beta
GSM5652291	GSM5652291_Blood-T-EffMem-CD4-Z00000416.hg38.beta	58803590	https://ftp.ncbi.nlm.nih.gov/geo/samples/GSM5652nnn/GSM5652291/suppl/GSM5652291_Blood-T-EffMem-CD4-Z00000416.hg38.beta
GSM5652292	GSM5652292_Blood-T-EffMem-CD4-Z0000041C.hg38.beta	58803590	https://ftp.ncbi.nlm.nih.gov/geo/samples/GSM5652nnn/GSM5652292/suppl/GSM5652292_Blood-T-EffMem-CD4-Z0000041C.hg38.beta
GSM5652293	GSM5652293_Blood-T-EffMem-CD4-Z0000041M.hg38.beta	58803590	https://ftp.ncbi.nlm.nih.gov/geo/samples/GSM5652nnn/GSM5652293/suppl/GSM5652293_Blood-T-EffMem-CD4-Z0000041M.hg38.beta
GSM5652294	GSM5652294_Blood-T-EffMem-CD8-Z0000041A.hg38.beta	58803590	https://ftp.ncbi.nlm.nih.gov/geo/samples/GSM5652nnn/GSM5652294/suppl/GSM5652294_Blood-T-EffMem-CD8-Z0000041A.hg38.beta
GSM5652295	GSM5652295_Blood-T-EffMem-CD8-Z0000041G.hg38.beta	58803590	https://ftp.ncbi.nlm.nih.gov/geo/samples/GSM5652nnn/GSM5652295/suppl/GSM5652295_Blood-T-EffMem-CD8-Z0000041G.hg38.beta
GSM5652296	GSM5652296_Blood-T-Naive-CD4-Z0000041E.hg38.beta	58803590	https://ftp.ncbi.nlm.nih.gov/geo/samples/GSM5652nnn/GSM5652296/suppl/GSM5652296_Blood-T-Naive-CD4-Z0000041E.hg38.beta
GSM5652297	GSM5652297_Blood-T-Naive-CD8-Z0000041B.hg38.beta	58803590	https://ftp.ncbi.nlm.nih.gov/geo/samples/GSM5652nnn/GSM5652297/suppl/GSM5652297_Blood-T-Naive-CD8-Z0000041B.hg38.beta
GSM5652298	GSM5652298_Blood-T-Naive-CD8-Z0000041H.hg38.beta	58803590	https://ftp.ncbi.nlm.nih.gov/geo/samples/GSM5652nnn/GSM5652298/suppl/GSM5652298_Blood-T-Naive-CD8-Z0000041H.hg38.beta
GSM5652299	GSM5652299_Blood-NK-Z000000TM.hg38.beta	58803590	https://ftp.ncbi.nlm.nih.gov/geo/samples/GSM5652nnn/GSM5652299/suppl/GSM5652299_Blood-NK-Z000000TM.hg38.beta
GSM5652300	GSM5652300_Blood-NK-Z000000U1.hg38.beta	58803590	https://ftp.ncbi.nlm.nih.gov/geo/samples/GSM5652nnn/GSM5652300/suppl/GSM5652300_Blood-NK-Z000000U1.hg38.beta
GSM5652301	GSM5652301_Blood-NK-Z000000UF.hg38.beta	58803590	https://ftp.ncbi.nlm.nih.gov/geo/samples/GSM5652nnn/GSM5652301/suppl/GSM5652301_Blood-NK-Z000000UF.hg38.beta
GSM5652302	GSM5652302_Blood-Monocytes-Z000000TP.hg38.beta	58803590	https://ftp.ncbi.nlm.nih.gov/geo/samples/GSM5652nnn/GSM5652302/suppl/GSM5652302_Blood-Monocytes-Z000000TP.hg38.beta
GSM5652303	GSM5652303_Blood-Monocytes-Z000000U3.hg38.beta	58803590	https://ftp.ncbi.nlm.nih.gov/geo/samples/GSM5652nnn/GSM5652303/suppl/GSM5652303_Blood-Monocytes-Z000000U3.hg38.beta
GSM5652304	GSM5652304_Blood-Monocytes-Z000000UH.hg38.beta	58803590	https://ftp.ncbi.nlm.nih.gov/geo/samples/GSM5652nnn/GSM5652304/suppl/GSM5652304_Blood-Monocytes-Z000000UH.hg38.beta
GSM5652305	GSM5652305_Colon-Macrophages-Z00000444.hg38.beta	58803590	https://ftp.ncbi.nlm.nih.gov/geo/samples/GSM5652nnn/GSM5652305/suppl/GSM5652305_Colon-Macrophages-Z00000444.hg38.beta
GSM5652306	GSM5652306_Colon-Macrophages-Z00000446.hg38.beta	58803590	https://ftp.ncbi.nlm.nih.gov/geo/samples/GSM5652nnn/GSM5652306/suppl/GSM5652306_Colon-Macrophages-Z00000446.hg38.beta
GSM5652307	GSM5652307_Liver-Macrophages-Z0000043P.hg38.beta	58803590	https://ftp.ncbi.nlm.nih.gov/geo/samples/GSM5652nnn/GSM5652307/suppl/GSM5652307_Liver-Macrophages-Z0000043P.hg38.beta
GSM5652308	GSM5652308_Lung-Alveolar-Macrophages-Z00000448.hg38.beta	58803590	https://ftp.ncbi.nlm.nih.gov/geo/samples/GSM5652nnn/GSM5652308/suppl/GSM5652308_Lung-Alveolar-Macrophages-Z00000448.hg38.beta
GSM5652309	GSM5652309_Lung-Alveolar-Macrophages-Z0000044C.hg38.beta	58803590	https://ftp.ncbi.nlm.nih.gov/geo/samples/GSM5652nnn/GSM5652309/suppl/GSM5652309_Lung-Alveolar-Macrophages-Z0000044C.hg38.beta
GSM5652310	GSM5652310_Lung-Interstitial-Macrophages-Z00000447.hg38.beta	58803590	https://ftp.ncbi.nlm.nih.gov/geo/samples/GSM5652nnn/GSM5652310/suppl/GSM5652310_Lung-Interstitial-Macrophages-Z00000447.hg38.beta
GSM5652311	GSM5652311_Lung-Interstitial-Macrophages-Z0000044D.hg38.beta	58803590	https://ftp.ncbi.nlm.nih.gov/geo/samples/GSM5652nnn/GSM5652311/suppl/GSM5652311_Lung-Interstitial-Macrophages-Z0000044D.hg38.beta
GSM5652312	GSM5652312_Lung-Interstitial-Macrophages-Z0000044E.hg38.beta	58803590	https://ftp.ncbi.nlm.nih.gov/geo/samples/GSM5652nnn/GSM5652312/suppl/GSM5652312_Lung-Interstitial-Macrophages-Z0000044E.hg38.beta
GSM5652313	GSM5652313_Blood-Granulocytes-Z000000TZ.hg38.beta	58803590	https://ftp.ncbi.nlm.nih.gov/geo/samples/GSM5652nnn/GSM5652313/suppl/GSM5652313_Blood-Granulocytes-Z000000TZ.hg38.beta
GSM5652314	GSM5652314_Blood-Granulocytes-Z000000UD.hg38.beta	58803590	https://ftp.ncbi.nlm.nih.gov/geo/samples/GSM5652nnn/GSM5652314/suppl/GSM5652314_Blood-Granulocytes-Z000000UD.hg38.beta
GSM5652315	GSM5652315_Blood-Granulocytes-Z000000UT.hg38.beta	58803590	https://ftp.ncbi.nlm.nih.gov/geo/samples/GSM5652nnn/GSM5652315/suppl/GSM5652315_Blood-Granulocytes-Z000000UT.hg38.beta
GSM5652316	GSM5652316_Blood-B-Z000000TX.hg38.beta	58803590	https://ftp.ncbi.nlm.nih.gov/geo/samples/GSM5652nnn/GSM5652316/suppl/GSM5652316_Blood-B-Z000000TX.hg38.beta
GSM5652317	GSM5652317_Blood-B-Z000000UB.hg38.beta	58803590	https://ftp.ncbi.nlm.nih.gov/geo/samples/GSM5652nnn/GSM5652317/suppl/GSM5652317_Blood-B-Z000000UB.hg38.beta
GSM5652318	GSM5652318_Blood-B-Z000000UR.hg38.beta	58803590	https://ftp.ncbi.nlm.nih.gov/geo/samples/GSM5652nnn/GSM5652318/suppl/GSM5652318_Blood-B-Z000000UR.hg38.beta
GSM5652319	GSM5652319_Blood-B-Mem-Z0000041J.hg38.beta	58803590	https://ftp.ncbi.nlm.nih.gov/geo/samples/GSM5652nnn/GSM5652319/suppl/GSM5652319_Blood-B-Mem-Z0000041J.hg38.beta
GSM5652320	GSM5652320_Blood-B-Mem-Z0000041K.hg38.beta	58803590	https://ftp.ncbi.nlm.nih.gov/geo/samples/GSM5652nnn/GSM5652320/suppl/GSM5652320_Blood-B-Mem-Z0000041K.hg38.beta
GSM5652321	GSM5652321_Epidermal-Keratinocytes-Z00000424.hg38.beta	58803590	https://ftp.ncbi.nlm.nih.gov/geo/samples/GSM5652nnn/GSM5652321/suppl/GSM5652321_Epidermal-Keratinocytes-Z00000424.hg38.beta
GSM5652322	GSM5652322_Tonsil-Palatine-Epithelial-Z000000QF.hg38.beta	58803590	https://ftp.ncbi.nlm.nih.gov/geo/samples/GSM5652nnn/GSM5652322/suppl/GSM5652322_Tonsil-Palatine-Epithelial-Z000000QF.hg38.beta
GSM5652323	GSM5652323_Tonsil-Palatine-Epithelial-Z000000RP.hg38.beta	58803590	https://ftp.ncbi.nlm.nih.gov/geo/samples/GSM5652nnn/GSM5652323/suppl/GSM5652323_Tonsil-Palatine-Epithelial-Z000000RP.hg38.beta
GSM5652324	GSM5652324_Tonsil-Palatine-Epithelial-Z000000RR.hg38.beta	58803590	https://ftp.ncbi.nlm.nih.gov/geo/samples/GSM5652nnn/GSM5652324/suppl/GSM5652324_Tonsil-Palatine-Epithelial-Z000000RR.hg38.beta
GSM5652325	GSM5652325_Tonsil-Pharyngeal-Epithelial-Z000000Q9.hg38.beta	58803590	https://ftp.ncbi.nlm.nih.gov/geo/samples/GSM5652nnn/GSM5652325/suppl/GSM5652325_Tonsil-Pharyngeal-Epithelial-Z000000Q9.hg38.beta
GSM5652326	GSM5652326_Tonsil-Pharyngeal-Epithelial-Z000000S1.hg38.beta	58803590	https://ftp.ncbi.nlm.nih.gov/geo/samples/GSM5652nnn/GSM5652326/suppl/GSM5652326_Tonsil-Pharyngeal-Epithelial-Z000000S1.hg38.beta
GSM5652327	GSM5652327_Tongue-Epithelial-Z000000QV.hg38.beta	58803590	https://ftp.ncbi.nlm.nih.gov/geo/samples/GSM5652nnn/GSM5652327/suppl/GSM5652327_Tongue-Epithelial-Z000000QV.hg38.beta
GSM5652328	GSM5652328_Tongue-Epithelial-Z00000449.hg38.beta	58803590	https://ftp.ncbi.nlm.nih.gov/geo/samples/GSM5652nnn/GSM5652328/suppl/GSM5652328_Tongue-Epithelial-Z00000449.hg38.beta
GSM5652329	GSM5652329_Tongue-Epithelial-Z0000044F.hg38.beta	58803590	https://ftp.ncbi.nlm.nih.gov/geo/samples/GSM5652nnn/GSM5652329/suppl/GSM5652329_Tongue-Epithelial-Z0000044F.hg38.beta
GSM5652330	GSM5652330_Tongue_base-Epithelial-Z0000044B.hg38.beta	58803590	https://ftp.ncbi.nlm.nih.gov/geo/samples/GSM5652nnn/GSM5652330/suppl/GSM5652330_Tongue_base-Epithelial-Z0000044B.hg38.beta
GSM5652331	GSM5652331_Larynx-Epithelial-Z000000QB.hg38.beta	58803590	https://ftp.ncbi.nlm.nih.gov/geo/samples/GSM5652nnn/GSM5652331/suppl/GSM5652331_Larynx-Epithelial-Z000000QB.hg38.beta
GSM5652332	GSM5652332_Esophagus-Epithelial-Z000000PZ.hg38.beta	58803590	https://ftp.ncbi.nlm.nih.gov/geo/samples/GSM5652nnn/GSM5652332/suppl/GSM5652332_Esophagus-Epithelial-Z000000PZ.hg38.beta
GSM5652333	GSM5652333_Esophagus-Epithelial-Z00000426.hg38.beta	58803590	https://ftp.ncbi.nlm.nih.gov/geo/samples/GSM5652nnn/GSM5652333/suppl/GSM5652333_Esophagus-Epithelial-Z00000426.hg38.beta
GSM5652334	GSM5652334_Pharynx-Epithelial-Z0000044A.hg38.beta	58803590	https://ftp.ncbi.nlm.nih.gov/geo/samples/GSM5652nnn/GSM5652334/suppl/GSM5652334_Pharynx-Epithelial-Z0000044A.hg38.beta
GSM5652335	GSM5652335_Lung-Bronchus-Epithelial-Z000000QD.hg38.beta	58803590	https://ftp.ncbi.nlm.nih.gov/geo/samples/GSM5652nnn/GSM5652335/suppl/GSM5652335_Lung-Bronchus-Epithelial-Z000000QD.hg38.beta
GSM5652336	GSM5652336_Lung-Bronchus-Epithelial-Z000000RZ.hg38.beta	58803590	https://ftp.ncbi.nlm.nih.gov/geo/samples/GSM5652nnn/GSM5652336/suppl/GSM5652336_Lung-Bronchus-Epithelial-Z000000RZ.hg38.beta
GSM5652337	GSM5652337_Lung-Bronchus-Epithelial-Z000000S5.hg38.beta	58803590	https://ftp.ncbi.nlm.nih.gov/geo/samples/GSM5652nnn/GSM5652337/suppl/GSM5652337_Lung-Bronchus-Epithelial-Z000000S5.hg38.beta
GSM5652338	GSM5652338_Prostate-Epithelial-Z000000RV.hg38.beta	58803590	https://ftp.ncbi.nlm.nih.gov/geo/samples/GSM5652nnn/GSM5652338/suppl/GSM5652338_Prostate-Epithelial-Z000000RV.hg38.beta
GSM5652339	GSM5652339_Prostate-Epithelial-Z000000S3.hg38.beta	58803590	https://ftp.ncbi.nlm.nih.gov/geo/samples/GSM5652nnn/GSM5652339/suppl/GSM5652339_Prostate-Epithelial-Z000000S3.hg38.beta
GSM5652340	GSM5652340_Prostate-Epithelial-Z0000045F.hg38.beta	58803590	https://ftp.ncbi.nlm.nih.gov/geo/samples/GSM5652nnn/GSM5652340/suppl/GSM5652340_Prostate-Epithelial-Z0000045F.hg38.beta
GSM5652341	GSM5652341_Prostate-Epithelial-Z0000045G.hg38.beta	58803590	https://ftp.ncbi.nlm.nih.gov/geo/samples/GSM5652nnn/GSM5652341/suppl/GSM5652341_Prostate-Epithelial-Z0000045G.hg38.beta
GSM5652342	GSM5652342_Bladder-Epithelial-Z000000QM.hg38.beta	58803590	https://ftp.ncbi.nlm.nih.gov/geo/samples/GSM5652nnn/GSM5652342/suppl/GSM5652342_Bladder-Epithelial-Z000000QM.hg38.beta
GSM5652343	GSM5652343_Bladder-Epithelial-Z000000QP.hg38.beta	58803590	https://ftp.ncbi.nlm.nih.gov/geo/samples/GSM5652nnn/GSM5652343/suppl/GSM5652343_Bladder-Epithelial-Z000000QP.hg38.beta
GSM5652344	GSM5652344_Bladder-Epithelial-Z0000043F.hg38.beta	58803590	https://ftp.ncbi.nlm.nih.gov/geo/samples/GSM5652nnn/GSM5652344/suppl/GSM5652344_Bladder-Epithelial-Z0000043F.hg38.beta
GSM5652345	GSM5652345_Bladder-Epithelial-Z0000044L.hg38.beta	58803590	https://ftp.ncbi.nlm.nih.gov/geo/samples/GSM5652nnn/GSM5652345/suppl/GSM5652345_Bladder-Epithelial-Z0000044L.hg38.beta
GSM5652346	GSM5652346_Bladder-Epithelial-Z00000450.hg38.beta	58803590	https://ftp.ncbi.nlm.nih.gov/geo/samples/GSM5652nnn/GSM5652346/suppl/GSM5652346_Bladder-Epithelial-Z00000450.hg38.beta
GSM5652347	GSM5652347_Breast-Luminal-Epithelial-Z000000V2.hg38.beta	58803590	https://ftp.ncbi.nlm.nih.gov/geo/samples/GSM5652nnn/GSM5652347/suppl/GSM5652347_Breast-Luminal-Epithelial-Z000000V2.hg38.beta
GSM5652348	GSM5652348_Breast-Luminal-Epithelial-Z000000VJ.hg38.beta	58803590	https://ftp.ncbi.nlm.nih.gov/geo/samples/GSM5652nnn/GSM5652348/suppl/GSM5652348_Breast-Luminal-Epithelial-Z000000VJ.hg38.beta
GSM5652349	GSM5652349_Breast-Luminal-Epithelial-Z000000VN.hg38.beta	58803590	https://ftp.ncbi.nlm.nih.gov/geo/samples/GSM5652nnn/GSM5652349/suppl/GSM5652349_Breast-Luminal-Epithelial-Z000000VN.hg38.beta
GSM5652350	GSM5652350_Breast-Basal-Epithelial-Z000000V6.hg38.beta	58803590	https://ftp.ncbi.nlm.nih.gov/geo/samples/GSM5652nnn/GSM5652350/suppl/GSM5652350_Breast-Basal-Epithelial-Z000000V6.hg38.beta
GSM5652351	GSM5652351_Breast-Basal-Epithelial-Z000000VG.hg38.beta	58803590	https://ftp.ncbi.nlm.nih.gov/geo/samples/GSM5652nnn/GSM5652351/suppl/GSM5652351_Breast-Basal-Epithelial-Z000000VG.hg38.beta
GSM5652352	GSM5652352_Breast-Basal-Epithelial-Z000000VL.hg38.beta	58803590	https://ftp.ncbi.nlm.nih.gov/geo/samples/GSM5652nnn/GSM5652352/suppl/GSM5652352_Breast-Basal-Epithelial-Z000000VL.hg38.beta
GSM5652353	GSM5652353_Breast-Basal-Epithelial-Z0000043E.hg38.beta	58803590	https://ftp.ncbi.nlm.nih.gov/geo/samples/GSM5652nnn/GSM5652353/suppl/GSM5652353_Breast-Basal-Epithelial-Z0000043E.hg38.beta
GSM5652354	GSM5652354_Lung-Alveolar-Epithelial-Z000000T1.hg38.beta	58803590	https://ftp.ncbi.nlm.nih.gov/geo/samples/GSM5652nnn/GSM5652354/suppl/GSM5652354_Lung-Alveolar-Epithelial-Z000000T1.hg38.beta
GSM5652355	GSM5652355_Lung-Alveolar-Epithelial-Z000000VC.hg38.beta	58803590	https://ftp.ncbi.nlm.nih.gov/geo/samples/GSM5652nnn/GSM5652355/suppl/GSM5652355_Lung-Alveolar-Epithelial-Z000000VC.hg38.beta
GSM5652356	GSM5652356_Lung-Alveolar-Epithelial-Z000000VE.hg38.beta	58803590	https://ftp.ncbi.nlm.nih.gov/geo/samples/GSM5652nnn/GSM5652356/suppl/GSM5652356_Lung-Alveolar-Epithelial-Z000000VE.hg38.beta
GSM5652357	GSM5652357_Lung-Pleura-Z0000042B.hg38.beta	58803590	https://ftp.ncbi.nlm.nih.gov/geo/samples/GSM5652nnn/GSM5652357/suppl/GSM5652357_Lung-Pleura-Z0000042B.hg38.beta
GSM5652358	GSM5652358_Gallbladder-Epithelial-Z00000432.hg38.beta	58803590	https://ftp.ncbi.nlm.nih.gov/geo/samples/GSM5652nnn/GSM5652358/suppl/GSM5652358_Gallbladder-Epithelial-Z00000432.hg38.beta
GSM5652359	GSM5652359_Gastric-fundus-Epithelial-Z000000RX.hg38.beta	58803590	https://ftp.ncbi.nlm.nih.gov/geo/samples/GSM5652nnn/GSM5652359/suppl/GSM5652359_Gastric-fundus-Epithelial-Z000000RX.hg38.beta
GSM5652360	GSM5652360_Gastric-fundus-Epithelial-Z000000SK.hg38.beta	58803590	https://ftp.ncbi.nlm.nih.gov/geo/samples/GSM5652nnn/GSM5652360/suppl/GSM5652360_Gastric-fundus-Epithelial-Z000000SK.hg38.beta
GSM5652361	GSM5652361_Gastric-fundus-Epithelial-Z000000SV.hg38.beta	58803590	https://ftp.ncbi.nlm.nih.gov/geo/samples/GSM5652nnn/GSM5652361/suppl/GSM5652361_Gastric-fundus-Epithelial-Z000000SV.hg38.beta
GSM5652362	GSM5652362_Gastric-body-Epithelial-Z000000SD.hg38.beta	58803590	https://ftp.ncbi.nlm.nih.gov/geo/samples/GSM5652nnn/GSM5652362/suppl/GSM5652362_Gastric-body-Epithelial-Z000000SD.hg38.beta
GSM5652363	GSM5652363_Gastric-body-Epithelial-Z000000SM.hg38.beta	58803590	https://ftp.ncbi.nlm.nih.gov/geo/samples/GSM5652nnn/GSM5652363/suppl/GSM5652363_Gastric-body-Epithelial-Z000000SM.hg38.beta
GSM5652364	GSM5652364_Gastric-body-Epithelial-Z000000ST.hg38.beta	58803590	https://ftp.ncbi.nlm.nih.gov/geo/samples/GSM5652nnn/GSM5652364/suppl/GSM5652364_Gastric-body-Epithelial-Z000000ST.hg38.beta
GSM5652365	GSM5652365_Gastric-antrum-Epithelial-Z000000SF.hg38.beta	58803590	https://ftp.ncbi.nlm.nih.gov/geo/samples/GSM5652nnn/GSM5652365/suppl/GSM5652365_Gastric-antrum-Epithelial-Z000000SF.hg38.beta
GSM5652366	GSM5652366_Gastric-antrum-Epithelial-Z000000SP.hg38.beta	58803590	https://ftp.ncbi.nlm.nih.gov/geo/samples/GSM5652nnn/GSM5652366/suppl/GSM5652366_Gastric-antrum-Epithelial-Z000000SP.hg38.beta
GSM5652367	GSM5652367_Gastric-antrum-Epithelial-Z000000SR.hg38.beta	58803590	https://ftp.ncbi.nlm.nih.gov/geo/samples/GSM5652nnn/GSM5652367/suppl/GSM5652367_Gastric-antrum-Epithelial-Z000000SR.hg38.beta
GSM5652368	GSM5652368_Gastric-antrum-Endocrine-Z00000437.hg38.beta	58803590	https://ftp.ncbi.nlm.nih.gov/geo/samples/GSM5652nnn/GSM5652368/suppl/GSM5652368_Gastric-antrum-Endocrine-Z00000437.hg38.beta
GSM5652369	GSM5652369_Gastric-antrum-Endocrine-Z00000438.hg38.beta	58803590	https://ftp.ncbi.nlm.nih.gov/geo/samples/GSM5652nnn/GSM5652369/suppl/GSM5652369_Gastric-antrum-Endocrine-Z00000438.hg38.beta
GSM5652370	GSM5652370_Colon-Right-Epithelial-Z000000V0.hg38.beta	58803590	https://ftp.ncbi.nlm.nih.gov/geo/samples/GSM5652nnn/GSM5652370/suppl/GSM5652370_Colon-Right-Epithelial-Z000000V0.hg38.beta
GSM5652371	GSM5652371_Colon-Right-Epithelial-Z000000V8.hg38.beta	58803590	https://ftp.ncbi.nlm.nih.gov/geo/samples/GSM5652nnn/GSM5652371/suppl/GSM5652371_Colon-Right-Epithelial-Z000000V8.hg38.beta
GSM5652372	GSM5652372_Colon-Right-Endocrine-Z0000044S.hg38.beta	58803590	https://ftp.ncbi.nlm.nih.gov/geo/samples/GSM5652nnn/GSM5652372/suppl/GSM5652372_Colon-Right-Endocrine-Z0000044S.hg38.beta
GSM5652373	GSM5652373_Colon-Left-Epithelial-Z000000VA.hg38.beta	58803590	https://ftp.ncbi.nlm.nih.gov/geo/samples/GSM5652nnn/GSM5652373/suppl/GSM5652373_Colon-Left-Epithelial-Z000000VA.hg38.beta
GSM5652374	GSM5652374_Colon-Left-Endocrine-Z0000044J.hg38.beta	58803590	https://ftp.ncbi.nlm.nih.gov/geo/samples/GSM5652nnn/GSM5652374/suppl/GSM5652374_Colon-Left-Endocrine-Z0000044J.hg38.beta
GSM5652375	GSM5652375_Colon-Left-Endocrine-Z0000044T.hg38.beta	58803590	https://ftp.ncbi.nlm.nih.gov/geo/samples/GSM5652nnn/GSM5652375/suppl/GSM5652375_Colon-Left-Endocrine-Z0000044T.hg38.beta
GSM5652376	GSM5652376_Colon-Left-Epithelial-Z0000043B.hg38.beta	58803590	https://ftp.ncbi.nlm.nih.gov/geo/samples/GSM5652nnn/GSM5652376/suppl/GSM5652376_Colon-Left-Epithelial-Z0000043B.hg38.beta
GSM5652377	GSM5652377_Colon-Left-Epithelial-Z0000043C.hg38.beta	58803590	https://ftp.ncbi.nlm.nih.gov/geo/samples/GSM5652nnn/GSM5652377/suppl/GSM5652377_Colon-Left-Epithelial-Z0000043C.hg38.beta
GSM5652378	GSM5652378_Small-int-Epithelial-Z0000042V.hg38.beta	58803590	https://ftp.ncbi.nlm.nih.gov/geo/samples/GSM5652nnn/GSM5652378/suppl/GSM5652378_Small-int-Epithelial-Z0000042V.hg38.beta
GSM5652379	GSM5652379_Small-int-Epithelial-Z000000RT.hg38.beta	58803590	https://ftp.ncbi.nlm.nih.gov/geo/samples/GSM5652nnn/GSM5652379/suppl/GSM5652379_Small-int-Epithelial-Z000000RT.hg38.beta
GSM5652380	GSM5652380_Small-int-Epithelial-Z000000UW.hg38.beta	58803590	https://ftp.ncbi.nlm.nih.gov/geo/samples/GSM5652nnn/GSM5652380/suppl/GSM5652380_Small-int-Epithelial-Z000000UW.hg38.beta
GSM5652381	GSM5652381_Small-int-Epithelial-Z000000UY.hg38.beta	58803590	https://ftp.ncbi.nlm.nih.gov/geo/samples/GSM5652nnn/GSM5652381/suppl/GSM5652381_Small-int-Epithelial-Z000000UY.hg38.beta
GSM5652382	GSM5652382_Small-int-Endocrine-Z00000436.hg38.beta	58803590	https://ftp.ncbi.nlm.nih.gov/geo/samples/GSM5652nnn/GSM5652382/suppl/GSM5652382_Small-int-Endocrine-Z00000436.hg38.beta
GSM6810003	GSM6810003_CNVS-NORM-cfDNA-110000263-WGBS-Rep1.hg38.beta	58803590	https://ftp.ncbi.nlm.nih.gov/geo/samples/GSM6810nnn/GSM6810003/suppl/GSM6810003_CNVS-NORM-cfDNA-110000263-WGBS-Rep1.hg38.beta
GSM6810004	GSM6810004_CNVS-NORM-cfDNA-110000264-WGBS-Rep1.hg38.beta	58803590	https://ftp.ncbi.nlm.nih.gov/geo/samples/GSM6810nnn/GSM6810004/suppl/GSM6810004_CNVS-NORM-cfDNA-110000264-WGBS-Rep1.hg38.beta
GSM6810005	GSM6810005_CNVS-NORM-cfDNA-110027051-WGBS-Rep1.hg38.beta	58803590	https://ftp.ncbi.nlm.nih.gov/geo/samples/GSM6810nnn/GSM6810005/suppl/GSM6810005_CNVS-NORM-cfDNA-110027051-WGBS-Rep1.hg38.beta
GSM6810006	GSM6810006_CNVS-NORM-cfDNA-110027054-WGBS-Rep2.hg38.beta	58803590	https://ftp.ncbi.nlm.nih.gov/geo/samples/GSM6810nnn/GSM6810006/suppl/GSM6810006_CNVS-NORM-cfDNA-110027054-WGBS-Rep2.hg38.beta
GSM6810007	GSM6810007_CNVS-NORM-cfDNA-110029639-WGBS-Rep1.hg38.beta	58803590	https://ftp.ncbi.nlm.nih.gov/geo/samples/GSM6810nnn/GSM6810007/suppl/GSM6810007_CNVS-NORM-cfDNA-110029639-WGBS-Rep1.hg38.beta
GSM6810008	GSM6810008_CNVS-NORM-cfDNA-110029979-WGBS-Rep1.hg38.beta	58803590	https://ftp.ncbi.nlm.nih.gov/geo/samples/GSM6810nnn/GSM6810008/suppl/GSM6810008_CNVS-NORM-cfDNA-110029979-WGBS-Rep1.hg38.beta
GSM6810009	GSM6810009_CNVS-NORM-cfDNA-110032739-WGBS-Rep1.hg38.beta	58803590	https://ftp.ncbi.nlm.nih.gov/geo/samples/GSM6810nnn/GSM6810009/suppl/GSM6810009_CNVS-NORM-cfDNA-110032739-WGBS-Rep1.hg38.beta
GSM6810010	GSM6810010_CNVS-NORM-cfDNA-110032789-WGBS-Rep1.hg38.beta	58803590	https://ftp.ncbi.nlm.nih.gov/geo/samples/GSM6810nnn/GSM6810010/suppl/GSM6810010_CNVS-NORM-cfDNA-110032789-WGBS-Rep1.hg38.beta
GSM6810011	GSM6810011_CNVS-NORM-cfDNA-110033253-WGBS-Rep1.hg38.beta	58803590	https://ftp.ncbi.nlm.nih.gov/geo/samples/GSM6810nnn/GSM6810011/suppl/GSM6810011_CNVS-NORM-cfDNA-110033253-WGBS-Rep1.hg38.beta
GSM6810012	GSM6810012_CNVS-NORM-cfDNA-110033397-WGBS-Rep1.hg38.beta	58803590	https://ftp.ncbi.nlm.nih.gov/geo/samples/GSM6810nnn/GSM6810012/suppl/GSM6810012_CNVS-NORM-cfDNA-110033397-WGBS-Rep1.hg38.beta
GSM6810013	GSM6810013_CNVS-NORM-cfDNA-110033577-WGBS-Rep1.hg38.beta	58803590	https://ftp.ncbi.nlm.nih.gov/geo/samples/GSM6810nnn/GSM6810013/suppl/GSM6810013_CNVS-NORM-cfDNA-110033577-WGBS-Rep1.hg38.beta
GSM6810014	GSM6810014_CNVS-NORM-cfDNA-110033633-WGBS-Rep1.hg38.beta	58803590	https://ftp.ncbi.nlm.nih.gov/geo/samples/GSM6810nnn/GSM6810014/suppl/GSM6810014_CNVS-NORM-cfDNA-110033633-WGBS-Rep1.hg38.beta
GSM6810015	GSM6810015_CNVS-NORM-cfDNA-110033727-WGBS-Rep1.hg38.beta	58803590	https://ftp.ncbi.nlm.nih.gov/geo/samples/GSM6810nnn/GSM6810015/suppl/GSM6810015_CNVS-NORM-cfDNA-110033727-WGBS-Rep1.hg38.beta
GSM6810016	GSM6810016_CNVS-NORM-cfDNA-110033745-WGBS-Rep1.hg38.beta	58803590	https://ftp.ncbi.nlm.nih.gov/geo/samples/GSM6810nnn/GSM6810016/suppl/GSM6810016_CNVS-NORM-cfDNA-110033745-WGBS-Rep1.hg38.beta
GSM6810017	GSM6810017_CNVS-NORM-cfDNA-110033746-WGBS-Rep1.hg38.beta	58803590	https://ftp.ncbi.nlm.nih.gov/geo/samples/GSM6810nnn/GSM6810017/suppl/GSM6810017_CNVS-NORM-cfDNA-110033746-WGBS-Rep1.hg38.beta
GSM6810018	GSM6810018_CNVS-NORM-cfDNA-110033750-WGBS-Rep1.hg38.beta	58803590	https://ftp.ncbi.nlm.nih.gov/geo/samples/GSM6810nnn/GSM6810018/suppl/GSM6810018_CNVS-NORM-cfDNA-110033750-WGBS-Rep1.hg38.beta
GSM6810019	GSM6810019_CNVS-NORM-cfDNA-110033907-WGBS-Rep1.hg38.beta	58803590	https://ftp.ncbi.nlm.nih.gov/geo/samples/GSM6810nnn/GSM6810019/suppl/GSM6810019_CNVS-NORM-cfDNA-110033907-WGBS-Rep1.hg38.beta
GSM6810020	GSM6810020_CNVS-NORM-cfDNA-110033912-WGBS-Rep1.hg38.beta	58803590	https://ftp.ncbi.nlm.nih.gov/geo/samples/GSM6810nnn/GSM6810020/suppl/GSM6810020_CNVS-NORM-cfDNA-110033912-WGBS-Rep1.hg38.beta
GSM6810021	GSM6810021_CNVS-NORM-cfDNA-110033933-WGBS-Rep1.hg38.beta	58803590	https://ftp.ncbi.nlm.nih.gov/geo/samples/GSM6810nnn/GSM6810021/suppl/GSM6810021_CNVS-NORM-cfDNA-110033933-WGBS-Rep1.hg38.beta
GSM6810022	GSM6810022_CNVS-NORM-cfDNA-110036059-WGBS-Rep1.hg38.beta	58803590	https://ftp.ncbi.nlm.nih.gov/geo/samples/GSM6810nnn/GSM6810022/suppl/GSM6810022_CNVS-NORM-cfDNA-110036059-WGBS-Rep1.hg38.beta
GSM6810023	GSM6810023_CNVS-NORM-cfDNA-110036107-WGBS-Rep1.hg38.beta	58803590	https://ftp.ncbi.nlm.nih.gov/geo/samples/GSM6810nnn/GSM6810023/suppl/GSM6810023_CNVS-NORM-cfDNA-110036107-WGBS-Rep1.hg38.beta
GSM6810024	GSM6810024_CNVS-NORM-cfDNA-110036138-WGBS-Rep1.hg38.beta	58803590	https://ftp.ncbi.nlm.nih.gov/geo/samples/GSM6810nnn/GSM6810024/suppl/GSM6810024_CNVS-NORM-cfDNA-110036138-WGBS-Rep1.hg38.beta
GSM6810025	GSM6810025_CNVS-NORM-cfDNA-110036152-WGBS-Rep1.hg38.beta	58803590	https://ftp.ncbi.nlm.nih.gov/geo/samples/GSM6810nnn/GSM6810025/suppl/GSM6810025_CNVS-NORM-cfDNA-110036152-WGBS-Rep1.hg38.beta
GSM6810026	GSM6810026_CNVS-NORM-WBC-110000263-WGBS-Rep1.hg38.beta	58803590	https://ftp.ncbi.nlm.nih.gov/geo/samples/GSM6810nnn/GSM6810026/suppl/GSM6810026_CNVS-NORM-WBC-110000263-WGBS-Rep1.hg38.beta
GSM6810027	GSM6810027_CNVS-NORM-WBC-110000264-WGBS-Rep1.hg38.beta	58803590	https://ftp.ncbi.nlm.nih.gov/geo/samples/GSM6810nnn/GSM6810027/suppl/GSM6810027_CNVS-NORM-WBC-110000264-WGBS-Rep1.hg38.beta
GSM6810028	GSM6810028_CNVS-NORM-WBC-110027051-WGBS-Rep1.hg38.beta	58803590	https://ftp.ncbi.nlm.nih.gov/geo/samples/GSM6810nnn/GSM6810028/suppl/GSM6810028_CNVS-NORM-WBC-110027051-WGBS-Rep1.hg38.beta
GSM6810029	GSM6810029_CNVS-NORM-WBC-110027054-WGBS-Rep1.hg38.beta	58803590	https://ftp.ncbi.nlm.nih.gov/geo/samples/GSM6810nnn/GSM6810029/suppl/GSM6810029_CNVS-NORM-WBC-110027054-WGBS-Rep1.hg38.beta
GSM6810030	GSM6810030_CNVS-NORM-WBC-110029639-WGBS-Rep1.hg38.beta	58803590	https://ftp.ncbi.nlm.nih.gov/geo/samples/GSM6810nnn/GSM6810030/suppl/GSM6810030_CNVS-NORM-WBC-110029639-WGBS-Rep1.hg38.beta
GSM6810031	GSM6810031_CNVS-NORM-WBC-110029979-WGBS-Rep1.hg38.beta	58803590	https://ftp.ncbi.nlm.nih.gov/geo/samples/GSM6810nnn/GSM6810031/suppl/GSM6810031_CNVS-NORM-WBC-110029979-WGBS-Rep1.hg38.beta
GSM6810032	GSM6810032_CNVS-NORM-WBC-110032739-WGBS-Rep1.hg38.beta	58803590	https://ftp.ncbi.nlm.nih.gov/geo/samples/GSM6810nnn/GSM6810032/suppl/GSM6810032_CNVS-NORM-WBC-110032739-WGBS-Rep1.hg38.beta
GSM6810033	GSM6810033_CNVS-NORM-WBC-110032789-WGBS-Rep1.hg38.beta	58803590	https://ftp.ncbi.nlm.nih.gov/geo/samples/GSM6810nnn/GSM6810033/suppl/GSM6810033_CNVS-NORM-WBC-110032789-WGBS-Rep1.hg38.beta
GSM6810034	GSM6810034_CNVS-NORM-WBC-110033253-WGBS-Rep1.hg38.beta	58803590	https://ftp.ncbi.nlm.nih.gov/geo/samples/GSM6810nnn/GSM6810034/suppl/GSM6810034_CNVS-NORM-WBC-110033253-WGBS-Rep1.hg38.beta
GSM6810035	GSM6810035_CNVS-NORM-WBC-110033397-WGBS-Rep1.hg38.beta	58803590	https://ftp.ncbi.nlm.nih.gov/geo/samples/GSM6810nnn/GSM6810035/suppl/GSM6810035_CNVS-NORM-WBC-110033397-WGBS-Rep1.hg38.beta
GSM6810036	GSM6810036_CNVS-NORM-WBC-110033577-WGBS-Rep1.hg38.beta	58803590	https://ftp.ncbi.nlm.nih.gov/geo/samples/GSM6810nnn/GSM6810036/suppl/GSM6810036_CNVS-NORM-WBC-110033577-WGBS-Rep1.hg38.beta
GSM6810037	GSM6810037_CNVS-NORM-WBC-110033633-WGBS-Rep1.hg38.beta	58803590	https://ftp.ncbi.nlm.nih.gov/geo/samples/GSM6810nnn/GSM6810037/suppl/GSM6810037_CNVS-NORM-WBC-110033633-WGBS-Rep1.hg38.beta
GSM6810038	GSM6810038_CNVS-NORM-WBC-110033727-WGBS-Rep1.hg38.beta	58803590	https://ftp.ncbi.nlm.nih.gov/geo/samples/GSM6810nnn/GSM6810038/suppl/GSM6810038_CNVS-NORM-WBC-110033727-WGBS-Rep1.hg38.beta
GSM6810039	GSM6810039_CNVS-NORM-WBC-110033745-WGBS-Rep1.hg38.beta	58803590	https://ftp.ncbi.nlm.nih.gov/geo/samples/GSM6810nnn/GSM6810039/suppl/GSM6810039_CNVS-NORM-WBC-110033745-WGBS-Rep1.hg38.beta
GSM6810040	GSM6810040_CNVS-NORM-WBC-110033746-WGBS-Rep1.hg38.beta	58803590	https://ftp.ncbi.nlm.nih.gov/geo/samples/GSM6810nnn/GSM6810040/suppl/GSM6810040_CNVS-NORM-WBC-110033746-WGBS-Rep1.hg38.beta
GSM6810041	GSM6810041_CNVS-NORM-WBC-110033750-WGBS-Rep1.hg38.beta	58803590	https://ftp.ncbi.nlm.nih.gov/geo/samples/GSM6810nnn/GSM6810041/suppl/GSM6810041_CNVS-NORM-WBC-110033750-WGBS-Rep1.hg38.beta
GSM6810042	GSM6810042_CNVS-NORM-WBC-110033907-WGBS-Rep1.hg38.beta	58803590	https://ftp.ncbi.nlm.nih.gov/geo/samples/GSM6810nnn/GSM6810042/suppl/GSM6810042_CNVS-NORM-WBC-110033907-WGBS-Rep1.hg38.beta
GSM6810043	GSM6810043_CNVS-NORM-WBC-110033912-WGBS-Rep1.hg38.beta	58803590	https://ftp.ncbi.nlm.nih.gov/geo/samples/GSM6810nnn/GSM6810043/suppl/GSM6810043_CNVS-NORM-WBC-110033912-WGBS-Rep1.hg38.beta
GSM6810044	GSM6810044_CNVS-NORM-WBC-110033933-WGBS-Rep1.hg38.beta	58803590	https://ftp.ncbi.nlm.nih.gov/geo/samples/GSM6810nnn/GSM6810044/suppl/GSM6810044_CNVS-NORM-WBC-110033933-WGBS-Rep1.hg38.beta
GSM6810045	GSM6810045_CNVS-NORM-WBC-110036059-WGBS-Rep1.hg38.beta	58803590	https://ftp.ncbi.nlm.nih.gov/geo/samples/GSM6810nnn/GSM6810045/suppl/GSM6810045_CNVS-NORM-WBC-110036059-WGBS-Rep1.hg38.beta
GSM6810046	GSM6810046_CNVS-NORM-WBC-110036107-WGBS-Rep1.hg38.beta	58803590	https://ftp.ncbi.nlm.nih.gov/geo/samples/GSM6810nnn/GSM6810046/suppl/GSM6810046_CNVS-NORM-WBC-110036107-WGBS-Rep1.hg38.beta
GSM6810047	GSM6810047_CNVS-NORM-WBC-110036138-WGBS-Rep1.hg38.beta	58803590	https://ftp.ncbi.nlm.nih.gov/geo/samples/GSM6810nnn/GSM6810047/suppl/GSM6810047_CNVS-NORM-WBC-110036138-WGBS-Rep1.hg38.beta
GSM6810048	GSM6810048_CNVS-NORM-WBC-110036152-WGBS-Rep1.hg38.beta	58803590	https://ftp.ncbi.nlm.nih.gov/geo/samples/GSM6810nnn/GSM6810048/suppl/GSM6810048_CNVS-NORM-WBC-110036152-WGBS-Rep1.hg38.beta
