MII	GSM2146951	GSM2146951_scBS-A-MII-1.Cmet.bed.gz	216447620	https://ftp.ncbi.nlm.nih.gov/geo/samples/GSM2146nnn/GSM2146951/suppl/GSM2146951_scBS-A-MII-1.Cmet.bed.gz
MII	GSM2146952	GSM2146952_scBS-A-MII-2.Cmet.bed.gz	322924886	https://ftp.ncbi.nlm.nih.gov/geo/samples/GSM2146nnn/GSM2146952/suppl/GSM2146952_scBS-A-MII-2.Cmet.bed.gz
MII	GSM2146953	GSM2146953_scBS-A-MII-3.Cmet.bed.gz	269142880	https://ftp.ncbi.nlm.nih.gov/geo/samples/GSM2146nnn/GSM2146953/suppl/GSM2146953_scBS-A-MII-3.Cmet.bed.gz
MII	GSM2146954	GSM2146954_scBS-A-MII-4.Cmet.bed.gz	254499372	https://ftp.ncbi.nlm.nih.gov/geo/samples/GSM2146nnn/GSM2146954/suppl/GSM2146954_scBS-A-MII-4.Cmet.bed.gz
GV	GSM2481553	GSM2481553_scBS-D-GV-2.Cmet.bed.gz	362503390	https://ftp.ncbi.nlm.nih.gov/geo/samples/GSM2481nnn/GSM2481553/suppl/GSM2481553_scBS-D-GV-2.Cmet.bed.gz
MII	GSM2481556	GSM2481556_scBS-E-MII-19.Cmet.bed.gz	263214466	https://ftp.ncbi.nlm.nih.gov/geo/samples/GSM2481nnn/GSM2481556/suppl/GSM2481556_scBS-E-MII-19.Cmet.bed.gz
MII	GSM2481557	GSM2481557_scBS-E-MII-20.Cmet.bed.gz	166324300	https://ftp.ncbi.nlm.nih.gov/geo/samples/GSM2481nnn/GSM2481557/suppl/GSM2481557_scBS-E-MII-20.Cmet.bed.gz
GV	GSM2481568	GSM2481568_scBS-F-GV1.Cmet.bed.gz	384756680	https://ftp.ncbi.nlm.nih.gov/geo/samples/GSM2481nnn/GSM2481568/suppl/GSM2481568_scBS-F-GV1.Cmet.bed.gz
GV	GSM2481569	GSM2481569_scBS-F-GV2.Cmet.bed.gz	318983550	https://ftp.ncbi.nlm.nih.gov/geo/samples/GSM2481nnn/GSM2481569/suppl/GSM2481569_scBS-F-GV2.Cmet.bed.gz
MII	GSM2481570	GSM2481570_scBS-G-MII-13.Cmet.bed.gz	227327175	https://ftp.ncbi.nlm.nih.gov/geo/samples/GSM2481nnn/GSM2481570/suppl/GSM2481570_scBS-G-MII-13.Cmet.bed.gz
MII	GSM2481581	GSM2481581_scBS-J-MII-5.Cmet.bed.gz	317139812	https://ftp.ncbi.nlm.nih.gov/geo/samples/GSM2481nnn/GSM2481581/suppl/GSM2481581_scBS-J-MII-5.Cmet.bed.gz
GV	GSM2481582	GSM2481582_scBS-K-GV-1.Cmet.bed.gz	275588780	https://ftp.ncbi.nlm.nih.gov/geo/samples/GSM2481nnn/GSM2481582/suppl/GSM2481582_scBS-K-GV-1.Cmet.bed.gz
GV	GSM2481583	GSM2481583_scBS-K-GV-2.Cmet.bed.gz	209665422	https://ftp.ncbi.nlm.nih.gov/geo/samples/GSM2481nnn/GSM2481583/suppl/GSM2481583_scBS-K-GV-2.Cmet.bed.gz
GV	GSM2481584	GSM2481584_scBS-K-GV-3.Cmet.bed.gz	207271670	https://ftp.ncbi.nlm.nih.gov/geo/samples/GSM2481nnn/GSM2481584/suppl/GSM2481584_scBS-K-GV-3.Cmet.bed.gz
GV	GSM2481585	GSM2481585_scBS-K-GV-4.Cmet.bed.gz	303599666	https://ftp.ncbi.nlm.nih.gov/geo/samples/GSM2481nnn/GSM2481585/suppl/GSM2481585_scBS-K-GV-4.Cmet.bed.gz
MII	GSM2481586	GSM2481586_scBS-K-MII-1.Cmet.bed.gz	175039134	https://ftp.ncbi.nlm.nih.gov/geo/samples/GSM2481nnn/GSM2481586/suppl/GSM2481586_scBS-K-MII-1.Cmet.bed.gz
MII	GSM2481587	GSM2481587_scBS-K-MII-2.Cmet.bed.gz	189132029	https://ftp.ncbi.nlm.nih.gov/geo/samples/GSM2481nnn/GSM2481587/suppl/GSM2481587_scBS-K-MII-2.Cmet.bed.gz
MII	GSM2481588	GSM2481588_scBS-K-MII-3.Cmet.bed.gz	287614947	https://ftp.ncbi.nlm.nih.gov/geo/samples/GSM2481nnn/GSM2481588/suppl/GSM2481588_scBS-K-MII-3.Cmet.bed.gz
MII	GSM2481589	GSM2481589_scBS-M-MII-1.Cmet.bed.gz	199249377	https://ftp.ncbi.nlm.nih.gov/geo/samples/GSM2481nnn/GSM2481589/suppl/GSM2481589_scBS-M-MII-1.Cmet.bed.gz
MII	GSM2481590	GSM2481590_scBS-M-MII-2.Cmet.bed.gz	223312487	https://ftp.ncbi.nlm.nih.gov/geo/samples/GSM2481nnn/GSM2481590/suppl/GSM2481590_scBS-M-MII-2.Cmet.bed.gz
MII	GSM2481591	GSM2481591_scBS-M-MII-3.Cmet.bed.gz	220461109	https://ftp.ncbi.nlm.nih.gov/geo/samples/GSM2481nnn/GSM2481591/suppl/GSM2481591_scBS-M-MII-3.Cmet.bed.gz
ICM	GSM2481596	GSM2481596_scBS-O-ICM-14b.Cmet.bed.gz	1208177933	https://ftp.ncbi.nlm.nih.gov/geo/samples/GSM2481nnn/GSM2481596/suppl/GSM2481596_scBS-O-ICM-14b.Cmet.bed.gz
ICM	GSM2481597	GSM2481597_scBS-O-ICM-14s1.Cmet.bed.gz	756480387	https://ftp.ncbi.nlm.nih.gov/geo/samples/GSM2481nnn/GSM2481597/suppl/GSM2481597_scBS-O-ICM-14s1.Cmet.bed.gz
ICM	GSM2481598	GSM2481598_scBS-O-ICM-14s2.Cmet.bed.gz	571533086	https://ftp.ncbi.nlm.nih.gov/geo/samples/GSM2481nnn/GSM2481598/suppl/GSM2481598_scBS-O-ICM-14s2.Cmet.bed.gz
ICM	GSM2481599	GSM2481599_scBS-O-ICM-14s3.Cmet.bed.gz	855149955	https://ftp.ncbi.nlm.nih.gov/geo/samples/GSM2481nnn/GSM2481599/suppl/GSM2481599_scBS-O-ICM-14s3.Cmet.bed.gz
ICM	GSM2481600	GSM2481600_scBS-O-ICM-14s4.Cmet.bed.gz	1057085858	https://ftp.ncbi.nlm.nih.gov/geo/samples/GSM2481nnn/GSM2481600/suppl/GSM2481600_scBS-O-ICM-14s4.Cmet.bed.gz
ICM	GSM2481601	GSM2481601_scBS-O-ICM-14s5.Cmet.bed.gz	372534302	https://ftp.ncbi.nlm.nih.gov/geo/samples/GSM2481nnn/GSM2481601/suppl/GSM2481601_scBS-O-ICM-14s5.Cmet.bed.gz
ICM	GSM2481602	GSM2481602_scBS-O-ICM-5b.Cmet.bed.gz	1042149429	https://ftp.ncbi.nlm.nih.gov/geo/samples/GSM2481nnn/GSM2481602/suppl/GSM2481602_scBS-O-ICM-5b.Cmet.bed.gz
ICM	GSM2481603	GSM2481603_scBS-O-ICM-5s1.Cmet.bed.gz	858141696	https://ftp.ncbi.nlm.nih.gov/geo/samples/GSM2481nnn/GSM2481603/suppl/GSM2481603_scBS-O-ICM-5s1.Cmet.bed.gz
ICM	GSM2481604	GSM2481604_scBS-O-ICM-5s2.Cmet.bed.gz	471833805	https://ftp.ncbi.nlm.nih.gov/geo/samples/GSM2481nnn/GSM2481604/suppl/GSM2481604_scBS-O-ICM-5s2.Cmet.bed.gz
ICM	GSM2481605	GSM2481605_scBS-O-ICM-5s3.Cmet.bed.gz	182263251	https://ftp.ncbi.nlm.nih.gov/geo/samples/GSM2481nnn/GSM2481605/suppl/GSM2481605_scBS-O-ICM-5s3.Cmet.bed.gz
ICM	GSM2481606	GSM2481606_scBS-O-ICM-5s4.Cmet.bed.gz	593352672	https://ftp.ncbi.nlm.nih.gov/geo/samples/GSM2481nnn/GSM2481606/suppl/GSM2481606_scBS-O-ICM-5s4.Cmet.bed.gz
ICM	GSM2481607	GSM2481607_scBS-O-ICM-5s5.Cmet.bed.gz	805124975	https://ftp.ncbi.nlm.nih.gov/geo/samples/GSM2481nnn/GSM2481607/suppl/GSM2481607_scBS-O-ICM-5s5.Cmet.bed.gz
MII	GSM2481614	GSM2481614_scBS-P-MII-1.Cmet.bed.gz	128030733	https://ftp.ncbi.nlm.nih.gov/geo/samples/GSM2481nnn/GSM2481614/suppl/GSM2481614_scBS-P-MII-1.Cmet.bed.gz
MII	GSM2481615	GSM2481615_scBS-P-MII-2.Cmet.bed.gz	213245889	https://ftp.ncbi.nlm.nih.gov/geo/samples/GSM2481nnn/GSM2481615/suppl/GSM2481615_scBS-P-MII-2.Cmet.bed.gz
GV	GSM2986306	GSM2986306_scBS-B-GV1.Cmet.bed.gz	857527420	https://ftp.ncbi.nlm.nih.gov/geo/samples/GSM2986nnn/GSM2986306/suppl/GSM2986306_scBS-B-GV1.Cmet.bed.gz
MII	GSM2986307	GSM2986307_scBS-C-MII-9.Cmet.bed.gz	1979967539	https://ftp.ncbi.nlm.nih.gov/geo/samples/GSM2986nnn/GSM2986307/suppl/GSM2986307_scBS-C-MII-9.Cmet.bed.gz
MII	GSM2986308	GSM2986308_scBS-D-MII-1.Cmet.bed.gz	308918838	https://ftp.ncbi.nlm.nih.gov/geo/samples/GSM2986nnn/GSM2986308/suppl/GSM2986308_scBS-D-MII-1.Cmet.bed.gz
MII	GSM2986309	GSM2986309_scBS-D-MII-2.Cmet.bed.gz	535005773	https://ftp.ncbi.nlm.nih.gov/geo/samples/GSM2986nnn/GSM2986309/suppl/GSM2986309_scBS-D-MII-2.Cmet.bed.gz
MII	GSM2986310	GSM2986310_scBS-D-MII-3.Cmet.bed.gz	560102893	https://ftp.ncbi.nlm.nih.gov/geo/samples/GSM2986nnn/GSM2986310/suppl/GSM2986310_scBS-D-MII-3.Cmet.bed.gz
MII	GSM2986311	GSM2986311_scBS-D-MII-4.Cmet.bed.gz	563483371	https://ftp.ncbi.nlm.nih.gov/geo/samples/GSM2986nnn/GSM2986311/suppl/GSM2986311_scBS-D-MII-4.Cmet.bed.gz
MII	GSM2986312	GSM2986312_scBS-D-MII-5.Cmet.bed.gz	579224411	https://ftp.ncbi.nlm.nih.gov/geo/samples/GSM2986nnn/GSM2986312/suppl/GSM2986312_scBS-D-MII-5.Cmet.bed.gz
MII	GSM2986313	GSM2986313_scBS-D-MII-6.Cmet.bed.gz	611847836	https://ftp.ncbi.nlm.nih.gov/geo/samples/GSM2986nnn/GSM2986313/suppl/GSM2986313_scBS-D-MII-6.Cmet.bed.gz
MII	GSM2986314	GSM2986314_scBS-D-MII-7.Cmet.bed.gz	620383252	https://ftp.ncbi.nlm.nih.gov/geo/samples/GSM2986nnn/GSM2986314/suppl/GSM2986314_scBS-D-MII-7.Cmet.bed.gz
MII	GSM2986315	GSM2986315_scBS-D-MII-8.Cmet.bed.gz	952331210	https://ftp.ncbi.nlm.nih.gov/geo/samples/GSM2986nnn/GSM2986315/suppl/GSM2986315_scBS-D-MII-8.Cmet.bed.gz
MII	GSM2986316	GSM2986316_scBS-D-MII-9.Cmet.bed.gz	401726689	https://ftp.ncbi.nlm.nih.gov/geo/samples/GSM2986nnn/GSM2986316/suppl/GSM2986316_scBS-D-MII-9.Cmet.bed.gz
MII	GSM2986317	GSM2986317_scBS-E-MII-10.Cmet.bed.gz	263676594	https://ftp.ncbi.nlm.nih.gov/geo/samples/GSM2986nnn/GSM2986317/suppl/GSM2986317_scBS-E-MII-10.Cmet.bed.gz
MII	GSM2986318	GSM2986318_scBS-E-MII-21.Cmet.bed.gz	218135456	https://ftp.ncbi.nlm.nih.gov/geo/samples/GSM2986nnn/GSM2986318/suppl/GSM2986318_scBS-E-MII-21.Cmet.bed.gz
MII	GSM2986319	GSM2986319_scBS-E-MII-3.Cmet.bed.gz	274628495	https://ftp.ncbi.nlm.nih.gov/geo/samples/GSM2986nnn/GSM2986319/suppl/GSM2986319_scBS-E-MII-3.Cmet.bed.gz
MII	GSM2986320	GSM2986320_scBS-G-MII-10.Cmet.bed.gz	299965858	https://ftp.ncbi.nlm.nih.gov/geo/samples/GSM2986nnn/GSM2986320/suppl/GSM2986320_scBS-G-MII-10.Cmet.bed.gz
MII	GSM2986321	GSM2986321_scBS-G-MII-11.Cmet.bed.gz	275122556	https://ftp.ncbi.nlm.nih.gov/geo/samples/GSM2986nnn/GSM2986321/suppl/GSM2986321_scBS-G-MII-11.Cmet.bed.gz
MII	GSM2986322	GSM2986322_scBS-G-MII-12.Cmet.bed.gz	258099721	https://ftp.ncbi.nlm.nih.gov/geo/samples/GSM2986nnn/GSM2986322/suppl/GSM2986322_scBS-G-MII-12.Cmet.bed.gz
MII	GSM2986323	GSM2986323_scBS-L-MII-1.Cmet.bed.gz	315709392	https://ftp.ncbi.nlm.nih.gov/geo/samples/GSM2986nnn/GSM2986323/suppl/GSM2986323_scBS-L-MII-1.Cmet.bed.gz
MII	GSM2986324	GSM2986324_scBS-L-MII-2.Cmet.bed.gz	307442110	https://ftp.ncbi.nlm.nih.gov/geo/samples/GSM2986nnn/GSM2986324/suppl/GSM2986324_scBS-L-MII-2.Cmet.bed.gz
MII	GSM2986325	GSM2986325_scBS-L-MII-3.Cmet.bed.gz	244269709	https://ftp.ncbi.nlm.nih.gov/geo/samples/GSM2986nnn/GSM2986325/suppl/GSM2986325_scBS-L-MII-3.Cmet.bed.gz
MII	GSM2986326	GSM2986326_scBS-L-MII-4.Cmet.bed.gz	246377386	https://ftp.ncbi.nlm.nih.gov/geo/samples/GSM2986nnn/GSM2986326/suppl/GSM2986326_scBS-L-MII-4.Cmet.bed.gz
ICM	GSM2986395	GSM2986395_scBS-L-ICM-2b.Cmet.bed.gz	1286063404	https://ftp.ncbi.nlm.nih.gov/geo/samples/GSM2986nnn/GSM2986395/suppl/GSM2986395_scBS-L-ICM-2b.Cmet.bed.gz
ICM	GSM2986396	GSM2986396_scBS-L-ICM2-s1.Cmet.bed.gz	732306563	https://ftp.ncbi.nlm.nih.gov/geo/samples/GSM2986nnn/GSM2986396/suppl/GSM2986396_scBS-L-ICM2-s1.Cmet.bed.gz
ICM	GSM2986397	GSM2986397_scBS-L-ICM2-s2.Cmet.bed.gz	723670732	https://ftp.ncbi.nlm.nih.gov/geo/samples/GSM2986nnn/GSM2986397/suppl/GSM2986397_scBS-L-ICM2-s2.Cmet.bed.gz
ICM	GSM2986398	GSM2986398_scBS-L-ICM2-s3.Cmet.bed.gz	877036997	https://ftp.ncbi.nlm.nih.gov/geo/samples/GSM2986nnn/GSM2986398/suppl/GSM2986398_scBS-L-ICM2-s3.Cmet.bed.gz
ICM	GSM2986399	GSM2986399_scBS-L-ICM2-s4.Cmet.bed.gz	76076007	https://ftp.ncbi.nlm.nih.gov/geo/samples/GSM2986nnn/GSM2986399/suppl/GSM2986399_scBS-L-ICM2-s4.Cmet.bed.gz
ICM	GSM2986400	GSM2986400_scBS-L-ICM2-s5.Cmet.bed.gz	1241869907	https://ftp.ncbi.nlm.nih.gov/geo/samples/GSM2986nnn/GSM2986400/suppl/GSM2986400_scBS-L-ICM2-s5.Cmet.bed.gz
ICM	GSM2986407	GSM2986407_scBS-N-ICM-2b.Cmet.bed.gz	1774987998	https://ftp.ncbi.nlm.nih.gov/geo/samples/GSM2986nnn/GSM2986407/suppl/GSM2986407_scBS-N-ICM-2b.Cmet.bed.gz
