cond,N,alpha,r,mode,A1,LAMBDA,two_Ns_8_7,reps,occ,frac_motif_imperfect,density_near,density_near_se,density_far,density_far_se,contrast,contrast_se,oracle_density_near,oracle_density_far,oracle_contrast,oracle_lineages,z_near_vs_oracle,z_far_vs_oracle
M0_ctx,100,2e-05,20.0,0,0.0,25.0,0.0,40,0.008868627098484847,1.0,0.9582560296846012,0.04507848580627695,0.9427251235761874,0.03123318524796142,1.0164744799093695,0.05667918345189177,0.9030612244897959,0.915753277455405,0.986140313905426,200,1.2244156876076737,0.8635637353875987
M0_meth,100,2e-05,20.0,1,0.0,25.0,0.0,40,0.014745363878787877,1.0,0.9754174397031539,0.047417206907563646,0.9382119062970127,0.02595026487758311,1.039655789013578,0.06242585401566667,0.9177489177489176,0.9432624113475178,0.9729518601699052,200,1.2161939876943144,-0.19462248552491324
M0_meth_fb,100,2e-05,20.0,1,0.5,25.0,0.0,40,0.012985983227272724,1.0,0.9355287569573283,0.05707103841763451,1.022754137115839,0.025918546628646184,0.9147152018328805,0.058224123339083736,0.9913419913419914,0.9581452826133676,1.0346468425311022,200,-0.9779607298579881,2.4927653324150216
P_ctx,100,2e-05,20.0,0,0.0,25.0,10.000000000000009,40,0.9811589772727274,0.008446969696969692,0.9305040197897341,0.05199300683196095,0.9239469159681925,0.02556322239557419,1.0070968404225589,0.061518679091852026,0.9022881880024737,0.9120997206103588,0.9892429167708555,200,0.5426851322227368,0.46344686810238583
P_meth,100,2e-05,20.0,1,0.0,25.0,10.000000000000009,40,0.9810706818181819,0.00931818181818182,2.354591836734694,0.13199037625151516,0.9111863313990973,0.028196379791443228,2.584094773589606,0.15860285942214047,2.287878787878788,0.9366000429830218,2.4427489674162457,200,0.5054387353876506,-0.9013111531302606
P_meth_fb,100,2e-05,20.0,1,0.5,25.0,10.000000000000009,40,0.9811089015151516,0.008939393939393936,2.844465058750773,0.23996066606267175,0.8989093058241995,0.027970208613663266,3.16435155395651,0.2943348336399998,2.7622139764996905,0.9479368149580916,2.9139220388036184,200,0.34276901960924194,-1.7528474603490254
P_meth_lam10,100,2e-05,20.0,1,0.0,10.0,10.000000000000009,20,0.9809326515151515,0.010681818181818176,1.7130488559059986,0.16108098289210476,0.8560606060606059,0.03694483157749817,2.0010836192884236,0.1981056228536335,1.4489795918367347,0.9354717386632281,1.5489293069476369,200,1.6393571688480615,-2.1494517422834543
P_meth_lam50,100,2e-05,20.0,1,0.0,50.0,10.000000000000009,20,0.9811318939393938,0.008712121212121216,2.926561533704391,0.260012082495613,0.9474532559638942,0.04954242249069269,3.088871683413073,0.32470358460599813,3.186920222634509,0.9808188265635074,3.2492445458051753,200,-1.0013330397233013,-0.6734747499656772
P_meth_r5,100,2e-05,5.0,1,0.0,25.0,10.000000000000009,20,0.9810322727272727,0.009696969696969687,4.468460111317254,0.2960053217076051,2.8704599183322594,0.1149103166955992,1.5567052801466863,0.0763297790590125,4.486703772418058,2.8521921341070278,1.5730720657859072,200,-0.06163288212373622,0.15897427446504714
P_meth_r50,100,2e-05,50.0,1,0.0,25.0,10.000000000000009,20,0.981009393939394,0.009924242424242408,1.0384972170686457,0.09054936560764656,0.42558564367075,0.016791646530396828,2.440160359055881,0.23326790191242242,1.2435064935064934,0.40264345583494515,3.0883563994052383,200,-2.264060880626815,1.3662857775307573
P_meth_Q1,200,1e-05,20.0,1,0.0,25.0,10.000000000000053,20,0.980955606060606,0.010454545454545456,2.5675633889919607,0.2385560012569493,1.0589404685149364,0.05141478734172003,2.4246531937652027,0.2778762093569097,2.3545145330859616,0.9712551042338277,2.4241978475297845,200,0.8930769076587748,1.705450295813191
P_meth_Q4,50,4e-05,20.0,1,0.0,25.0,9.999999999999986,20,0.9809325757575758,0.010681818181818176,2.5069573283858992,0.19339699863163728,0.9689984955942403,0.03738785589019389,2.5871632822799198,0.21075042299206692,2.407699443413729,0.9514291854717386,2.530613397380637,200,0.5132338437228107,0.4699202375793319
