check,case,observed,expected,z,note,pass
traj,ctx_r10,16.945333333333334,17.43166666666667,-0.6650869961507984,max|z| over 20 times = 0.96 at gen 13000,True
traj,ctx_r20,9.171166666666668,9.398333333333333,-0.46539349685067544,max|z| over 20 times = 1.90 at gen 1000,True
traj,gate_r20_g0.5,17.131166666666665,17.43166666666667,-0.40900172365765614,max|z| over 20 times = 2.29 at gen 10000,True
traj,gate_r20_g0.5 vs ctx_r10 (SLiM),17.13116666666667,16.945333333333334,0.18842960472468806,different ancestral seqs; compares endpoint means,True
pi,Q=1 (N=500),0.009721530612244891,0.009868421052631578,-0.3760624840223642,20 reps,True
sfs,Q=1 (N=500),0.2309941520467836,0.2278100882166478,-0.02448784671745812,"chi2=23.8, dof=24; obs/exp = singleton share",True
pi,Q=2 (N=250),0.009887142857142851,0.009868421052631578,0.07140970802667225,20 reps,True
sfs,Q=2 (N=250),0.22690058479532163,0.2278100882166478,1.2900676974970737,"chi2=32.9, dof=24; obs/exp = singleton share",True
pi,Q=5 (N=100),0.01002675510204081,0.009868421052631578,0.5084934706091794,20 reps,True
sfs,Q=5 (N=100),0.2245958429561201,0.2278100882166478,0.35130533740502917,"chi2=26.4, dof=24; obs/exp = singleton share",True
fix,"N=100, 2Ns=-2",0.00145,0.001573028461254265,-0.43902994931179595,29/20000 fixed,True
fix,"N=100, 2Ns=0",0.00475,0.005,-0.501254707117086,95/20000 fixed,True
fix,"N=100, 2Ns=1",0.0079,0.007890141742202678,0.015757702019624953,158/20000 fixed,True
fix,"N=100, 2Ns=2",0.0118,0.011507542817379443,0.3877924148782164,236/20000 fixed,True
fix,"N=100, 2Ns=5",0.02385,0.024857577008073416,-0.9152291091618335,477/20000 fixed,True
fix,"N=100, 2Ns=10",0.0489,0.04877278978051635,0.08352299680462905,978/20000 fixed,True
fix,"N=50, 2Ns=0",0.01,0.01,0.0,200/20000 fixed,True
fix,"N=50, 2Ns=5",0.04715,0.049101418253055,-1.2771774520839267,943/20000 fixed,True
