Q,N,rep,pi
1,500,0,0.01075224489795917
1,500,1,0.008295918367346937
1,500,2,0.007937142857142856
1,500,3,0.012286530612244887
1,500,4,0.010055102040816324
1,500,5,0.009257551020408157
1,500,6,0.007955918367346932
1,500,7,0.007955510204081626
1,500,8,0.011241224489795908
1,500,9,0.008435918367346935
1,500,10,0.009572653061224486
1,500,11,0.008672244897959178
1,500,12,0.009560408163265297
1,500,13,0.009916326530612236
1,500,14,0.011406938775510191
1,500,15,0.010302040816326529
1,500,16,0.009309795918367343
1,500,17,0.00660285714285714
1,500,18,0.014095102040816323
1,500,19,0.010819183673469382
2,250,0,0.009491836734693873
2,250,1,0.007947346938775506
2,250,2,0.008868571428571422
2,250,3,0.008611428571428565
2,250,4,0.010276326530612237
2,250,5,0.009759591836734686
2,250,6,0.009239999999999993
2,250,7,0.00996857142857142
2,250,8,0.010369387755102034
2,250,9,0.01094653061224489
2,250,10,0.008935510204081626
2,250,11,0.01306571428571427
2,250,12,0.009119999999999996
2,250,13,0.010848979591836725
2,250,14,0.01098244897959183
2,250,15,0.010169795918367341
2,250,16,0.01038163265306122
2,250,17,0.010837959183673461
2,250,18,0.008282448979591834
2,250,19,0.009638775510204077
5,100,0,0.009092244897959179
5,100,1,0.00986204081632652
5,100,2,0.009902857142857137
5,100,3,0.009754693877551016
5,100,4,0.011277142857142848
5,100,5,0.00945102040816326
5,100,6,0.007673877551020403
5,100,7,0.010715918367346934
5,100,8,0.00876326530612244
5,100,9,0.00844489795918367
5,100,10,0.007501632653061218
5,100,11,0.01158163265306121
5,100,12,0.010374693877551015
5,100,13,0.010976734693877539
5,100,14,0.01037632653061224
5,100,15,0.012275510204081625
5,100,16,0.011148979591836725
5,100,17,0.012313877551020397
5,100,18,0.0104873469387755
5,100,19,0.0085604081632653
