Q,i,observed,expected,count
1,1,0.2309941520467836,0.2278100882166478,395
1,2,0.10116959064327485,0.11627806586058066,173
1,3,0.0824561403508772,0.07916804484124638,141
1,4,0.06257309941520468,0.060666816970737725,107
1,5,0.04327485380116959,0.04961197476718108,74
1,6,0.05146198830409357,0.04228293304021114,88
1,7,0.038011695906432746,0.03708536319805894,65
1,8,0.029239766081871343,0.03322230453159447,50
1,9,0.038011695906432746,0.030251204126329923,65
1,10,0.025730994152046785,0.027906735806539355,44
1,11,0.02982456140350877,0.02602026648628378,51
1,12,0.02865497076023392,0.02447959281275382,49
1,13,0.025146198830409357,0.023207264703982832,43
1,14,0.01929824561403509,0.02214820302106298,33
1,15,0.026900584795321637,0.021262274900220462,46
1,16,0.02046783625730994,0.02051965868127894,35
1,17,0.01871345029239766,0.019897850842452304,32
1,18,0.016374269005847954,0.019379677643430106,28
1,19,0.016374269005847954,0.01895194282277715,28
1,20,0.01871345029239766,0.018604490537692905,32
1,21,0.013450292397660818,0.01832954732777626,23
1,22,0.0152046783625731,0.01812125701723335,26
1,23,0.019883040935672516,0.017975353176514882,34
1,24,0.018128654970760234,0.0178889332093201,31
1,25,0.009941520467836258,0.008930155458092594,17
2,1,0.22690058479532163,0.2278100882166478,388
2,2,0.11637426900584795,0.11627806586058066,199
2,3,0.07660818713450293,0.07916804484124638,131
2,4,0.06257309941520468,0.060666816970737725,107
2,5,0.04678362573099415,0.04961197476718108,80
2,6,0.04035087719298246,0.04228293304021114,69
2,7,0.04152046783625731,0.03708536319805894,71
2,8,0.03391812865497076,0.03322230453159447,58
2,9,0.027485380116959064,0.030251204126329923,47
2,10,0.026900584795321637,0.027906735806539355,46
2,11,0.029239766081871343,0.02602026648628378,50
2,12,0.018128654970760234,0.02447959281275382,31
2,13,0.0152046783625731,0.023207264703982832,26
2,14,0.02280701754385965,0.02214820302106298,39
2,15,0.018128654970760234,0.021262274900220462,31
2,16,0.023391812865497075,0.02051965868127894,40
2,17,0.025146198830409357,0.019897850842452304,43
2,18,0.028070175438596492,0.019379677643430106,48
2,19,0.028070175438596492,0.01895194282277715,48
2,20,0.019883040935672516,0.018604490537692905,34
2,21,0.012865497076023392,0.01832954732777626,22
2,22,0.014035087719298246,0.01812125701723335,24
2,23,0.01871345029239766,0.017975353176514882,32
2,24,0.018128654970760234,0.0178889332093201,31
2,25,0.008771929824561403,0.008930155458092594,15
5,1,0.2245958429561201,0.2278100882166478,389
5,2,0.11374133949191687,0.11627806586058066,197
5,3,0.07736720554272518,0.07916804484124638,134
5,4,0.06004618937644342,0.060666816970737725,104
5,5,0.053117782909930716,0.04961197476718108,92
5,6,0.04041570438799076,0.04228293304021114,70
5,7,0.03117782909930716,0.03708536319805894,54
5,8,0.028868360277136258,0.03322230453159447,50
5,9,0.027136258660508082,0.030251204126329923,47
5,10,0.036374133949191687,0.027906735806539355,63
5,11,0.02424942263279446,0.02602026648628378,42
5,12,0.017321016166281754,0.02447959281275382,30
5,13,0.019630484988452657,0.023207264703982832,34
5,14,0.027136258660508082,0.02214820302106298,47
5,15,0.02367205542725173,0.021262274900220462,41
5,16,0.026558891454965358,0.02051965868127894,46
5,17,0.02020785219399538,0.019897850842452304,35
5,18,0.021362586605080832,0.019379677643430106,37
5,19,0.02020785219399538,0.01895194282277715,35
5,20,0.019630484988452657,0.018604490537692905,34
5,21,0.016166281755196306,0.01832954732777626,28
5,22,0.025981524249422634,0.01812125701723335,45
5,23,0.02020785219399538,0.017975353176514882,35
5,24,0.01674364896073903,0.0178889332093201,29
5,25,0.008083140877598153,0.008930155458092594,14
