src,cond,cls,n,reps,n_detected_per_snapshot,maf_detected,maf_detected_se,maf_rel_null,maf_rel_null_se,corr_beta_maf,corr_se,frac_increase,frac_increase_se,maf_all_segregating
e2b,C_k10,CpG_SNP,500,40,0.0072045484526049,0.24980008192661696,0.004817070520457477,0.7462365654187766,0.01483071365872432,-0.045835543151756475,0.02388793568097811,0.9611093535486679,0.00898832402038928,0.07078519181967459
e2b,C_k10,CpG_SNP,5000,40,0.10604623774596197,0.10175582239281122,0.0016642071617081608,0.5709501612719905,0.010062011218354197,-0.049510458611454373,0.016250449544240018,0.9473025012365265,0.0030794925263590853,0.07078519181967459
e2b,C_k10,CpG_SNP,30000,40,0.16663583330549267,0.0708166820596441,0.0012138172692633755,0.50093882321054,0.009360505676967808,-0.07861507913694013,0.022200009214541693,0.8832903214071236,0.00353798652905479,0.07078519181967459
e2b,C_k10_Rmatch,CpG_SNP,500,40,0.04348604365372505,0.3103106578980176,0.0012749634853632542,0.9270019360149123,0.005569580474867602,0.019102742201207216,0.007308579491625275,0.03199911165448521,0.003967764012789635,0.13597503671071953
e2b,C_k10_Rmatch,CpG_SNP,5000,40,0.2573185230997552,0.17442352697600355,0.0016281644071079642,0.9786873961092784,0.011384391435069214,0.022709078599494264,0.012107171241274904,0.09595950131455326,0.006427216612011405,0.13597503671071953
e2b,C_k10_Rmatch,CpG_SNP,30000,40,0.33946643812677474,0.13625436164188615,0.0020063465698318627,0.9638279794117313,0.016415234414039876,0.057882656927363565,0.0123754731690514,0.16790815633532516,0.007744986482702686,0.13597503671071953
e2b,C_k10_Rmatch,motif_SNP,500,6,4.006978849645424e-06,0.25808008884340294,0.055796955411296666,0.808393587923506,0.2418149207307686,-0.6623836001274886,0.1625818174249947,0.589971118223975,0.13061889694239648,0.10835106382978722
e2b,C_k10_Rmatch,motif_SNP,5000,6,0.003058256125355381,0.24186704608195703,0.03964666453865706,1.1709651939979533,1.2395449241145986,-0.6177573479290374,0.15034672158408913,0.6295750402152105,0.126232724028552,0.10835106382978722
e2b,C_k10_Rmatch,motif_SNP,30000,6,0.011757557730606896,0.13762238718221018,0.015597348775719335,0.9100227305603265,0.20741235750160092,-0.2815243849773082,0.13699251381235988,0.7526578080085341,0.0629349308899441,0.10835106382978722
e2b,C_k2,CpG_SNP,500,40,0.0383421490680361,0.3331142610623516,0.0012566489910461913,0.9951239413132306,0.005692437736212797,-0.003809844555207662,0.008135477555105476,0.27638907250915185,0.008206641861316595,0.12727988737539
e2b,C_k2,CpG_SNP,5000,40,0.23902146840312538,0.16820669729510362,0.001564665724438251,0.943804872186391,0.011278615558142012,-0.009480079396233446,0.011231363538590881,0.3598773912415748,0.00620683058395997,0.12727988737539
e2b,C_k2,CpG_SNP,30000,40,0.3271706608138471,0.1275642245495794,0.001580412374207781,0.9023562057851164,0.013022711302590624,0.003133604881249522,0.009941295143718009,0.3925761619884558,0.005815758156525219,0.12727988737539
e2b,C_k2,motif_SNP,500,2,0.0001170315419175715,0.14389357981377998,0.0572823090903659,0.45072305959798736,0.2123840659588034,-0.5108989363164097,0.002042908096817497,0.9997066877029639,0.00012548477441712668,0.15474999999999997
e2b,C_k2,motif_SNP,5000,2,0.0020117668109549884,0.1280481525873348,0.05062907348496306,0.6199270725979786,0.7046148478096651,-0.61459358787793,0.005433169402744714,0.9958310551089842,0.0017879976316091842,0.15474999999999997
e2b,C_k2,motif_SNP,30000,2,0.004578119872512727,0.17869162125849575,0.08020365022262696,1.1815914578680429,0.5472096408064884,-0.7519654583016216,0.011581653759796506,0.6482405703968726,0.16724239202828317,0.15474999999999997
e2b,M0,CpG_SNP,500,40,0.05002499640958798,0.33474650466428557,0.0013346386260175136,1.0,0.005622734876743624,0.011298214139064738,0.006217444937288806,0.5053264458028446,0.011158747912552116,0.14105870230022602
e2b,M0,CpG_SNP,5000,40,0.28815284919670076,0.17822189972959226,0.001189484318288711,1.0,0.009383009342979217,-0.03072689553887422,0.009540573052243434,0.5003707071452344,0.010854560943357343,0.14105870230022602
e2b,M0,CpG_SNP,30000,40,0.3745668605349004,0.1413679251405925,0.0011539204861509972,1.0,0.011274441630960844,-0.031115325946220865,0.010251652968861186,0.4984239146379421,0.010849180478243335,0.14105870230022602
e2b,M0,motif_SNP,500,6,0.0005019063574780122,0.31925053921608254,0.0512718465987061,1.0,0.2509868664063026,0.6506579460928865,0.3682154804383771,0.8092829567738811,0.16348978028616892,0.1431818181818182
e2b,M0,motif_SNP,5000,6,0.0026608523197727677,0.20655357419819242,0.030999530106600955,1.0,0.20759859908224673,0.06801127637552377,0.23283880298055543,0.5222457624765956,0.13937398724784228,0.1431818181818182
e2b,M0,motif_SNP,30000,6,0.00431476940172014,0.15122961499815749,0.01872286076149816,1.0,0.19470300612640631,0.032290181162709534,0.12925033000400338,0.42520802530896834,0.1682220983073043,0.1431818181818182
e2b,P_k10,CpG_SNP,500,40,0.039891003228361956,0.3355861033479496,0.0014586974167745477,1.0025081626602974,0.006104059383606197,-0.039311740368136956,0.0076763815471211985,0.49611149066787474,0.010339459264338545,0.13869917321767417
e2b,P_k10,CpG_SNP,5000,40,0.2711579952145761,0.18122134766184156,0.001246301779123788,1.0168298505222995,0.010027018258186991,-0.08834927800962963,0.009732045494265928,0.4963997316514691,0.01026727418523344,0.13869917321767417
e2b,P_k10,CpG_SNP,30000,40,0.3647916984314193,0.13982222312302317,0.001195001651050341,0.9890661052283812,0.011103363553697274,-0.016250973919899384,0.008217500763343882,0.4944382359516329,0.009316668948566352,0.13869917321767417
e2b,P_k10,motif_SNP,500,33,7.286863905266772e-08,0.019176730680317593,0.0027589989477281155,0.06006796645482861,0.015348755803745904,0.5070195066227395,0.30940081977865536,0.8870691908428632,0.09356746637378643,0.012333333333333333
e2b,P_k10,motif_SNP,5000,33,6.295458608987797e-05,0.019493461878554743,0.0025629776250931974,0.09437484659476462,0.018376624529641103,0.3807159404933161,0.4124291346219515,0.9318362185153869,0.06688863438824515,0.012333333333333333
e2b,P_k10,motif_SNP,30000,33,0.0007168797251864552,0.014328083142121757,0.0010497603577140685,0.09474389749849145,0.04792336703839018,-0.11010518538625923,0.23904829728713203,0.6647044755863729,0.10732556044827572,0.012333333333333333
e3,CP_k10,CpG_SNP,500,40,0.018858137749790286,0.31900323837781996,0.002988255397256427,0.9507092912351258,0.009584375385566586,-0.013652393221859484,0.013627106666051611,0.3961195724597703,0.03729233157945911,0.10347647327546827
e3,CP_k10,CpG_SNP,5000,40,0.17904456742084995,0.14731510303676376,0.002954890563190989,0.8198511146581575,0.017663162856226267,-0.10311980831427166,0.019165384042434484,0.4496654672612491,0.022337640408542907,0.10347647327546827
e3,CP_k10,CpG_SNP,30000,40,0.27026558631941455,0.10440577295791369,0.003015257288772397,0.7324716398735744,0.022019556985950497,-0.04439379735765755,0.01753969120401447,0.4644649154003182,0.016214042532019177,0.10347647327546827
e3,CP_k10,motif_SNP,500,39,5.162275016948873e-06,0.0516471034977884,0.006661545433775059,0.13427393980793878,0.31422750217456497,-0.15186119214137384,0.2941163515788155,0.9924947419365033,0.006196277401675746,0.02541095890410959
e3,CP_k10,motif_SNP,5000,39,0.0007882774960837022,0.042530053931223964,0.007125302099179034,0.1651873539200898,0.23388928065148493,-0.6915860891118187,0.11895222156400471,0.9480098296260568,0.0217629617487485,0.02541095890410959
e3,CP_k10,motif_SNP,30000,39,0.002750656621167406,0.03625679774760412,0.003298823429719522,0.16716756184013923,0.21177244009078483,-0.35859630710452484,0.07168876466994803,0.8201428125532547,0.05877590210182431,0.02541095890410959
e3,CP_k40,CpG_SNP,500,40,0.0030814732217630558,0.2841923223444206,0.02491813510565053,0.8469640707237228,0.07429244153853429,-0.045940878106402655,0.07352860579407253,0.5779741773736361,0.12109810850949716,0.06228488151058168
e3,CP_k40,CpG_SNP,5000,40,0.08369791380733871,0.0999824054389421,0.007338072037249714,0.5564309758848285,0.04140370759989269,-0.43639052192805594,0.06460140754768948,0.4942814783387939,0.03693832951201955,0.06228488151058168
e3,CP_k40,CpG_SNP,30000,40,0.1807634463540036,0.0634268767988596,0.004106830353581639,0.4449791150882757,0.029090515245714554,-0.39581856552010614,0.046538819467531044,0.46133374233641605,0.02245979665314934,0.06228488151058168
e3,CP_k40,motif_SNP,500,40,1.6826654915178548e-06,0.022165372489157745,0.0036621928293650713,0.05762630796046782,0.1671803356696897,-0.3870011153003088,0.1240885188787911,0.9884344174236315,0.01190738168715063,0.02925925925925926
e3,CP_k40,motif_SNP,5000,40,0.0006644318221505179,0.026543814126372148,0.006939540948749076,0.10309656379868899,0.21147480785425346,-0.5428190131871105,0.10930182943081208,0.9723859493159744,0.02315667881800343,0.02925925925925926
e3,CP_k40,motif_SNP,30000,40,0.00266134005290616,0.03675534280862609,0.009377815826536162,0.16946618078874714,0.257597428764694,-0.45980100400265395,0.055948691659652994,0.895023657652404,0.03657840427706014,0.02925925925925926
e3,M0,CpG_SNP,500,40,0.05014046114913979,0.33554235907738206,0.0015921023308363357,1.0,0.0068573878173204955,-0.0024489625696566646,0.0059741561076380135,0.4943149351982896,0.01017786747168603,0.14210665783371976
e3,M0,CpG_SNP,5000,40,0.2887823228759456,0.17968518966786767,0.0013858753697888453,1.0,0.011523920362578082,-0.042863270217179526,0.008513113087817936,0.49620895312305774,0.008640136173189705,0.14210665783371976
e3,M0,CpG_SNP,30000,40,0.3753455600352071,0.14253899710838533,0.0013737843510299988,1.0,0.014521861860607443,-0.029496727759841877,0.008064809326818318,0.4958130706443129,0.008769751876781704,0.14210665783371976
e3,M0,motif_SNP,500,4,0.0019323278190324293,0.38463981597369373,0.09125319196321442,1.0,2.609116005991979,0.4443571224218506,0.42419930312153725,0.5638950247897134,0.32268064974881117,0.19622950819672133
e3,M0,motif_SNP,5000,4,0.0075971992883035275,0.25746555606065397,0.05623552846669877,1.0,1.9829284818916166,0.10106377738073986,0.23718485427075076,0.4910614694816049,0.30681179338873366,0.19622950819672133
e3,M0,motif_SNP,30000,4,0.010270997758079955,0.216888954702086,0.04593062984049558,1.0,1.1980492389077642,0.07883164065221707,0.2359222523525836,0.5022874548572005,0.3121907484177347,0.19622950819672133
e3,MS_k10,CpG_SNP,500,40,0.036858279226434615,0.33751403756123904,0.0017369570903926813,1.005876094122001,0.007467732817819066,-0.03111623636616131,0.008466174360418315,0.5021052756328247,0.010731382461571841,0.14148154385019535
e3,MS_k10,CpG_SNP,5000,40,0.2527683125916582,0.18799308842552281,0.001849156057871433,1.0462358571288572,0.012760488030055845,-0.13323571038209617,0.009264644168756527,0.49322071187950917,0.009802598974403763,0.14148154385019535
e3,MS_k10,CpG_SNP,30000,40,0.35252722479818904,0.14584252055899213,0.0017911599753957063,1.0231762781949056,0.01647086713798072,-0.0850966117310882,0.009106958841706883,0.49157324134147856,0.009240709326434157,0.14148154385019535
e3,MS_k10,motif_SNP,500,19,3.1125555847246336e-07,0.01580197461127299,0.0020249228308765257,0.04108252436444,0.10404146710826871,-0.21048143826050372,0.38148506375051483,0.997067030799284,0.00534885464045736,0.015925925925925927
e3,MS_k10,motif_SNP,5000,19,0.00016675259873628342,0.01500853741867781,0.0019387831489461494,0.05829337969830064,0.12059335422124906,-0.16482992097131605,0.4150806846566943,0.9999337872103992,7.190051328408776e-05,0.015925925925925927
e3,MS_k10,motif_SNP,30000,19,0.0007263921312565488,0.012936128262306031,0.0008790249296184031,0.059644015897788887,0.06525995461982273,0.16855035217756184,0.2755333874590991,0.99744209012778,0.0019698265646412977,0.015925925925925927
e3,Pcre_k10,CpG_SNP,500,40,0.0354748022539146,0.33693672732676244,0.0012941722110935752,1.0041555654946648,0.0056263646519824455,-0.031973462961874345,0.011067051528143374,0.48129053107359343,0.011571359848323777,0.13970773817778395
e3,Pcre_k10,CpG_SNP,5000,40,0.2475308318144474,0.18413786093575243,0.0015310559221685001,1.0247804021918285,0.012172870514779126,-0.128094679995185,0.011674158888920882,0.48679632446879856,0.01031181714534943,0.13970773817778395
e3,Pcre_k10,CpG_SNP,30000,40,0.3436460261156559,0.14369144111326948,0.0017624054279119885,1.008085113746155,0.015589924689539871,-0.09915441726356311,0.013036337645954469,0.49111529056748693,0.009418568303114333,0.13970773817778395
e3,Pcre_k10,motif_SNP,500,36,5.457790326824581e-07,0.013591423105507185,0.0027928284561403866,0.03533545551206464,0.11576039240015039,-0.560760427640106,0.15909426487675207,0.9929923726995182,0.0076290212293251055,0.021030927835051547
e3,Pcre_k10,motif_SNP,5000,36,0.00024319847843534288,0.015002787907127148,0.001833442782563268,0.05827104851102016,0.12750250539762836,-0.4236894202344279,0.11123555810237774,0.9951242837243764,0.0037640221134101572,0.021030927835051547
e3,Pcre_k10,motif_SNP,30000,36,0.001500266215952509,0.016529533010353554,0.0019203790380599066,0.07621196308985935,0.09075124858499667,-0.40881133261896546,0.06989241671235989,0.9478239908399787,0.027035040161621192,0.021030927835051547
