germ_cons	element	n_sites	P	Ps	D	PD	PsD	PD_lo	PD_hi	PD_rel_bg
high	CGI	4661	4184	3524	477	8.771	7.388	8.116	9.622	2.329
high	CTCF-only	3932	3148	2692	784	4.015	3.434	3.727	4.341	1.066
high	DNase-H3K4me3	3177	2602	2240	575	4.525	3.896	4.145	4.945	1.202
high	PLS	3572	3045	2561	527	5.778	4.86	5.222	6.182	1.534
high	background	806733	637465	548320	169268	3.766	3.239	3.719	3.809	1
high	coding	63622	57028	45220	6594	8.648	6.858	8.394	8.966	2.296
high	dELS	151832	124125	105588	27707	4.48	3.811	4.406	4.559	1.19
high	pELS	16402	13511	11502	2891	4.673	3.979	4.448	4.879	1.241
low	CGI	45230	39355	30985	5875	6.699	5.274	6.512	6.927	1.526
low	CTCF-only	81	71	57	10	7.1	5.7	3.935	18.51	1.618
low	DNase-H3K4me3	655	535	449	120	4.458	3.742	3.596	5.376	1.016
low	PLS	3390	2783	2217	607	4.585	3.652	4.185	5.024	1.045
low	background	26476	21563	17850	4913	4.389	3.633	4.243	4.537	1
low	coding	10686	9488	7247	1198	7.92	6.049	7.404	8.498	1.804
low	dELS	6619	5491	4411	1128	4.868	3.91	4.548	5.239	1.109
low	pELS	11519	9350	7538	2169	4.311	3.475	4.095	4.535	0.9822
mid	CGI	602	541	436	61	8.869	7.148	6.481	12.13	2.358
mid	CTCF-only	706	542	468	164	3.305	2.854	2.654	3.916	0.8789
mid	DNase-H3K4me3	635	508	427	127	4	3.362	3.332	4.849	1.064
mid	PLS	672	572	472	100	5.72	4.72	4.59	7.199	1.521
mid	background	143160	113087	97324	30073	3.76	3.236	3.699	3.829	1
mid	coding	3863	3468	2789	395	8.78	7.061	8.074	9.719	2.335
mid	dELS	16631	13654	11527	2977	4.586	3.872	4.396	4.797	1.22
mid	pELS	4478	3618	3011	860	4.207	3.501	3.892	4.551	1.119
