element	direction	P	Ps	D	PD	PsD	PD_lo	PD_hi	gbgc_SW_over_WS	PD_rel_bg
CGI	S>S	20099	15725	4001	5.023	3.93	4.81	5.218	1.86	1.225
CGI	S>W	122476	95197	19406	6.311	4.906	6.191	6.435	1.86	1.498
CGI	W>S	28551	22717	8413	3.394	2.7	3.173	3.637	1.86	0.9291
CGI	W>W	10059	7937	1866	5.391	4.253	5.112	5.683	1.86	1.242
CTCF-only	S>S	8517	6802	2096	4.063	3.245	3.858	4.26	1.332	0.9905
CTCF-only	S>W	48529	39004	10465	4.637	3.727	4.552	4.721	1.332	1.1
CTCF-only	W>S	30256	24236	8692	3.481	2.788	3.392	3.568	1.332	0.9529
CTCF-only	W>W	8230	6624	1864	4.415	3.554	4.174	4.615	1.332	1.017
DNase-H3K4me3	S>S	6063	4875	1437	4.219	3.392	4.008	4.508	1.371	1.028
DNase-H3K4me3	S>W	33409	26702	7296	4.579	3.66	4.443	4.723	1.371	1.087
DNase-H3K4me3	W>S	19390	15559	5807	3.339	2.679	3.231	3.443	1.371	0.9141
DNase-H3K4me3	W>W	5303	4238	1155	4.591	3.669	4.299	4.943	1.371	1.058
PLS	S>S	6699	5314	1323	5.063	4.017	4.814	5.365	1.33	1.234
PLS	S>W	37276	29450	6825	5.462	4.315	5.308	5.605	1.33	1.296
PLS	W>S	16608	13253	4045	4.106	3.276	3.917	4.287	1.33	1.124
PLS	W>W	4889	3832	919	5.32	4.17	4.984	5.684	1.33	1.226
background	S>S	2003319	1591548	488339	4.102	3.259	4.075	4.139	1.154	1
background	S>W	11307655	9093455	2683184	4.214	3.389	4.197	4.23	1.154	1
background	W>S	8626674	6921787	2361673	3.653	2.931	3.635	3.671	1.154	1
background	W>W	2270762	1820751	523160	4.34	3.48	4.32	4.363	1.154	1
coding	S>S	23617	17330	3206	7.367	5.405	7.043	7.676	1.2	1.796
coding	S>W	145012	109820	21332	6.798	5.148	6.666	6.929	1.2	1.613
coding	W>S	65327	48996	11530	5.666	4.249	5.522	5.829	1.2	1.551
coding	W>W	15253	11149	1946	7.838	5.729	7.352	8.34	1.2	1.806
dELS	S>S	213369	168359	49018	4.353	3.435	4.306	4.404	1.361	1.061
dELS	S>W	1187130	946100	247175	4.803	3.828	4.775	4.833	1.361	1.14
dELS	W>S	677790	540913	192004	3.53	2.817	3.5	3.558	1.361	0.9664
dELS	W>W	181187	143769	37861	4.786	3.797	4.733	4.847	1.361	1.103
pELS	S>S	38546	30314	8454	4.559	3.586	4.439	4.683	1.339	1.111
pELS	S>W	210811	167455	42917	4.912	3.902	4.853	4.976	1.339	1.166
pELS	W>S	109534	87472	29853	3.669	2.93	3.595	3.739	1.339	1.004
pELS	W>W	29287	23219	6121	4.785	3.793	4.655	4.938	1.339	1.102
all	S>S	2320229	1840267	557874	4.159	3.299	4.132	4.187	1.18	1.014
all	S>W	13092298	10507183	3038600	4.309	3.458	4.292	4.326	1.18	1.022
all	W>S	9574130	7674933	2622017	3.651	2.927	3.632	3.67	1.18	0.9996
all	W>W	2524970	2021519	574892	4.392	3.516	4.371	4.413	1.18	1.012
