cond,rep,R_mean,R_first_half,R_second_half,R_sd_time,O_mean,cpg_turnover_full,dR_full,loss_rate,poly_loss_per_cpg,nseg_per_sample
M0,0,2.995373319738519,1.328389377755418,4.6623572617216205,1.9600634743376215,0.00888434913109613,1.0,0.00037933737203665885,4.4999999999999996e-05,0.0887780548628429,2.024
M0,1,2.664017205880845,3.5802825735773194,1.7477518381843709,1.5809326040044673,0.010411819061216935,1.0,1.9054279075634488,5.379442843419788e-05,0.07900287631831256,1.964
M0,2,2.236247142841122,2.3411652562112706,2.1313290294709732,0.8460227728896891,0.057713769445651764,1.0,1.9011861848741796,4.319654427645788e-05,0.0853448275862069,1.976
M0,3,4.255370006194117,4.905262196918825,3.6054778154694094,1.496517122462145,0.0006490581481701595,0.9,4.762763982167165,3.0560271646859086e-05,0.0856497175141243,2.225
M0,4,2.405190150770014,1.9765398828513634,2.8338404186886645,1.0920627372058485,0.0003353501304664781,1.0,0.9524825595481989,4.191616766467066e-05,0.07768924302788846,1.892
M0,5,3.1582538661718598,3.456426063855629,2.8600816684880908,1.3718905898283276,0.03912394950681572,0.8888888888888888,0.019786961271865522,4.3513295729250606e-05,0.07800963081861957,2.051
M0,6,4.3842145040710605,4.529482888575485,4.238946119566635,1.2617522482063175,4.5397868702434395e-05,0.9,2.857711299997804,3.375068045726729e-05,0.07756653992395438,2.09
M0,7,3.3099180031907145,2.807090280724128,3.8127457256573005,1.2774333658528636,0.01627971541349131,1.0,4.761579162602537,3.278688524590164e-05,0.0771513353115727,2.041
M0,8,1.9241922613133948,2.767215655618907,1.081168867007883,1.4878405845900546,4.5397868702434395e-05,1.0,4.762848018096885,6.801007556675063e-05,0.09056603773584905,1.959
M0,9,2.9544711940019024,2.7759726507814104,3.132969737222394,0.9291181129614589,0.01268125794348878,1.0,0.0003013571670691384,4.2735042735042735e-05,0.08109028960817717,2.095
M0,10,1.9716777445546239,1.7050412108095359,2.2383142782997116,0.7649542902923886,0.002339043592499256,1.0,2.856994531273292,6.483790523690773e-05,0.08436724565756824,1.941
M0,11,1.3812177301095727,1.4240930583201068,1.3383424018990384,1.273557756723411,0.0002476395712828549,1.0,0.9525748155495265,6.563039723661487e-05,0.1006896551724138,1.834
M0,12,2.3994218396605858,1.6806885913665877,3.1181550879545843,1.282767756367716,0.017986209962091555,1.0,0.9534677461168335,4.581673306772908e-05,0.07182539682539682,1.919
M0,13,1.8146234053759716,2.3147167310844794,1.3145300796674635,1.6055553278514572,0.0002584873963778048,1.0,0.9525677176372778,4.87012987012987e-05,0.08659127625201939,1.851
M0,14,1.4854004677877708,1.389664859574554,1.5811360760009876,0.9163534153927743,0.012866726316290817,1.0,1.9082217150870004,5.4838709677419355e-05,0.09102564102564101,1.978
M0,15,1.5741079491760877,1.5479264082153268,1.6002894901368487,1.424627223096743,0.00018240031238594506,1.0,3.810287308637786,6.25e-05,0.10263157894736842,1.877
M0,16,1.8666136854809023,1.8860023739647513,1.8472249969970531,0.9298969551261438,0.002921537392333351,1.0,0.0049196249042249285,6.675938803894298e-05,0.10470914127423823,1.919
M0,17,3.4338051825243285,3.466991912363784,3.4006184526848733,1.3416435982704313,0.001250753128446795,1.0,1.9052632044402888,4.0389972144846796e-05,0.07683772538141471,2.096
M0,18,2.3957170413688513,2.6624352620243945,2.128998820713308,1.547681885503585,8.526630469499044e-05,1.0,1.9051457397147873,5.389221556886228e-05,0.08190854870775346,1.963
M0,19,1.6646168924869744,1.6765291301572223,1.6527046548167268,0.905565361150371,0.0002706774247611336,0.5,0.9525754301540791,4.878048780487805e-05,0.07220630372492837,1.927
M0,20,2.3576148444196936,2.886288514839923,1.8289411739994634,1.3553232064870995,4.5397868702434395e-05,1.0,0.9525654409011113,5.465587044534413e-05,0.09373737373737374,1.909
M0,21,1.8114911598648067,1.6572218258046956,1.9657604939249176,1.0159052386979948,0.036652653650396924,1.0,0.9548091921874329,6.0606060606060605e-05,0.08515111695137977,1.949
M0,22,2.459359761584896,1.8812958670900024,3.0374236560797896,1.5410952781907339,0.005563359363742827,1.0,0.0024932667925543495,3.685741998060136e-05,0.07628267182962246,1.893
M0,23,3.6387998717732715,4.272252563674975,3.005347179871568,1.0248757330993516,0.00021212041921675958,1.0,1.905124728124429,3.6769533814839134e-05,0.08638743455497383,2.03
M0,24,4.295711476881586,3.547708406083496,5.043714547679675,1.4967217994751851,0.014525498900222356,1.0,2.870901158564515,3.3010813887307915e-05,0.07881885292447473,2.107
M0,25,2.918724098497009,3.610039319015291,2.2274088779787267,1.220088883310021,0.028744091063814294,0.8333333333333334,0.9510776753736581,4.823747680890538e-05,0.08428835489833642,2.002
M0,26,1.1168366103862541,1.2049911726877516,1.0286820480847567,0.998034588792534,0.0019667395922131742,1.0,0.9526249617680991,9.071274298056156e-05,0.0929032258064516,1.832
M0,27,3.355415461603458,3.0005975920412697,3.7102333311656452,0.862320588276795,0.00013528306984928796,1.0,3.2515162029511657e-07,4.125177809388335e-05,0.08119233498935415,2.151
M0,28,3.4242276523306243,3.009691236878201,3.8387640677830475,1.3657882086303768,0.000746775188003875,1.0,4.762687811619649,3.258339798293251e-05,0.08531684698608966,2.068
M0,29,2.812470259835552,2.224259899564118,3.4006806201069866,1.7278747009528739,2.0962444125047645e-05,1.0,0.9525653365737563,3.571428571428571e-05,0.07248094834885689,1.899
M0,30,3.4766579740607546,5.053300755901208,1.9000151922203008,2.0908253793349236,0.0013184957225038946,1.0,2.8576606766895827,4.2906574394463666e-05,0.08437067773167357,2.1
M0,31,3.8427084219396725,4.143706822614397,3.5417100212649486,1.579201307892379,0.020516627763592202,1.0,0.9525204562429941,4.7117172969621824e-05,0.08247678018575852,2.091
M0,32,4.22678722036623,5.60062656621871,2.852947874513748,1.9302409863451295,0.0008036038640334469,1.0,1.898725914081857,3.171007927519819e-05,0.07647058823529412,2.02
M0,33,2.455154631044337,2.6242451824339685,2.286064079654706,1.1366540601828288,0.00046892969460199667,1.0,5.715636972780475,6.025267249757046e-05,0.08651794374393793,1.971
M0,34,3.267225711725389,1.8955756370490986,4.638875786401679,2.034158584895687,0.00040874210219912706,1.0,0.9522987480222563,4.2857142857142856e-05,0.08748019017432648,1.911
M0,35,2.1750349724850553,2.6790177295728497,1.6710522153972613,1.1440853254243355,0.02574016719113921,1.0,0.9357930689821574,5.1860202931228856e-05,0.08693693693693694,2.102
M0,36,3.1982581569903368,3.2196896613643005,3.1768266526163726,2.000329957107836,8.69850839883606e-05,1.0,5.715425775296906,5.3691275167785237e-05,0.08518242740134027,1.919
M0,37,2.426856056863049,2.3331928764454144,2.5205192372806833,1.0490653859389796,0.05442422630370092,1.0,0.9484468726108386,3.9215686274509805e-05,0.08101761252446182,1.994
M0,38,2.500505958521682,1.8289408240427554,3.172071093000609,1.4877773627068342,1.7331477420777327e-05,1.0,1.9051369564540526,5.286343612334802e-05,0.10517051705170517,1.991
M0,39,2.5981417455769065,1.2716837935736323,3.92459969758018,1.6356105347962253,0.00018085241684187431,1.0,8.291405405369545e-06,4.411764705882353e-05,0.08249312557286893,2.09
P_k2,0,1.6968227951823018,1.5267533111717038,1.8668922791928997,0.8800934330135907,0.5,0.8333333333333334,0.7486091210676564,6.114649681528662e-05,0.0790874524714829,1.885
P_k2,1,2.435372004605815,3.2660948722919523,1.6046491369196776,1.3894674623604464,0.5,1.0,0.019295782512500748,4.351767905711695e-05,0.07934782608695652,1.968
P_k2,2,2.4443373452217045,2.2855685421345693,2.60310614830884,1.0554094558998561,0.5,1.0,2.610482851315967,4.6473029045643156e-05,0.06727423363711682,1.855
P_k2,3,2.4277405470181423,1.8181489476318715,3.0373321464044136,1.0978069584341807,0.5,1.0,0.7084539942479746,4.9056603773584906e-05,0.07751646284101599,1.959
P_k2,4,2.601621468443757,3.03160957157311,2.1716333653144035,0.9095776562060608,0.5,1.0,0.7799793044749928,2.8075970272502064e-05,0.06880658436213992,1.975
P_k2,5,2.4086750786086975,2.157180408407072,2.660169748810323,0.8152199702053702,0.5,1.0,0.7993339683676055,4.032997250229148e-05,0.06946983546617916,1.885
P_k2,6,4.183202601448784,4.933041209154278,3.4333639937432894,1.3356436394086955,0.5,1.0,0.1178859273781514,3.131749460043196e-05,0.07456896551724138,2.16
P_k2,7,2.5158566981486468,2.7050216870978363,2.3266917091994572,0.8946870364126129,0.5,1.0,0.01216991426849745,5.3619302949061666e-05,0.08492417484388938,1.902
P_k2,8,3.6385096677664457,5.00753202269114,2.2694873128417505,1.8261529949039164,0.5,1.0,0.10769714229841565,3.227808814400993e-05,0.07058823529411765,2.078
P_k2,9,1.6939780277488825,2.215095489389678,1.172860566108087,0.9192155283438663,0.5,1.0,1.888246402404434,4.3184885290148445e-05,0.08636977058029689,1.882
P_k2,10,3.6490004849397892,2.6950474399809767,4.602953529898602,1.401028461715267,0.5,1.0,0.02153064969973628,3.6848792884371024e-05,0.07466666666666666,2.056
P_k2,11,2.033012744845727,1.5246243079170938,2.54140118177436,1.6445329442759224,0.5,1.0,0.7669871208966459,5.381165919282511e-05,0.0738255033557047,1.743
P_k2,12,2.2005360058554935,2.7289661922318897,1.6721058194790976,0.850468564339176,0.5,1.0,1.0424776617860632,5.273833671399594e-05,0.09373737373737374,1.974
P_k2,13,4.495243251116314,4.204064759856481,4.786421742376146,1.0901144356421848,0.5,0.8571428571428572,2.2018893568226625,3.61504640937958e-05,0.07239024390243902,2.051
P_k2,14,2.6512642466528944,3.284151389039295,2.0183771042664937,1.398842120485858,0.5,0.8,1.8745048240468007,6.098843322818087e-05,0.08991596638655462,1.936
P_k2,15,2.8545400471453344,3.0723820159431767,2.6366980783474916,0.9958729879400299,0.5,1.0,2.7312428702172458,3.8678485092667205e-05,0.07453815261044178,1.95
P_k2,16,2.62463216332084,2.2617047986974153,2.9875595279442653,0.9379170979191584,0.5,1.0,0.07013868955294678,4.329725228975854e-05,0.08132780082987551,2.022
P_k2,17,2.945667158895426,3.0506675874839306,2.8406667303069213,1.0904399324745166,0.5,1.0,1.419179687756584,3.829416884247171e-05,0.06921739130434783,1.948
P_k2,18,2.7500360239929864,2.7351245052396975,2.764947542746276,0.7592404147490408,0.5,1.0,1.6219664680489672,3.192338387869114e-05,0.07898089171974522,2.058
P_k2,19,3.6215051972064045,3.7610447978369344,3.481965596575875,0.8313134583701768,0.5,1.0,0.16829668235958595,3.061224489795918e-05,0.07786259541984733,2.055
P_k2,20,2.4943992300556785,2.3650767104756767,2.62372174963568,0.9481682232808005,0.5,0.8571428571428572,3.340255709884824,3.928905519176801e-05,0.07776744186046511,1.915
P_k2,21,2.466773309950806,2.4562851531131416,2.47726146678847,1.0839020687615537,0.5,1.0,0.9796546555619416,4.049295774647888e-05,0.06947368421052631,1.917
P_k2,22,1.7065457112284634,1.512392342748849,1.900699079708078,1.117071279374711,0.5,1.0,5.525703785073979,4.371584699453552e-05,0.056368563685636856,1.779
P_k2,23,2.757706147106616,3.1216386011211723,2.39377369309206,1.4468701611341275,0.5,0.8571428571428572,0.1449309023998273,4.133545310015898e-05,0.07480190174326466,1.985
P_k2,24,2.855247918874801,2.025028432265833,3.6854674054837684,1.1174530447929767,0.5,0.8,0.2264244720618529,3.360116873630387e-05,0.07580174927113703,1.933
P_k2,25,2.1432437720557047,3.340085527271824,0.9464020168395854,1.3737645455587788,0.5,0.6666666666666667,1.4949890029396304,3.9473684210526316e-05,0.07210526315789474,1.852
P_k2,26,3.2420260987574223,2.9080515026371576,3.5760006948776866,1.9194630645782382,0.5,1.0,2.7692621145283463,3.513703443429375e-05,0.0762438682550806,2.05
P_k2,27,2.765408449937329,2.283614510885931,3.247202388988727,1.161026212518729,0.5,1.0,0.007760960224238667,5.199025182778229e-05,0.07922077922077922,2.042
P_k2,28,2.7129799218218795,2.8853722427482182,2.540587600895541,1.0316548357188942,0.5,1.0,0.005184756451135808,4.805302402651202e-05,0.08099173553719008,2.02
P_k2,29,3.860222623601774,4.545242893768603,3.175202353434945,1.3125747261157568,0.5,1.0,3.6412581174908096,3.26025857223159e-05,0.06618059450364554,1.94
P_k2,30,1.9296946162613897,1.5917182142793467,2.2676710182434325,0.960709860715031,0.5,1.0,0.015958386517805234,4.4063647490820076e-05,0.07081807081807082,1.854
P_k2,31,2.039983801482048,2.3680852847575276,1.7118823182065686,1.003283396676468,0.5,1.0,0.6800578516161444,5.894736842105263e-05,0.07907465825446898,2.043
P_k2,32,1.9929096090829177,2.6625824826542996,1.3232367355115355,1.1069982710226969,0.5,1.0,2.6693815221775856,5.6133056133056136e-05,0.07518172377985462,1.918
P_k2,33,2.5174083478927223,3.0311281940491765,2.0036885017362676,1.1505572466172487,0.5,1.0,2.4561253942823624,4.41696113074205e-05,0.06990291262135923,1.923
P_k2,34,2.515378500746567,2.8922028139516205,2.1385541875415135,1.5939249965012852,0.5,1.0,1.4748569960708404,4.923599320882852e-05,0.07823878069432684,2.047
P_k2,35,2.698480897577066,3.56230948644685,1.8346523087072812,1.4311220590054545,0.5,1.0,2.3308679147148936,4.41696113074205e-05,0.07682819383259912,1.943
P_k2,36,3.4764248487956038,3.618589148960347,3.3342605486308603,1.02085096245396,0.5,1.0,1.9325339307073683,3.9384615384615384e-05,0.06629834254143648,2.027
P_k2,37,2.571377335365517,2.3377779818955062,2.804976688835528,0.7827518703622967,0.5,1.0,1.8778362187762565,3.3391915641476275e-05,0.0820333041191937,2.055
P_k2,38,2.3357422384613273,2.5599296757030214,2.1115548012196337,1.0674971058608969,0.5,1.0,1.8962926032751266,4.5662100456621e-05,0.06994535519125683,1.862
P_k2,39,1.9573388457673244,0.8518684452087019,3.062809246325947,1.4666530390753454,0.5,1.0,2.595689977040186,4.323094425483504e-05,0.07828054298642534,1.895
P_k10,0,3.9439915449918383,4.139314617879206,3.748668472104471,1.0570184225593477,0.5,0.9,0.7519556993102787,2.6974951830443158e-05,0.0709346991037132,1.976
P_k10,1,3.451186085466598,4.131447210261626,2.77092496067157,1.9412776557498668,0.5,1.0,0.971883453925777,3.1907179115300945e-05,0.08248914616497828,2.018
P_k10,2,1.6559961316536147,1.1984560827407407,2.1135361805664887,0.9808052889600861,0.5,1.0,1.8812645059304303,5.7224606580829754e-05,0.0804564907275321,1.83
P_k10,3,3.0741975765208105,3.32898024634374,2.819414906697881,1.5066490014060216,0.5,1.0,1.0290141806387676,4.606240713224369e-05,0.07881481481481482,2.023
P_k10,4,3.1870704824896747,4.0187614130453015,2.355379551934047,1.316695805471604,0.5,1.0,1.3988207621562605,3.5687732342007436e-05,0.0763744427934621,1.919
P_k10,5,3.116092074814493,3.0109673697652073,3.221216779863779,0.8985111065272117,0.5,1.0,0.24089751680559912,4.060913705583756e-05,0.07554269175108538,2.013
P_k10,6,2.412860565679982,2.950355289033676,1.875365842326288,1.3569516337819165,0.5,1.0,0.23550674318318565,3.5242290748898684e-05,0.07311072056239015,1.955
P_k10,7,2.041714380534253,1.658877414355257,2.4245513467132485,1.321489147400879,0.5,1.0,0.9516427676764737,5.034324942791762e-05,0.07168949771689498,1.946
P_k10,8,2.3852622891887734,3.2330200356356125,1.5375045427419343,1.4407353331347195,0.5,1.0,4.473977538717024,3.791469194312797e-05,0.07083333333333333,1.886
P_k10,9,2.4258951482810325,2.253197306496336,2.598592990065729,0.5471771622497261,0.5,0.8,0.3573114869138272,4.6893317702227434e-05,0.07906432748538011,1.892
P_k10,10,3.404852368318505,3.3425374519332878,3.4671672847037223,1.175600219088099,0.5,1.0,1.1638058201200008,4.0312093628088426e-05,0.07797270955165692,1.971
P_k10,11,3.9681557382810397,4.923876592617929,3.012434883944151,1.3239822632255052,0.5,0.9,1.0893039515491014,4.026845637583892e-05,0.0757190635451505,2.005
P_k10,12,3.8908375032249607,4.288227392859406,3.493447613590515,1.2992451290636953,0.5,1.0,2.777111303372256,3.212373587150506e-05,0.07748815165876778,2.127
P_k10,13,1.7810634493619495,1.7043359424315858,1.8577909562923127,0.7624105627518799,0.5,1.0,0.009327270303762458,5.555555555555555e-05,0.08190224570673711,1.829
P_k10,14,2.2945701225246458,2.5436136518103893,2.045526593238902,0.9248184344571292,0.5,1.0,2.5073727337773164,5.0505050505050505e-05,0.08629032258064516,1.962
P_k10,15,2.3893255631550456,1.6833817507008662,3.0952693756092247,1.3268311895117975,0.5,1.0,0.282392215832177,4.801477377654663e-05,0.07705069124423963,1.887
P_k10,16,2.301474544937072,1.6449958181380457,2.9579532717360983,1.301461660255767,0.5,0.8,1.893098405649686,6.225680933852141e-05,0.09274611398963731,1.803
P_k10,17,1.6001047777068138,1.7215038093457111,1.4787057460679165,1.037967052923047,0.5,1.0,1.5798640701023157,4.705882352941177e-05,0.07760416666666667,1.929
P_k10,18,2.1102758323421553,1.9221221623822005,2.2984295023021106,1.2077430045651436,0.5,1.0,3.4831588084534344,3.659849300322928e-05,0.07116827438370847,1.927
P_k10,19,2.949616331838987,3.095282750030284,2.80394991364769,1.7346233234226909,0.5,1.0,0.5062218591263248,4.651162790697674e-05,0.07642857142857143,2.033
P_k10,20,2.899131747102383,2.2640062840073956,3.534257210197371,1.2357873994861392,0.5,0.8333333333333334,2.9500980733996602,3.64963503649635e-05,0.07709090909090908,1.865
P_k10,21,2.6741967369692348,3.6123969292084994,1.7359965447299703,1.4059718650410746,0.5,1.0,3.5750202405117024,4.3215211754537596e-05,0.07530224525043178,1.919
P_k10,22,2.732458807993581,2.7802440091161067,2.6846736068710557,1.2525825830969,0.5,1.0,2.2744267621777023,3.5000000000000004e-05,0.07248545303408147,1.966
P_k10,23,2.443036069686679,2.127280081267975,2.7587920581053833,0.9483485225779873,0.5,1.0,1.8705051487242637,2.8520499108734402e-05,0.07330960854092526,2.02
P_k10,24,1.255228317393891,1.411285617909553,1.099171016878229,0.7346940053197843,0.5,1.0,1.8959515949982921,7.692307692307693e-05,0.08555758683729434,1.833
P_k10,25,2.808862250577162,2.4649611301088594,3.152763371045465,1.192175050533747,0.5,1.0,1.4452015748465799,3.525046382189239e-05,0.07622571692876964,1.971
P_k10,26,3.1231530522382824,2.142808658332931,4.103497446143634,1.5241638563910467,0.5,1.0,2.032728674274999,3.717472118959108e-05,0.08562962962962962,2.017
P_k10,27,1.7767637565618362,1.9795908888667284,1.5739366242569435,0.8389377632569414,0.5,1.0,0.09061655867260177,4.6565774155995343e-05,0.0730232558139535,1.805
P_k10,28,2.4525414462252204,2.5178188122178264,2.3872640802326153,1.5777119068113588,0.5,1.0,2.952889902768116,4.5829514207149406e-05,0.08621004566210046,2.021
P_k10,29,1.782313736155563,1.3664668415765613,2.1981606307345647,0.9422058836062226,0.5,1.0,2.82020645540518,4.450261780104712e-05,0.06397919375812744,1.82
P_k10,30,3.5156947781985695,4.499100470981417,2.532289085415721,1.3327751031138193,0.5,0.8333333333333334,2.644905386960399,4.619970193740686e-05,0.09560685033507074,2.015
P_k10,31,3.6436780635421475,2.48179965583956,4.805556471244735,1.5512877445113635,0.5,1.0,0.4923419249467287,4.012158054711246e-05,0.07014563106796116,2.047
P_k10,32,2.600684329866674,2.55532702250906,2.646041637224288,1.0231752166409938,0.5,1.0,0.5302419413638946,4.1025641025641023e-05,0.0825234441602728,1.978
P_k10,33,3.115409570133774,3.5854592702756816,2.6453598699918666,1.6804946122809858,0.5,1.0,1.7410832024356764,4.913294797687861e-05,0.07711191335740072,2.114
P_k10,34,4.4268620515487305,4.120297333657211,4.73342676944025,2.022644579420855,0.5,1.0,0.49514719345580716,2.3694130317716745e-05,0.06924731182795699,2.026
P_k10,35,3.36048008178748,2.7367671544219547,3.984193009153005,1.3327936269278626,0.5,1.0,2.0020385684533557,4.2119565217391304e-05,0.08335588633288228,2.002
P_k10,36,2.8419392184233914,2.958824423972985,2.7250540128737977,0.8885935554259804,0.5,1.0,1.6577048330654258,4.6141607000795545e-05,0.08324066719618746,1.994
P_k10,37,3.0254136504178253,1.4906466230718312,4.560180677763819,1.790679576714273,0.5,1.0,2.7803862033375655,3.8528896672504375e-05,0.08753269398430688,1.895
P_k10,38,2.64997598458084,2.775907061730944,2.524044907430736,1.3107910637291655,0.5,1.0,0.29980361739208483,4.1060735671514114e-05,0.07666098807495741,1.918
P_k10,39,3.3688555780008316,4.878722417664969,1.8589887383366945,1.9922065298506426,0.5,0.5,0.9468556484196395,4.6925566343042066e-05,0.0766990291262136,1.978
C_k2,0,2.7980942497295627,2.77672125636951,2.8194672430896155,0.23057682057083573,0.0011970894619336165,1.0,8.545239110535618e-06,1.3651877133105803e-05,0.0851063829787234,1.976
C_k2,1,2.7815107450773,2.819615908536,2.743405581618599,0.2584259497552631,2.3317665771060824e-05,1.0,1.6834048025771153e-05,2.6046511627906976e-05,0.08126159554730984,1.761
C_k2,2,2.809969769391122,2.80523994928879,2.814699589493454,0.20758865815704708,0.0002635869456798773,1.0,0.9525577049123175,3.1638418079096046e-05,0.10281848928974072,1.959
C_k2,3,2.6941533707898357,2.743067538084907,2.645239203494764,0.21855752566622427,0.5124005931893368,1.0,0.2448126842724747,2.201524132091448e-05,0.06891891891891891,1.805
C_k2,4,2.6767286920271136,2.7053100432289803,2.6481473408252474,0.37369571846807415,2.0668041419295998e-05,0.8,6.787205551805897e-06,3.211418376449598e-05,0.09395017793594307,1.967
C_k2,5,2.8053266542559356,2.8243805010534255,2.7862728074584457,0.217167316662556,4.61227493568445e-05,1.0,2.95209722001033e-06,2.3829787234042553e-05,0.08047538200339559,1.951
C_k2,6,2.778997943598597,2.786220306010333,2.7717755811868607,0.26207065204585706,0.0007611456316191767,1.0,0.0003333084976713252,2.569593147751606e-05,0.0905016008537887,1.955
C_k2,7,2.8148553303856865,2.8386693851582425,2.791041275613131,0.19747237093549175,6.144174602214717e-06,1.0,1.2792040444686847e-06,2.374893977947413e-05,0.07884940778341794,1.907
C_k2,8,2.755223292616928,2.8099228442614788,2.7005237409723772,0.2950468639688488,0.0006858627149465954,1.0,0.0004078325152874207,1.9064124783362217e-05,0.07951598962834917,1.928
C_k2,9,2.72604149085611,2.6246924810780343,2.827390500634186,0.32568970097285577,0.017947425995077912,1.0,0.9549705495886296,2.274715660542432e-05,0.0869109947643979,2.017
C_k2,10,2.771988116916239,2.729123388500852,2.814852845331626,0.27260881726324704,4.5397868702434395e-05,1.0,4.067166047505566e-06,2.2394487510766578e-05,0.08625429553264605,2.037
C_k2,11,2.744098243933383,2.6404864444775864,2.847710043389179,0.3145062885494141,0.013624433569900644,0.8,0.00161318590646653,2.6086956521739128e-05,0.09262792714657417,2.022
C_k2,12,2.7577011493778993,2.7100716929611792,2.8053306057946195,0.2920150284791972,1.320983954025426e-05,1.0,3.384168863362902e-06,2.0779220779220778e-05,0.08704663212435233,1.996
C_k2,13,2.795282380295171,2.766236888651378,2.8243278719389644,0.24419635279756585,0.006247481135792219,1.0,0.0019732633473505956,1.8787361229718187e-05,0.07495741056218058,1.922
C_k2,14,2.7672219266460947,2.8291347325619607,2.7053091207302287,0.2793076171574028,0.00031853599875075023,1.0,4.020392068726508e-05,3.082502266545784e-05,0.0832579185520362,1.922
C_k2,15,2.7672245161008204,2.75769701258298,2.776752019618661,0.2793088403197571,2.5182216240821263e-05,1.0,2.288448250453712e-06,3.0120481927710842e-05,0.0996996996996997,2.021
C_k2,16,2.790862154835686,2.790697720812729,2.7910265888586427,0.2521804585307805,0.0027271909136218535,1.0,0.0010880722742090398,3.421727972626176e-05,0.0993174061433447,2.024
C_k2,17,2.779097105742711,2.8148384526900196,2.7433557587954027,0.2705935573934304,0.00034069331303189884,1.0,4.536292645651585e-05,2.5773195876288658e-05,0.0808911739502999,1.858
C_k2,18,2.770478022397973,2.7572367215181415,2.783719323277805,0.27249602794155103,0.009337385318049401,0.8,0.002995766460943461,2.376599634369287e-05,0.08495897903372834,1.978
C_k2,19,2.80053883844117,2.814818727954753,2.7862589489275855,0.22622254806002456,0.00024039076473875382,1.0,5.5939084851797105e-05,2.5575447570332482e-05,0.08095238095238096,1.845
C_k2,20,2.7594542375060116,2.699879537180851,2.8190289378311717,0.28889121687712305,0.0025114071236484164,1.0,0.00022055897343875586,2.249134948096886e-05,0.08248490077653149,1.879
C_k2,21,2.7691135050931392,2.7286536256171656,2.8095733845691124,0.27594893271688714,0.0026600016937392335,1.0,8.070897195189275e-05,1.759014951627089e-05,0.08,1.876
C_k2,22,2.707637488670156,2.738559809383647,2.6767151679566643,0.34698680156764483,0.00033474460023688655,1.0,0.9528726066569171,3.0534351145038166e-05,0.09210275927687916,1.948
C_k2,23,2.750245260608704,2.7667837728514812,2.7337067483659268,0.3084160076614516,0.003015598694825762,1.0,0.004034660726150108,1.911381407471764e-05,0.08110918544194108,1.836
C_k2,24,2.767226639641283,2.7719885863320046,2.762464692950561,0.2793087611426426,2.979452529759707e-05,1.0,1.0155541773748666e-05,2.9335634167385678e-05,0.09191049913941482,1.943
C_k2,25,2.781513318157295,2.7910407886092288,2.771985847705362,0.26706056942407563,2.1060578360298196e-05,1.0,1.9566798310499678e-06,2.0600858369098713e-05,0.09417808219178084,1.962
C_k2,26,2.7767386346118172,2.7815156078266954,2.771961661396939,0.2656542162051564,0.00011194281064737549,1.0,5.996487751236401e-06,2.235597592433362e-05,0.08679245283018867,1.94
C_k2,27,2.7956820142849663,2.7957271054501756,2.795636923119757,0.24428074017991572,0.0010513365942328575,0.8,4.3241147737571595e-05,1.8787361229718187e-05,0.08415672913117547,1.951
C_k2,28,2.7698179222866113,2.714277015360126,2.825358829213097,0.272262418449803,0.011548071437826992,1.0,0.951882837109935,2.0671834625323e-05,0.09072164948453608,1.977
C_k2,29,2.8337134357947105,2.8338231721028824,2.8336036994865377,0.14869831715935497,0.0007976586823242321,1.0,0.9520237065075439,1.3479359730412805e-05,0.08100840336134453,1.985
C_k2,30,2.6860046818129892,2.652831033706233,2.719178329919746,0.36590157408282376,0.0024726231566347743,1.0,0.9525480941975779,3.730017761989343e-05,0.0921985815602837,2.04
C_k2,31,2.7457890903215163,2.6767247382355324,2.8148534424075002,0.3067436473656098,4.61227493568445e-05,1.0,2.205025111057246e-05,2.5664527956003667e-05,0.08051235132662397,1.907
C_k2,32,2.7648422794594425,2.7767468158609483,2.752937743057937,0.2825690460275182,1.2621034128750964e-05,0.8,1.779650549149636e-05,1.7271157167530226e-05,0.07338501291989664,1.985
C_k2,33,2.6812776587951612,2.719210322275302,2.6433449953150205,0.37593191624666156,0.0032040786738744176,1.0,1.9060104393198423,2.67379679144385e-05,0.08099467140319716,1.949
C_k2,34,2.828829486549653,2.8481467170496946,2.809512256049611,0.16247468827768938,0.0009392119336582616,1.0,0.0013379631609131692,1.6877637130801688e-05,0.07676767676767676,1.882
C_k2,35,2.8386616197431396,2.8291378336768935,2.848185405809385,0.13336026295834708,4.5397868702434395e-05,1.0,5.606438892247212e-06,1.345668629100084e-05,0.08456375838926175,1.9
C_k2,36,2.8219928601208837,2.8243731092979294,2.819612610943837,0.19310142490099888,4.5397868702434395e-05,1.0,6.2975811916388125e-06,1.8612521150592215e-05,0.09080168776371308,1.931
C_k2,37,2.817226970385332,2.8005580041735607,2.833895936597102,0.2346762955281267,0.00015330695197429011,1.0,4.665180199570074e-05,1.864406779661017e-05,0.08926458157227389,2.008
C_k2,38,2.7672020246633804,2.7052665350314,2.8291375142953616,0.2793210982691838,0.0004351664989548503,1.0,0.9527097898481296,2.0707506471095772e-05,0.08743545611015491,1.973
C_k2,39,2.7863979920551776,2.770900767813599,2.801895216296756,0.24672587624566233,0.017986209962091555,1.0,0.002664889272810722,2.3972602739726026e-05,0.08778821520068317,1.958
C_k10,0,1.9051203510592611,1.9051203510592611,1.9051203510592611,2.220446049250313e-16,0.0003353501304664781,0.0,0.0,0.0,0.02,1.663
C_k10,1,1.907518164567327,1.9051450774967953,1.9098912516378583,0.04756555325434788,0.001200945706064638,0.0,2.024484664486792e-05,2.5031289111389237e-06,0.025967540574282147,1.763
C_k10,2,1.9051470928741634,1.905147092757959,1.9051470929903676,2.3211778451530167e-09,6.144174602214717e-06,0.6666666666666667,4.648169538157276e-08,2.506265664160401e-06,0.0265,1.767
C_k10,3,1.9075070424648004,1.909876288155022,1.9051377967745788,0.047569737458733365,9.831415647437241e-05,0.0,6.681418305154452e-05,7.50938673341677e-06,0.02546816479400749,1.765
C_k10,4,1.9048502961047549,1.904834741993177,1.904865850216333,6.297264965070084e-05,0.01709417872077779,0.0,0.00027050628831437606,0.0,0.0255,1.777
C_k10,5,1.9051380588194124,1.9051376018155788,1.9051385158232461,1.3224175986350278e-05,0.002335632819961631,0.0,0.0,0.0,0.02,1.704
C_k10,6,1.9047533749243235,1.9045403589756125,1.9049663908730343,0.0002605326446044324,0.011586855404840633,0.0,0.0005292321707108805,0.0,0.019,1.772
C_k10,7,1.9051366518357995,1.9051451667939825,1.9051281368776165,1.452585375250733e-05,0.0007480977798397946,0.0,4.496076786875136e-06,0.0,0.0215,1.806
C_k10,8,1.9048885299356746,1.9051123614552916,1.9046646984160578,0.0005653032247151077,0.0023929294656714305,0.0,0.001925227746356839,0.0,0.028,1.745
C_k10,9,1.9075245160921157,1.9099060156484635,1.9051430165357675,0.04756933220632106,0.0002708357522239784,0.0,0.0,7.50938673341677e-06,0.02446941323345818,1.825
C_k10,10,1.9046061770656377,1.9051366377738885,1.904075716357387,0.0012175390050781236,0.0022559443940619785,0.6666666666666667,0.0005751988543651887,2.506265664160401e-06,0.0205,1.827
C_k10,11,1.9051456666024438,1.9051456666024438,1.9051456666024438,0.0,4.5397868702434395e-05,0.0,0.0,0.0,0.027,1.715
C_k10,12,1.9074268124665361,1.9049696304697243,1.909883994463348,0.04757285175522051,0.0013933002784197852,0.6666666666666667,0.00020096569384531193,2.5031289111389237e-06,0.02247191011235955,1.838
C_k10,13,1.905092057400248,1.9051117632241283,1.9050723515763672,6.693425105867894e-05,0.00040669462970879756,0.0,0.00033606815218867325,0.0,0.032,1.729
C_k10,14,1.9051302315781016,1.9051339061204735,1.9051265570357299,1.33537855451345e-05,0.0014413889215085718,0.0,0.0,0.0,0.0255,1.718
C_k10,15,1.9051472553729958,1.9051466367553118,1.9051478739906798,6.943654911104818e-07,0.0002070462546358888,0.0,1.398006065134183e-06,0.0,0.031,1.811
C_k10,16,1.9075244762200012,1.9051476162726004,1.909901336167402,0.04756723339726942,0.0001223450395839337,0.0,1.3831063135461008e-05,2.5031289111389237e-06,0.021473158551810236,1.708
C_k10,17,1.9051470129649026,1.9051469745682772,1.9051470513615283,5.416510571415596e-07,4.6847630011254605e-05,0.0,0.0,0.0,0.023,1.789
C_k10,18,1.905147500127728,1.9051474882848327,1.9051475119706232,2.3656164335053686e-07,4.61227493568445e-05,0.0,0.0,0.0,0.02,1.733
C_k10,19,1.9047080522891258,1.9047080522891258,1.9047080522891258,0.0,0.0024726231566347743,0.0,0.0,0.0,0.024,1.697
C_k10,20,1.9051335158452878,1.9051238383186506,1.9051431933719252,1.2175695456120094e-05,0.00017442662518743387,0.0,2.4500067435484496e-05,0.0,0.0205,1.709
C_k10,21,1.905100448572129,1.905100448572129,1.905100448572129,2.220446049250313e-16,0.017986209962091555,0.0,0.0,0.0,0.025,1.623
C_k10,22,1.903019600063274,1.9050229474860658,1.9010162526404821,0.004929987416604145,0.06139625619894506,1.0,0.017694182328336083,5.012531328320802e-06,0.0275,1.788
C_k10,23,1.9051462085100601,1.905147193232553,1.9051452237875675,2.5943351738849397e-06,0.0005293188107289245,0.0,0.0,0.0,0.0225,1.79
C_k10,24,1.9050046896269737,1.9050782612604513,1.904931117993496,0.0001468159177911563,0.006816427462162673,0.0,0.00032698503767814024,0.0,0.0195,1.742
C_k10,25,1.9022726952544458,1.901937852392982,1.902607538115909,0.0015660024820733627,0.013364376589504411,0.6666666666666667,0.00045656939385008144,2.506265664160401e-06,0.026,1.699
C_k10,26,1.9051367574035811,1.905147835724964,1.905125679082198,2.411861938085421e-05,6.0659425790319286e-05,0.6666666666666667,6.538096828645479e-05,2.506265664160401e-06,0.022,1.758
C_k10,27,1.9051430271673946,1.9051431074676686,1.9051429468671204,6.016782079796816e-07,4.471092905568055e-05,0.0,4.588587083853568e-06,0.0,0.0245,1.784
C_k10,28,1.905136826387046,1.905136826387046,1.905136826387046,4.440892098500626e-16,4.5397868702434395e-05,0.0,0.0,0.0,0.0195,1.807
C_k10,29,1.905056387687588,1.9050833433281216,1.9050294320470544,0.0001022348074387811,0.0004742728771674174,0.0,0.00041470216205041766,0.0,0.024,1.824
C_k10,30,1.9045888310187655,1.9049801252496277,1.9041975367879036,0.0013347645637598775,0.005582255021397826,0.6666666666666667,0.0125333636316729,5.012531328320802e-06,0.024,1.767
C_k10,31,1.905091564647067,1.9051475627938208,1.9050355665003134,7.9073277649626e-05,0.005980417443816054,0.0,0.00016732007582254127,0.0,0.024,1.774
C_k10,32,1.9051470744509584,1.9051470929903676,1.9051470559115489,3.7032441183473806e-07,6.242308837465266e-06,0.0,0.0,0.0,0.0185,1.85
C_k10,33,1.9049694621482232,1.9050746573715958,1.9048642669248506,0.0002060616816986033,0.0007745671727691788,0.0,0.0,0.0,0.0245,1.824
C_k10,34,1.903889631619482,1.9042575079246138,1.90352175531435,0.0006555183420678771,0.027601797607794024,0.6666666666666667,0.001312986678827066,2.506265664160401e-06,0.021,1.728
C_k10,35,1.905147166554188,1.9051468913233647,1.9051474417850114,5.785014567289186e-07,0.00024908933259167515,0.0,0.0,0.0,0.022,1.685
C_k10,36,1.9048340828303565,1.9046038668360976,1.9050642988246158,0.00026237055162767463,0.009221033417008475,0.0,0.0005292321707108805,0.0,0.028,1.814
C_k10,37,1.9051475497146795,1.9051475497146795,1.9051475497146795,4.440892098500626e-16,4.5397868702434395e-05,0.0,0.0,0.0,0.0175,1.721
C_k10,38,1.9051246201933707,1.9051123614552916,1.9051368789314502,1.5171373683384115e-05,0.00022081898706968083,0.0,3.103477994836901e-05,0.0,0.026,1.751
C_k10,39,1.9051280707179086,1.9051340893409554,1.9051220520948617,1.9289915792866184e-05,0.0011261411501487476,0.6666666666666667,5.337322383391907e-06,2.506265664160401e-06,0.0215,1.69
C_k10_Rmatch,0,2.8529557258830573,2.8529533577011814,2.8529580940649337,0.06718839014333518,2.4925754542725883e-05,0.8,2.5195137838274206e-06,1.3389121338912134e-05,0.130550918196995,2.066
C_k10_Rmatch,1,2.452654708897619,2.4676969103716506,2.437612507423588,0.07369143643903427,0.4847681168808847,0.0,0.3760550368507771,0.0,0.027333333333333334,1.73
C_k10_Rmatch,2,2.850535488610006,2.8481795772648524,2.8528913999551593,0.0821841266806303,0.00021067065790793932,0.5,5.9482645795583267e-05,5.025125628140704e-06,0.10827067669172932,1.974
C_k10_Rmatch,3,2.8505742045920255,2.8529588917462525,2.8481895174377985,0.08218519199714953,3.8093992777296416e-05,0.5,1.7686765655611225e-05,6.700167504187605e-06,0.10827067669172932,1.937
C_k10_Rmatch,4,2.8440808265440625,2.8331257175336857,2.85503593555444,0.10572606878264608,0.01627971541349131,0.5,0.0018295570164026387,1.174496644295302e-05,0.13322175732217575,1.954
C_k10_Rmatch,5,2.8529363243346806,2.852937625648583,2.8529350230207786,0.06718704399274077,0.00023386683884906286,0.5,9.819923929121899e-06,5.681818181818182e-06,0.13686200378071833,2.069
C_k10_Rmatch,6,2.8553348054203003,2.857711643714118,2.852957967126482,0.047568861727632486,2.3710202712063025e-05,0.8,1.0423932657932511e-05,5.016722408026756e-06,0.1127606338615513,1.844
C_k10_Rmatch,7,2.8553394004786865,2.857720832585478,2.852957968371896,0.047569069076687995,4.5397868702434395e-05,0.0,0.0,1.6722408026755853e-06,0.1274395329441201,1.997
C_k10_Rmatch,8,2.723108023991241,2.845333772550606,2.600882275431876,0.16775791857807248,0.1998970393912906,0.0,0.35386778685357045,1.6722408026755853e-06,0.07272727272727272,1.757
C_k10_Rmatch,9,2.8553354427235487,2.8529544834818625,2.8577164019652344,0.04756889590581124,3.7939666823392656e-05,0.8,5.481395986883797e-06,5.016722408026756e-06,0.11576313594662217,1.976
C_k10_Rmatch,10,2.8518321984978763,2.8557294593941522,2.847934937601601,0.06712873139666677,0.009492521186103968,0.5,0.0019490097211409818,5.02092050209205e-06,0.11786310517529214,1.962
C_k10_Rmatch,11,2.8410431463182357,2.8386552626502417,2.8434310299862293,0.12490599161331492,0.00019689792547414726,0.5,1.3602771082865672e-05,1.3445378151260504e-05,0.11500419111483656,1.998
C_k10_Rmatch,12,2.8528902261939537,2.8528850036050937,2.8528954487828138,0.06718734328813927,0.0002476395712828549,0.8,2.1468272080049644e-06,1.2547051442910916e-05,0.1316645807259074,1.89
C_k10_Rmatch,13,2.8577075641210197,2.857721737486795,2.857693390755243,1.928120827555717e-05,0.00010381735941823926,0.5,1.2597817778292608e-05,3.499562554680665e-06,0.11458515283842796,1.947
C_k10_Rmatch,14,2.848475034369758,2.844809716901786,2.852140351837729,0.08214846596200329,0.011276583668731497,0.5,0.0032541410883366595,1.0050251256281408e-05,0.1162907268170426,1.96
C_k10_Rmatch,15,2.8552895320527556,2.8576384996576154,2.852940564447896,0.04756712160913591,0.00021284529987116964,0.8,7.946650289492041e-05,5.016722408026756e-06,0.11576313594662217,1.995
C_k10_Rmatch,16,2.4966774944481127,2.496706992895952,2.4966479960002728,6.696762390670478e-05,0.5,0.5,0.00018152890978351266,1.6708437761069338e-06,0.034333333333333334,1.71
C_k10_Rmatch,17,2.8526638388581342,2.852485993463649,2.85284168425262,0.06717706869932029,0.042339941244137036,0.5,0.003456717865526482,5.02092050209205e-06,0.12320534223706177,1.849
C_k10_Rmatch,18,2.845807577188654,2.848189166622965,2.8434259877543435,0.10583315884565246,4.2748244350669565e-05,0.5,3.046457343280906e-06,8.389261744966442e-06,0.100418410041841,1.99
C_k10_Rmatch,19,2.848194832895084,2.852957901872809,2.8434317639173594,0.09477989576650732,0.00023314195819465271,0.5,9.227299813119316e-09,8.382229673093043e-06,0.11973244147157189,1.968
C_k10_Rmatch,20,2.8524483405673333,2.852857236058857,2.852039445075809,0.06716304410971573,0.010151848625335882,0.8,0.0004929292604010094,8.368200836820084e-06,0.11986644407345574,1.983
C_k10_Rmatch,21,2.8498549547369425,2.8473444520811757,2.8523654573927093,0.08218043315757165,0.001553595755382407,0.33333333333333337,0.9525729417880502,6.694560669456067e-06,0.10793650793650793,2.016
C_k10_Rmatch,22,2.840970655044498,2.8529021243045953,2.8290391857844,0.12490645745557204,0.0004796160597328382,0.0,0.00036660980637304164,1.008403361344538e-05,0.12305113160100586,2.004
C_k10_Rmatch,23,2.8481952929229717,2.852958154435333,2.8434324314106103,0.09477995274795573,1.9151523450661726e-05,0.5,3.0196077123179066e-06,1.3411567476948869e-05,0.1237458193979933,1.932
C_k10_Rmatch,24,2.8384416491839124,2.8336514225416782,2.843231875826146,0.13334719525827,0.0022040964403541572,0.8,0.00024623610275886776,1.534526854219949e-05,0.12187234042553191,1.909
C_k10_Rmatch,25,2.8481127542450757,2.8528528151068566,2.8433726933832957,0.0947775181100344,0.0013879570958543642,1.0,1.0423555018679309e-05,1.8440905280804692e-05,0.12207357859531771,1.995
C_k10_Rmatch,26,2.8431475437655034,2.84292388547942,2.8433712020515878,0.11577326085009856,0.009138122300415769,0.5,0.0005293117468405661,1.1754827875734676e-05,0.1185929648241206,1.976
C_k10_Rmatch,27,2.845809669283426,2.857717861910323,2.833901476656529,0.1058337662823794,8.019214011411964e-05,0.5,1.8900588841130883e-05,1.006711409395973e-05,0.11748953974895397,2.013
C_k10_Rmatch,28,2.857642382278972,2.857650222819876,2.8576345417380677,1.2974419810269994e-05,0.0024726231566347743,0.5,2.9310433284912563e-05,1.6708437761069338e-06,0.11566666666666665,1.953
C_k10_Rmatch,29,2.847539983199434,2.8475449931358146,2.847534973263054,0.09477907977804065,0.004639182126833303,0.8,0.0006428361475920852,1.173512154233026e-05,0.10702341137123746,1.929
C_k10_Rmatch,30,2.848196330271054,2.8481961185792204,2.8481965419628876,0.09477990721383923,3.3523626237117946e-05,0.5,3.9076898623591205e-06,1.173512154233026e-05,0.12274247491638794,2.071
C_k10_Rmatch,31,2.5133663207783807,2.575958207843396,2.4507744337133652,0.1548142577673287,0.42098460631958945,0.0,0.3760550368507771,1.6722408026755853e-06,0.05070892410341951,1.729
C_k10_Rmatch,32,2.8481716059763573,2.8434052471780227,2.852937964774691,0.09477877890640811,0.0003353501304664781,0.8,4.653785348640582e-06,1.0058675607711651e-05,0.11571906354515049,1.965
C_k10_Rmatch,33,2.8505774574962377,2.848196022827342,2.8529588921651334,0.08218537234130077,6.144174602214717e-06,0.0,0.0,5.025125628140704e-06,0.11695906432748536,1.97
C_k10_Rmatch,34,2.854578790601673,2.851930270242249,2.8572273109610977,0.04757952781985153,0.01332144755532368,0.0,0.0010106527730600057,1.6722408026755853e-06,0.12110091743119265,1.955
C_k10_Rmatch,35,2.848190009317907,2.8434308292674815,2.852949189368332,0.09477945814877405,0.0004903024248636796,0.8,0.00011671675201485598,1.6764459346186085e-05,0.11371237458193979,1.905
C_k10_Rmatch,36,2.850570530064035,2.843422630758099,2.8577184293699713,0.08218524275077699,4.61227493568445e-05,0.8,1.0268967732152134e-05,8.375209380234505e-06,0.12364243943191311,2.047
C_k10_Rmatch,37,2.855293596985224,2.852938638754833,2.857648555215616,0.04756733644846494,0.00025706301979018634,0.5,8.865767587762363e-05,3.3444816053511705e-06,0.12176814011676397,1.969
C_k10_Rmatch,38,2.824867056972307,2.8213404812072813,2.8283936327373325,0.06811005689316378,0.07947536253855735,0.8,0.004737695691063415,5.02092050209205e-06,0.09883138564273788,1.981
C_k10_Rmatch,39,2.8499159530565352,2.852947076605925,2.846884829507145,0.08216062558241106,0.002208686719056791,0.5,0.005513303586485829,5.025125628140704e-06,0.11328320802005012,1.956
