cond,rep,snap,slim_mean_E,python_mean_E,abs_diff
P_k2,0,0,0.498096,0.49809601461011055,1.4610110565804746e-08
P_k2,0,1,0.5,0.5,0.0
P_k2,0,2,0.486672,0.4866721022707741,1.0227077412716667e-07
P_k2,0,3,0.5,0.5,0.0
P_k2,1,0,0.5,0.5,0.0
P_k2,1,1,0.494288,0.4942880438303318,4.383033180843654e-08
P_k2,1,2,0.498096,0.49809601461011055,1.4610110565804746e-08
P_k2,1,3,0.5,0.5,0.0
P_k2,2,0,0.5,0.5,0.0
P_k2,2,1,0.5,0.5,0.0
P_k2,2,2,0.494288,0.4942880438303318,4.383033180843654e-08
P_k2,2,3,0.5,0.5,0.0
P_k2,3,0,0.5,0.5,0.0
P_k2,3,1,0.498096,0.49809601461011055,1.4610110565804746e-08
P_k2,3,2,0.498096,0.49809601461011055,1.4610110565804746e-08
P_k2,3,3,0.5,0.5,0.0
P_k2,4,0,0.492384,0.49238405844044236,5.8440442374241286e-08
P_k2,4,1,0.5,0.5,0.0
P_k2,4,2,0.5,0.5,0.0
P_k2,4,3,0.5,0.5,0.0
P_k2,5,0,0.5,0.5,0.0
P_k2,5,1,0.494288,0.4942880438303318,4.383033180843654e-08
P_k2,5,2,0.498096,0.49809601461011055,1.4610110565804746e-08
P_k2,5,3,0.5,0.5,0.0
P_k2,6,0,0.5,0.5,0.0
P_k2,6,1,0.486672,0.4866721022707741,1.0227077412716667e-07
P_k2,6,2,0.5,0.5,0.0
P_k2,6,3,0.492384,0.49238405844044236,5.8440442374241286e-08
P_k2,7,0,0.494288,0.49428804383033176,4.383033175292539e-08
P_k2,7,1,0.498096,0.49809601461011055,1.4610110565804746e-08
P_k2,7,2,0.498096,0.49809601461011055,1.4610110565804746e-08
P_k2,7,3,0.5,0.5,0.0
P_k2,8,0,0.5,0.5,0.0
P_k2,8,1,0.5,0.5,0.0
P_k2,8,2,0.5,0.5,0.0
P_k2,8,3,0.488576,0.4885760876606635,8.766066350585078e-08
P_k2,9,0,0.5,0.5,0.0
P_k2,9,1,0.498096,0.49809601461011055,1.4610110565804746e-08
P_k2,9,2,0.5,0.5,0.0
P_k2,9,3,0.5,0.5,0.0
P_k2,10,0,0.5,0.5,0.0
P_k2,10,1,0.5,0.5,0.0
P_k2,10,2,0.5,0.5,0.0
P_k2,10,3,0.5,0.5,0.0
P_k2,11,0,0.5,0.5,0.0
P_k2,11,1,0.5,0.5,0.0
P_k2,11,2,0.498096,0.49809601461011055,1.4610110565804746e-08
P_k2,11,3,0.498096,0.49809601461011055,1.4610110565804746e-08
P_k2,12,0,0.501904,0.5019039853898895,1.4610110565804746e-08
P_k2,12,1,0.5,0.5,0.0
P_k2,12,2,0.494288,0.4942880438303318,4.383033180843654e-08
P_k2,12,3,0.5,0.5,0.0
P_k2,13,0,0.5,0.5,0.0
P_k2,13,1,0.496192,0.4961920292202212,2.9220221187120643e-08
P_k2,13,2,0.5,0.5,0.0
P_k2,13,3,0.5,0.5,0.0
P_k2,14,0,0.5,0.5,0.0
P_k2,14,1,0.477152,0.47715217532132714,1.7532132712272386e-07
P_k2,14,2,0.5,0.5,0.0
P_k2,14,3,0.5,0.5,0.0
P_k2,15,0,0.5,0.5,0.0
P_k2,15,1,0.5,0.5,0.0
P_k2,15,2,0.5,0.5,0.0
P_k2,15,3,0.5,0.5,0.0
P_k2,16,0,0.467632,0.46763224837188,2.4837188000725874e-07
P_k2,16,1,0.5,0.5,0.0
P_k2,16,2,0.5,0.5,0.0
P_k2,16,3,0.5,0.5,0.0
P_k2,17,0,0.494288,0.4942880438303318,4.383033180843654e-08
P_k2,17,1,0.498096,0.49809601461011055,1.4610110565804746e-08
P_k2,17,2,0.5,0.5,0.0
P_k2,17,3,0.5,0.5,0.0
P_k2,18,0,0.5,0.5,0.0
P_k2,18,1,0.5,0.5,0.0
P_k2,18,2,0.5,0.5,0.0
P_k2,18,3,0.5,0.5,0.0
P_k2,19,0,0.498096,0.49809601461011055,1.4610110565804746e-08
P_k2,19,1,0.498096,0.49809601461011055,1.4610110565804746e-08
P_k2,19,2,0.492384,0.49238405844044236,5.8440442374241286e-08
P_k2,19,3,0.5,0.5,0.0
P_k2,20,0,0.5,0.5,0.0
P_k2,20,1,0.5,0.5,0.0
P_k2,20,2,0.511424,0.5114239123393365,8.766066350585078e-08
P_k2,20,3,0.5,0.5,0.0
P_k2,21,0,0.484768,0.4847681168808847,1.1688088474848257e-07
P_k2,21,1,0.5,0.5,0.0
P_k2,21,2,0.5,0.5,0.0
P_k2,21,3,0.5,0.5,0.0
P_k2,22,0,0.5,0.5,0.0
P_k2,22,1,0.505712,0.5057119561696681,4.383033191945884e-08
P_k2,22,2,0.503808,0.5038079707797788,2.9220221242631794e-08
P_k2,22,3,0.5,0.5,0.0
P_k2,23,0,0.5,0.5,0.0
P_k2,23,1,0.5,0.5,0.0
P_k2,23,2,0.5,0.5,0.0
P_k2,23,3,0.5,0.5,0.0
P_k2,24,0,0.5,0.5,0.0
P_k2,24,1,0.5,0.5,0.0
P_k2,24,2,0.498096,0.49809601461011055,1.4610110565804746e-08
P_k2,24,3,0.498096,0.49809601461011055,1.4610110565804746e-08
P_k2,25,0,0.5,0.5,0.0
P_k2,25,1,0.498096,0.49809601461011055,1.4610110565804746e-08
P_k2,25,2,0.498096,0.49809601461011055,1.4610110565804746e-08
P_k2,25,3,0.5,0.5,0.0
P_k2,26,0,0.5,0.5,0.0
P_k2,26,1,0.496192,0.4961920292202212,2.9220221187120643e-08
P_k2,26,2,0.5,0.5,0.0
P_k2,26,3,0.5,0.5,0.0
P_k2,27,0,0.498096,0.49809601461011055,1.4610110565804746e-08
P_k2,27,1,0.5,0.5,0.0
P_k2,27,2,0.5,0.5,0.0
P_k2,27,3,0.5,0.5,0.0
P_k2,28,0,0.5,0.5,0.0
P_k2,28,1,0.498096,0.49809601461011055,1.4610110565804746e-08
P_k2,28,2,0.5,0.5,0.0
P_k2,28,3,0.5,0.5,0.0
P_k2,29,0,0.5,0.5,0.0
P_k2,29,1,0.477152,0.47715217532132703,1.7532132701170156e-07
P_k2,29,2,0.498096,0.49809601461011055,1.4610110565804746e-08
P_k2,29,3,0.5,0.5,0.0
P_k10,0,0,0.498096,0.49809601461011055,1.4610110565804746e-08
P_k10,0,1,0.5,0.5,0.0
P_k10,0,2,0.5,0.5,0.0
P_k10,0,3,0.498096,0.49809601461011055,1.4610110565804746e-08
P_k10,1,0,0.5,0.5,0.0
P_k10,1,1,0.498096,0.49809601461011055,1.4610110565804746e-08
P_k10,1,2,0.5,0.5,0.0
P_k10,1,3,0.5,0.5,0.0
P_k10,2,0,0.5,0.5,0.0
P_k10,2,1,0.5,0.5,0.0
P_k10,2,2,0.5,0.5,0.0
P_k10,2,3,0.5,0.5,0.0
P_k10,3,0,0.5,0.5,0.0
P_k10,3,1,0.498096,0.49809601461011055,1.4610110565804746e-08
P_k10,3,2,0.5,0.5,0.0
P_k10,3,3,0.496192,0.4961920292202212,2.9220221187120643e-08
P_k10,4,0,0.5,0.5,0.0
P_k10,4,1,0.5,0.5,0.0
P_k10,4,2,0.5,0.5,0.0
P_k10,4,3,0.5,0.5,0.0
P_k10,5,0,0.5,0.5,0.0
P_k10,5,1,0.5,0.5,0.0
P_k10,5,2,0.5,0.5,0.0
P_k10,5,3,0.5,0.5,0.0
P_k10,6,0,0.5,0.5,0.0
P_k10,6,1,0.5,0.5,0.0
P_k10,6,2,0.498096,0.49809601461011055,1.4610110565804746e-08
P_k10,6,3,0.5,0.5,0.0
P_k10,7,0,0.5,0.5,0.0
P_k10,7,1,0.498096,0.49809601461011055,1.4610110565804746e-08
P_k10,7,2,0.5,0.5,0.0
P_k10,7,3,0.5,0.5,0.0
P_k10,8,0,0.5,0.5,0.0
P_k10,8,1,0.498096,0.49809601461011055,1.4610110565804746e-08
P_k10,8,2,0.5,0.5,0.0
P_k10,8,3,0.5,0.5,0.0
P_k10,9,0,0.5,0.5,0.0
P_k10,9,1,0.5,0.5,0.0
P_k10,9,2,0.5,0.5,0.0
P_k10,9,3,0.488576,0.4885760876606635,8.766066350585078e-08
P_k10,10,0,0.5,0.5,0.0
P_k10,10,1,0.5,0.5,0.0
P_k10,10,2,0.498096,0.49809601461011055,1.4610110565804746e-08
P_k10,10,3,0.5,0.5,0.0
P_k10,11,0,0.5,0.5,0.0
P_k10,11,1,0.5,0.5,0.0
P_k10,11,2,0.5,0.5,0.0
P_k10,11,3,0.503808,0.5038079707797788,2.9220221242631794e-08
P_k10,12,0,0.5,0.5,0.0
P_k10,12,1,0.5,0.5,0.0
P_k10,12,2,0.5,0.5,0.0
P_k10,12,3,0.5,0.5,0.0
P_k10,13,0,0.498096,0.49809601461011055,1.4610110565804746e-08
P_k10,13,1,0.5,0.5,0.0
P_k10,13,2,0.5,0.5,0.0
P_k10,13,3,0.5,0.5,0.0
P_k10,14,0,0.5,0.5,0.0
P_k10,14,1,0.5,0.5,0.0
P_k10,14,2,0.5,0.5,0.0
P_k10,14,3,0.498096,0.49809601461011055,1.4610110565804746e-08
P_k10,15,0,0.5,0.5,0.0
P_k10,15,1,0.498096,0.49809601461011055,1.4610110565804746e-08
P_k10,15,2,0.5,0.5,0.0
P_k10,15,3,0.5,0.5,0.0
P_k10,16,0,0.5,0.5,0.0
P_k10,16,1,0.5,0.5,0.0
P_k10,16,2,0.5,0.5,0.0
P_k10,16,3,0.5,0.5,0.0
P_k10,17,0,0.498096,0.49809601461011055,1.4610110565804746e-08
P_k10,17,1,0.5,0.5,0.0
P_k10,17,2,0.5,0.5,0.0
P_k10,17,3,0.498096,0.49809601461011055,1.4610110565804746e-08
P_k10,18,0,0.5,0.5,0.0
P_k10,18,1,0.5,0.5,0.0
P_k10,18,2,0.498096,0.49809601461011055,1.4610110565804746e-08
P_k10,18,3,0.5,0.5,0.0
P_k10,19,0,0.5,0.5,0.0
P_k10,19,1,0.5,0.5,0.0
P_k10,19,2,0.5,0.5,0.0
P_k10,19,3,0.5,0.5,0.0
P_k10,20,0,0.5,0.5,0.0
P_k10,20,1,0.5,0.5,0.0
P_k10,20,2,0.5,0.5,0.0
P_k10,20,3,0.5,0.5,0.0
P_k10,21,0,0.5,0.5,0.0
P_k10,21,1,0.498096,0.49809601461011055,1.4610110565804746e-08
P_k10,21,2,0.5,0.5,0.0
P_k10,21,3,0.5,0.5,0.0
P_k10,22,0,0.5,0.5,0.0
P_k10,22,1,0.5,0.5,0.0
P_k10,22,2,0.498096,0.49809601461011055,1.4610110565804746e-08
P_k10,22,3,0.5,0.5,0.0
P_k10,23,0,0.5,0.5,0.0
P_k10,23,1,0.5,0.5,0.0
P_k10,23,2,0.5,0.5,0.0
P_k10,23,3,0.5,0.5,0.0
P_k10,24,0,0.5,0.5,0.0
P_k10,24,1,0.5,0.5,0.0
P_k10,24,2,0.5,0.5,0.0
P_k10,24,3,0.5,0.5,0.0
P_k10,25,0,0.5,0.5,0.0
P_k10,25,1,0.5,0.5,0.0
P_k10,25,2,0.5,0.5,0.0
P_k10,25,3,0.5,0.5,0.0
P_k10,26,0,0.5,0.5,0.0
P_k10,26,1,0.5,0.5,0.0
P_k10,26,2,0.5,0.5,0.0
P_k10,26,3,0.5,0.5,0.0
P_k10,27,0,0.5,0.5,0.0
P_k10,27,1,0.498096,0.49809601461011055,1.4610110565804746e-08
P_k10,27,2,0.5,0.5,0.0
P_k10,27,3,0.5,0.5,0.0
P_k10,28,0,0.5,0.5,0.0
P_k10,28,1,0.5,0.5,0.0
P_k10,28,2,0.498096,0.49809601461011055,1.4610110565804746e-08
P_k10,28,3,0.496192,0.4961920292202212,2.9220221187120643e-08
P_k10,29,0,0.5,0.5,0.0
P_k10,29,1,0.5,0.5,0.0
P_k10,29,2,0.5,0.5,0.0
P_k10,29,3,0.5,0.5,0.0
C_k2,0,0,0.453999,0.45399909920351406,9.920351407011196e-08
C_k2,0,1,0.395178,0.39517802979931127,2.9799311296319075e-08
C_k2,0,2,0.427106,0.427105767632056,2.3236794399750238e-07
C_k2,0,3,0.429637,0.42963745696462624,4.569646262497784e-07
C_k2,1,0,0.462948,0.4629484241204797,4.2412047968065636e-07
C_k2,1,1,0.447292,0.44729200970390454,9.703904513269634e-09
C_k2,1,2,0.378199,0.378199463380658,4.633806580112143e-07
C_k2,1,3,0.428473,0.4284732306761441,2.3067614413063708e-07
C_k2,2,0,0.455045,0.45504523979100675,2.397910067730713e-07
C_k2,2,1,0.418176,0.4181762065803671,2.0658036709031435e-07
C_k2,2,2,0.513541,0.5135407476235774,2.52376422649192e-07
C_k2,2,3,0.389284,0.3892842827874279,2.827874278632514e-07
C_k2,3,0,0.425826,0.425826155317487,1.5531748703834225e-07
C_k2,3,1,0.463878,0.4638783957823696,3.957823695999174e-07
C_k2,3,2,0.417861,0.41786077882900874,2.2117099124363548e-07
C_k2,3,3,0.436664,0.4366644776567891,4.776567891218164e-07
C_k2,4,0,0.438955,0.43895488806449995,1.1193550003563146e-07
C_k2,4,1,0.40521,0.4052098026222373,1.9737776268957674e-07
C_k2,4,2,0.438896,0.43889642285924446,4.228592444532886e-07
C_k2,4,3,0.390479,0.39047903539985157,3.5399851550099726e-08
C_k2,5,0,0.428425,0.4284253466453826,3.4664538262063616e-07
C_k2,5,1,0.389882,0.38988177220903425,2.277909657566468e-07
C_k2,5,2,0.357815,0.35781517451749656,1.74517496565052e-07
C_k2,5,3,0.440425,0.4404253278047261,3.278047260857342e-07
C_k2,6,0,0.416595,0.4165946056995369,3.943004631135061e-07
C_k2,6,1,0.406345,0.406345084448095,8.444809496133132e-08
C_k2,6,2,0.496381,0.49638107115368746,7.11536874420382e-08
C_k2,6,3,0.382001,0.3820007887680829,2.112319170688437e-07
C_k2,7,0,0.412972,0.4129720347986368,3.479863680544426e-08
C_k2,7,1,0.360085,0.3600846606862584,3.393137416041192e-07
C_k2,7,2,0.408989,0.4089894911042808,4.911042807975718e-07
C_k2,7,3,0.481884,0.4818844833691784,4.833691784056349e-07
C_k2,8,0,0.496158,0.49615830492779417,3.049277941813422e-07
C_k2,8,1,0.519287,0.5192869605832983,3.94167017914171e-08
C_k2,8,2,0.433842,0.4338417668966295,2.331033704949803e-07
C_k2,8,3,0.392193,0.3921927591454684,2.408545315968347e-07
C_k2,9,0,0.395847,0.3958470321811156,3.2181115605656174e-08
C_k2,9,1,0.392915,0.39291481840969383,1.8159030618081218e-07
C_k2,9,2,0.422808,0.42280792362481684,7.637518317782366e-08
C_k2,9,3,0.45752,0.45752017299511266,1.7299511267943046e-07
C_k2,10,0,0.464404,0.46440419067921623,1.9067921624982276e-07
C_k2,10,1,0.387777,0.38777673816592695,2.6183407303426165e-07
C_k2,10,2,0.52225,0.5222498200136818,1.7998631818283428e-07
C_k2,10,3,0.407695,0.4076950502747334,5.02747334318876e-08
C_k2,11,0,0.415873,0.4158728015301733,1.9846982668436652e-07
C_k2,11,1,0.478842,0.47884203797459535,3.7974595357148644e-08
C_k2,11,2,0.396276,0.39627629695899713,2.9695899711468243e-07
C_k2,11,3,0.447965,0.44796488630608755,1.13693912451307e-07
C_k2,12,0,0.460282,0.4602818719682088,1.2803179122444774e-07
C_k2,12,1,0.448612,0.4486121667844447,1.6678444469953035e-07
C_k2,12,2,0.465429,0.4654288609067308,1.390932691802682e-07
C_k2,12,3,0.38527,0.3852700810947772,8.109477717122004e-08
C_k2,13,0,0.333745,0.333745129081173,1.2908117297261157e-07
C_k2,13,1,0.420154,0.4201544992519108,4.992519107571702e-07
C_k2,13,2,0.382162,0.3821615493561583,4.5064384168735927e-07
C_k2,13,3,0.475326,0.47532597770395335,2.2296046675585046e-08
C_k2,14,0,0.425679,0.4256786349219073,3.650780927011432e-07
C_k2,14,1,0.457312,0.4573117818777898,2.1812221018269184e-07
C_k2,14,2,0.441944,0.44194373963323885,2.60366761151154e-07
C_k2,14,3,0.404779,0.40477905068228986,5.068228986493395e-08
C_k2,15,0,0.45254,0.45254017233358806,1.723335880665644e-07
C_k2,15,1,0.507373,0.5073729755978149,2.4402185050398373e-08
C_k2,15,2,0.470292,0.47029216463338797,1.6463338797789717e-07
C_k2,15,3,0.444853,0.4448534736676394,4.7366763938905265e-07
C_k2,16,0,0.383614,0.38361397380451934,2.6195480673507632e-08
C_k2,16,1,0.422895,0.42289519507241025,1.9507241022509447e-07
C_k2,16,2,0.462192,0.4621917388850726,2.6111492740232833e-07
C_k2,16,3,0.38796,0.3879598666422762,1.333577238082917e-07
C_k2,17,0,0.381084,0.3810840443741039,4.437410394686481e-08
C_k2,17,1,0.461124,0.46112404345032604,4.345032605934662e-08
C_k2,17,2,0.431551,0.4315507113979142,2.8860208584058356e-07
C_k2,17,3,0.441512,0.4415117706209799,2.2937902011133104e-07
C_k2,18,0,0.463401,0.4634005739415386,4.2605846140020276e-07
C_k2,18,1,0.455048,0.4550477894513953,2.1054860471769743e-07
C_k2,18,2,0.437929,0.43792929557098054,2.955709805241291e-07
C_k2,18,3,0.42907,0.4290696107695355,3.892304645258804e-07
C_k2,19,0,0.382417,0.3824168440260584,1.5597394159572175e-07
C_k2,19,1,0.438234,0.43823417976531176,1.7976531174745958e-07
C_k2,19,2,0.523422,0.5234224636197337,4.6361973360387054e-07
C_k2,19,3,0.479458,0.47945838495662324,3.84956623245003e-07
C_k2,20,0,0.39407,0.3940695612932832,4.387067167876957e-07
C_k2,20,1,0.414326,0.4143257106906344,2.893093656308743e-07
C_k2,20,2,0.458071,0.4580712742810444,2.7428104437676737e-07
C_k2,20,3,0.472399,0.4723987314264732,2.685735268070921e-07
C_k2,21,0,0.412884,0.4128841214690631,1.2146906314125516e-07
C_k2,21,1,0.509722,0.5097224020183133,4.020183133057742e-07
C_k2,21,2,0.394992,0.3949916694152577,3.30584742302964e-07
C_k2,21,3,0.486609,0.4866088550631345,1.4493686550931528e-07
C_k2,22,0,0.502054,0.5020537596583012,2.403416987650786e-07
C_k2,22,1,0.414159,0.414159365711389,3.6571138900542977e-07
C_k2,22,2,0.459541,0.45954069721645985,3.027835401292478e-07
C_k2,22,3,0.449115,0.4491154681967183,4.681967183395308e-07
C_k2,23,0,0.44525,0.44524986376124337,1.3623875660950802e-07
C_k2,23,1,0.427536,0.42753634768305543,3.4768305540167077e-07
C_k2,23,2,0.392253,0.3922527816940331,2.183059669147447e-07
C_k2,23,3,0.41794,0.417940151972858,1.5197285802015514e-07
C_k2,24,0,0.46229,0.4622903303917563,3.303917563424186e-07
C_k2,24,1,0.443608,0.4436079956300063,4.3699937002372735e-09
C_k2,24,2,0.380298,0.3802984132583954,4.1325839539307907e-07
C_k2,24,3,0.43441,0.4344104102312583,4.1023125829653395e-07
C_k2,25,0,0.484222,0.4842221890981062,1.8909810622913525e-07
C_k2,25,1,0.392619,0.39261935264364367,3.5264364367515455e-07
C_k2,25,2,0.386955,0.3869549218297992,7.817020081235526e-08
C_k2,25,3,0.386902,0.3869022925864739,2.9258647388230585e-07
C_k2,26,0,0.38644,0.3864395226471588,4.773528411994299e-07
C_k2,26,1,0.390975,0.3909753023757701,3.023757700892915e-07
C_k2,26,2,0.414574,0.41457358739762284,4.1260237715334824e-07
C_k2,26,3,0.474936,0.4749358630720985,1.3692790151731415e-07
C_k2,27,0,0.435017,0.4350165752573297,4.247426703130053e-07
C_k2,27,1,0.438887,0.43888695076535555,4.923464447248449e-08
C_k2,27,2,0.466749,0.46674859751599185,4.0248400817732843e-07
C_k2,27,3,0.408945,0.40894495513744855,4.486255145152995e-08
C_k2,28,0,0.389596,0.3895958603422865,1.3965771350488154e-07
C_k2,28,1,0.473404,0.47340442877200656,4.287720065665468e-07
C_k2,28,2,0.420621,0.4206212798831849,2.7988318485050456e-07
C_k2,28,3,0.490112,0.4901121041380317,1.0413803169795344e-07
C_k2,29,0,0.383129,0.38312875628813825,2.437118617470979e-07
C_k2,29,1,0.393998,0.3939975075840333,4.924159667241135e-07
C_k2,29,2,0.423009,0.4230088548293533,1.4517064672592284e-07
C_k2,29,3,0.444585,0.4445848490594416,1.509405583854928e-07
C_k10,0,0,0.493019,0.49301942391171993,4.2391171994893284e-07
C_k10,0,1,0.519425,0.5194249641982001,3.580179996909294e-08
C_k10,0,2,0.512613,0.5126125066058067,4.933941932794284e-07
C_k10,0,3,0.526311,0.5263109885124286,1.1487571338619773e-08
C_k10,1,0,0.529488,0.5294876754049406,3.2459505938664535e-07
C_k10,1,1,0.498933,0.4989325310808178,4.689191822060401e-07
C_k10,1,2,0.486571,0.4865708116330606,1.8836693937984705e-07
C_k10,1,3,0.489901,0.48990114904760523,1.490476052579126e-07
C_k10,2,0,0.526308,0.5263075588747224,4.411252776392871e-07
C_k10,2,1,0.534144,0.53414381796177,1.8203822993445584e-07
C_k10,2,2,0.524412,0.5244122139755877,2.1397558769287173e-07
C_k10,2,3,0.528104,0.5281038260810269,1.7391897311203053e-07
C_k10,3,0,0.532199,0.5321985248288879,4.751711121242508e-07
C_k10,3,1,0.519121,0.5191207568896324,2.431103676148183e-07
C_k10,3,2,0.491001,0.4910013393730454,3.393730453882249e-07
C_k10,3,3,0.496045,0.496044968860341,3.113965901802018e-08
C_k10,4,0,0.493148,0.49314837246384924,3.7246384926303833e-07
C_k10,4,1,0.490989,0.490988603421351,3.9657864903119844e-07
C_k10,4,2,0.511624,0.511623958978487,4.10215129642566e-08
C_k10,4,3,0.529246,0.5292459410863679,5.891363208387901e-08
C_k10,5,0,0.503963,0.5039627241284497,2.7587155038144573e-07
C_k10,5,1,0.505235,0.5052350923508524,9.23508524097727e-08
C_k10,5,2,0.510267,0.5102674386660743,4.3866607424281057e-07
C_k10,5,3,0.509996,0.5099962846289275,2.846289275382219e-07
C_k10,6,0,0.483952,0.4839521432254113,1.432254113087339e-07
C_k10,6,1,0.528854,0.5288537742781372,2.2572186286762275e-07
C_k10,6,2,0.519909,0.5199085307559811,4.6924401886361267e-07
C_k10,6,3,0.526683,0.5266825941637137,4.0583628635459945e-07
C_k10,7,0,0.513999,0.5139990113209018,1.132090177158318e-08
C_k10,7,1,0.521522,0.521522171025182,1.7102518190537097e-07
C_k10,7,2,0.499907,0.4999067395914915,2.604085084789709e-07
C_k10,7,3,0.498194,0.49819366993469527,3.300653047544344e-07
C_k10,8,0,0.48136,0.4813604218509552,4.218509551678906e-07
C_k10,8,1,0.51505,0.5150501122930388,1.1229303875648355e-07
C_k10,8,2,0.517205,0.5172049109006993,8.909930071521188e-08
C_k10,8,3,0.520721,0.5207207228564321,2.7714356787278405e-07
C_k10,9,0,0.506678,0.5066777113031683,2.886968316628824e-07
C_k10,9,1,0.529485,0.5294845270505273,4.729494726962713e-07
C_k10,9,2,0.508897,0.5088973669608164,3.66960816400308e-07
C_k10,9,3,0.470085,0.47008493366861787,6.633138210920819e-08
C_k10,10,0,0.519913,0.5199129801647119,1.9835288078695612e-08
C_k10,10,1,0.529203,0.5292027754698367,2.245301632397556e-07
C_k10,10,2,0.526672,0.5266715681041853,4.318958147786489e-07
C_k10,10,3,0.530181,0.5301806128145388,3.8718546124805187e-07
C_k10,11,0,0.533424,0.5334239572490191,4.275098086647944e-08
C_k10,11,1,0.513737,0.513736774185498,2.2581450198622122e-07
C_k10,11,2,0.52351,0.5235098176998767,1.8230012333031453e-07
C_k10,11,3,0.490403,0.4904025272495578,4.727504421819795e-07
C_k10,12,0,0.509012,0.5090121034170789,1.0341707890049179e-07
C_k10,12,1,0.483062,0.4830623427224458,3.427224458119049e-07
C_k10,12,2,0.525403,0.5254031645279662,1.6452796625099353e-07
C_k10,12,3,0.499934,0.49993364892614556,3.510738544321157e-07
C_k10,13,0,0.48975,0.48974951776009895,4.822399010673273e-07
C_k10,13,1,0.517925,0.5179250262068763,2.6206876335699292e-08
C_k10,13,2,0.521981,0.5219806631010434,3.3689895662103453e-07
C_k10,13,3,0.508104,0.5081038105262111,1.8947378888078958e-07
C_k10,14,0,0.509757,0.5097566430692017,3.569307983619652e-07
C_k10,14,1,0.531948,0.5319476719028831,3.280971169195013e-07
C_k10,14,2,0.507201,0.5072008381548643,1.6184513573769266e-07
C_k10,14,3,0.523428,0.5234281936993428,1.9369934278756773e-07
C_k10,15,0,0.500726,0.5007257276428617,2.7235713828677177e-07
C_k10,15,1,0.512922,0.512922109331242,1.0933124205969591e-07
C_k10,15,2,0.525618,0.5256183226686262,3.2266862615148995e-07
C_k10,15,3,0.522251,0.5222512185099226,2.1850992260041835e-07
C_k10,16,0,0.529189,0.5291888410271463,1.5897285376986758e-07
C_k10,16,1,0.522337,0.5223374763032561,4.7630325605840795e-07
C_k10,16,2,0.482166,0.4821658397629723,1.6023702770207038e-07
C_k10,16,3,0.50396,0.5039602117316008,2.1173160080767417e-07
C_k10,17,0,0.478928,0.47892803918471233,3.9184712308237835e-08
C_k10,17,1,0.499532,0.4995318805603843,1.1943961569782502e-07
C_k10,17,2,0.529998,0.5299980933440059,9.334400596916481e-08
C_k10,17,3,0.51909,0.5190899711200336,2.8879966418315917e-08
C_k10,18,0,0.495265,0.4952651496950533,1.496950532975383e-07
C_k10,18,1,0.494983,0.4949827354426313,2.645573686788083e-07
C_k10,18,2,0.514774,0.5147741318824043,1.3188240433059661e-07
C_k10,18,3,0.489093,0.489092621173925,3.7882607500927534e-07
C_k10,19,0,0.522702,0.5227015646263119,4.353736881013148e-07
C_k10,19,1,0.486335,0.4863348542790829,1.4572091711073654e-07
C_k10,19,2,0.53225,0.532249985820254,1.4179746044007402e-08
C_k10,19,3,0.51028,0.5102802840571696,2.84057169674945e-07
C_k10,20,0,0.514109,0.5141088687417166,1.3125828346449708e-07
C_k10,20,1,0.5354,0.5353998866927097,1.1330729032810183e-07
C_k10,20,2,0.474407,0.4744073386117105,3.386117105041997e-07
C_k10,20,3,0.514594,0.514594282499421,2.8249942096714165e-07
C_k10,21,0,0.493423,0.49342295941094055,4.058905944681612e-08
C_k10,21,1,0.525403,0.5254030402574488,4.0257448818969976e-08
C_k10,21,2,0.530191,0.5301907365646545,2.634353454267213e-07
C_k10,21,3,0.520369,0.5203687864460119,2.135539880487869e-07
C_k10,22,0,0.50731,0.5073100829088611,8.290886110984275e-08
C_k10,22,1,0.490237,0.49023715802448314,1.5802448316559747e-07
C_k10,22,2,0.517931,0.5179306622082339,3.3779176611403727e-07
C_k10,22,3,0.52802,0.528020282750796,2.8275079599904274e-07
C_k10,23,0,0.502523,0.5025230987809772,9.878097717574974e-08
C_k10,23,1,0.52858,0.528579536892304,4.6310769608037816e-07
C_k10,23,2,0.513419,0.5134185823149082,4.1768509173589763e-07
C_k10,23,3,0.516214,0.5162142390428844,2.390428844867287e-07
C_k10,24,0,0.493178,0.49317782679936956,1.7320063044889977e-07
C_k10,24,1,0.504234,0.5042342954565772,2.9545657720397855e-07
C_k10,24,2,0.521114,0.5211135132135689,4.867864310531544e-07
C_k10,24,3,0.523072,0.5230724714870891,4.714870891486811e-07
C_k10,25,0,0.526587,0.526587433627748,4.3362774793109793e-07
C_k10,25,1,0.509745,0.5097453828057869,3.8280578684712907e-07
C_k10,25,2,0.533872,0.5338717378101359,2.621898641530507e-07
C_k10,25,3,0.520522,0.5205216567150174,3.4328498266233964e-07
C_k10,26,0,0.504681,0.5046809210578487,7.894215137138616e-08
C_k10,26,1,0.529458,0.5294578811947066,1.1880529338093027e-07
C_k10,26,2,0.51558,0.5155804142278747,4.142278746677164e-07
C_k10,26,3,0.500625,0.5006254560966418,4.560966417876955e-07
C_k10,27,0,0.514052,0.5140523207051862,3.207051862963439e-07
C_k10,27,1,0.506845,0.5068454879438093,4.879438093574606e-07
C_k10,27,2,0.51479,0.5147898823351869,1.1766481311514809e-07
C_k10,27,3,0.50396,0.5039601701631559,1.7016315589923892e-07
C_k10,28,0,0.517665,0.517664547339116,4.526608839983126e-07
C_k10,28,1,0.532175,0.532174912257724,8.774227600039097e-08
C_k10,28,2,0.533064,0.5330644123869154,4.123869153938031e-07
C_k10,28,3,0.508287,0.5082871761869369,1.761869368177571e-07
C_k10,29,0,0.524324,0.5243235234734679,4.765265321227119e-07
C_k10,29,1,0.522813,0.5228131207634192,1.2076341926459122e-07
C_k10,29,2,0.519813,0.5198134544869366,4.5448693664074113e-07
C_k10,29,3,0.530911,0.5309109398608645,6.013913556035533e-08
C_k10_Rmatch,0,0,0.456787,0.45678676564312526,2.3435687473982725e-07
C_k10_Rmatch,0,1,0.421828,0.42182784679611585,1.53203884134534e-07
C_k10_Rmatch,0,2,0.410078,0.41007810020064456,1.0020064455940059e-07
C_k10_Rmatch,0,3,0.389611,0.3896110356818693,3.5681869292591983e-08
C_k10_Rmatch,1,0,0.447611,0.44761135058040985,3.5058040986912786e-07
C_k10_Rmatch,1,1,0.422727,0.4227272385578598,2.385578597996485e-07
C_k10_Rmatch,1,2,0.487554,0.48755375799598366,2.4200401632645807e-07
C_k10_Rmatch,1,3,0.413799,0.4137993432267129,3.432267129399591e-07
C_k10_Rmatch,2,0,0.3852,0.38519961822550003,3.817744999579098e-07
C_k10_Rmatch,2,1,0.399238,0.3992375136101075,4.863898924734045e-07
C_k10_Rmatch,2,2,0.384301,0.38430137534900366,3.7534900365621127e-07
C_k10_Rmatch,2,3,0.43417,0.4341695596763624,4.40323637607154e-07
C_k10_Rmatch,3,0,0.451551,0.4515512750209936,2.7502099364529187e-07
C_k10_Rmatch,3,1,0.433534,0.4335342945338852,2.9453388522560076e-07
C_k10_Rmatch,3,2,0.393869,0.39386863234661035,3.6765338967681416e-07
C_k10_Rmatch,3,3,0.4326,0.4325996874351901,3.125648098678546e-07
C_k10_Rmatch,4,0,0.440792,0.44079186248620844,1.3751379157600496e-07
C_k10_Rmatch,4,1,0.417559,0.4175588905771096,1.094228904152672e-07
C_k10_Rmatch,4,2,0.404943,0.4049431283346414,1.2833464141381867e-07
C_k10_Rmatch,4,3,0.417023,0.4170227700419609,2.299580390552336e-07
C_k10_Rmatch,5,0,0.419201,0.41920107769533815,7.769533816315288e-08
C_k10_Rmatch,5,1,0.400754,0.40075423665731447,2.3665731446742555e-07
C_k10_Rmatch,5,2,0.417257,0.417257156417556,1.5641755601869534e-07
C_k10_Rmatch,5,3,0.422929,0.4229289152563391,8.474366092192653e-08
C_k10_Rmatch,6,0,0.382201,0.38220130585366446,3.0585366445068374e-07
C_k10_Rmatch,6,1,0.396951,0.39695051174136325,4.882586367438435e-07
C_k10_Rmatch,6,2,0.444146,0.44414632538438625,3.2538438626827926e-07
C_k10_Rmatch,6,3,0.437838,0.4378378103758224,1.8962417758228156e-07
C_k10_Rmatch,7,0,0.39243,0.39243035230002704,3.5230002704000896e-07
C_k10_Rmatch,7,1,0.444729,0.4447285086600409,4.913399591077727e-07
C_k10_Rmatch,7,2,0.393999,0.3939991158624065,1.158624065022984e-07
C_k10_Rmatch,7,3,0.437099,0.4370993295810605,3.2958106049862934e-07
C_k10_Rmatch,8,0,0.412809,0.4128091909488472,1.9094884723402927e-07
C_k10_Rmatch,8,1,0.394265,0.39426491610510916,8.389489081217505e-08
C_k10_Rmatch,8,2,0.436996,0.4369955176058143,4.823941857079461e-07
C_k10_Rmatch,8,3,0.409249,0.4092491976271029,1.976271029047183e-07
C_k10_Rmatch,9,0,0.408092,0.40809200687724856,6.877248548420312e-09
C_k10_Rmatch,9,1,0.410251,0.41025107558399726,7.558399728324616e-08
C_k10_Rmatch,9,2,0.433654,0.43365377366748903,2.2633251095527385e-07
C_k10_Rmatch,9,3,0.385414,0.38541427697135033,2.7697135035475995e-07
C_k10_Rmatch,10,0,0.423399,0.4233990042628322,4.262832198342892e-09
C_k10_Rmatch,10,1,0.425617,0.42561726409056005,2.6409056003151576e-07
C_k10_Rmatch,10,2,0.442601,0.4426006234162634,3.765837366387359e-07
C_k10_Rmatch,10,3,0.402269,0.4022687446428961,2.5535710390656163e-07
C_k10_Rmatch,11,0,0.462154,0.46215395026865197,4.973134803964996e-08
C_k10_Rmatch,11,1,0.404831,0.4048308156055614,1.8439443860707172e-07
C_k10_Rmatch,11,2,0.431481,0.4314814457489606,4.4574896057580915e-07
C_k10_Rmatch,11,3,0.415242,0.4152419321281676,6.78718323765537e-08
C_k10_Rmatch,12,0,0.408815,0.40881451077485437,4.892251456167784e-07
C_k10_Rmatch,12,1,0.431172,0.43117225666498254,2.566649825452849e-07
C_k10_Rmatch,12,2,0.413728,0.41372833960743427,3.3960743428540496e-07
C_k10_Rmatch,12,3,0.41406,0.4140596079411496,3.9205885038473554e-07
C_k10_Rmatch,13,0,0.417475,0.4174745609506506,4.390493493766634e-07
C_k10_Rmatch,13,1,0.436091,0.4360907948915568,2.051084432297401e-07
C_k10_Rmatch,13,2,0.436389,0.4363891976745046,1.9767450459839964e-07
C_k10_Rmatch,13,3,0.418183,0.41818343308232286,4.3308232283711945e-07
C_k10_Rmatch,14,0,0.442693,0.4426931108246056,1.1082460560363216e-07
C_k10_Rmatch,14,1,0.431359,0.43135898780102744,1.2198972554333665e-08
C_k10_Rmatch,14,2,0.416383,0.4163831045041107,1.0450411069840015e-07
C_k10_Rmatch,14,3,0.402057,0.40205664059505103,3.59404948968578e-07
C_k10_Rmatch,15,0,0.419506,0.41950575552907315,2.444709268356604e-07
C_k10_Rmatch,15,1,0.453773,0.4537729270896598,7.291034015421971e-08
C_k10_Rmatch,15,2,0.426784,0.42678360684936445,3.931506355470127e-07
C_k10_Rmatch,15,3,0.422446,0.42244569705826046,3.0294173952727377e-07
C_k10_Rmatch,16,0,0.426434,0.42643431612767313,3.161276731500351e-07
C_k10_Rmatch,16,1,0.439405,0.43940481261699105,1.8738300894272086e-07
C_k10_Rmatch,16,2,0.430864,0.4308641730935595,1.7309355948569305e-07
C_k10_Rmatch,16,3,0.432037,0.43203694634609136,5.36539086493093e-08
C_k10_Rmatch,17,0,0.428575,0.42857466938729916,3.306127008273485e-07
C_k10_Rmatch,17,1,0.458374,0.45837385749987325,1.4250012675409707e-07
C_k10_Rmatch,17,2,0.435354,0.435353678208416,3.2179158404588293e-07
C_k10_Rmatch,17,3,0.444231,0.44423087335675804,1.266432419488872e-07
C_k10_Rmatch,18,0,0.437054,0.43705421598679633,2.1598679633694218e-07
C_k10_Rmatch,18,1,0.410657,0.4106572449677679,2.449677679039475e-07
C_k10_Rmatch,18,2,0.402328,0.40232843237828747,4.323782874515736e-07
C_k10_Rmatch,18,3,0.457966,0.4579658780553465,1.2194465348613903e-07
C_k10_Rmatch,19,0,0.396559,0.3965590903277611,9.032776110418084e-08
C_k10_Rmatch,19,1,0.404489,0.40448862510323763,3.7489676235624714e-07
C_k10_Rmatch,19,2,0.430588,0.43058824743212837,2.4743212834188455e-07
C_k10_Rmatch,19,3,0.426044,0.426043641225925,3.5877407500439773e-07
C_k10_Rmatch,20,0,0.443598,0.44359822343171884,2.2343171884875446e-07
C_k10_Rmatch,20,1,0.412762,0.4127621986764967,1.9867649669880194e-07
C_k10_Rmatch,20,2,0.447805,0.4478049716962284,2.8303771604232253e-08
C_k10_Rmatch,20,3,0.393691,0.39369077907406924,2.209259307717204e-07
C_k10_Rmatch,21,0,0.430306,0.4303062810090076,2.810090075633376e-07
C_k10_Rmatch,21,1,0.410953,0.41095322618137103,2.2618137102137226e-07
C_k10_Rmatch,21,2,0.42939,0.42938991019501815,8.98049818398583e-08
C_k10_Rmatch,21,3,0.439624,0.4396243418830123,3.4188301228921247e-07
C_k10_Rmatch,22,0,0.410382,0.41038181577202665,1.842279733765828e-07
C_k10_Rmatch,22,1,0.415163,0.41516272176377766,2.782362223396895e-07
C_k10_Rmatch,22,2,0.418061,0.4180613153800077,3.15380007664956e-07
C_k10_Rmatch,22,3,0.400443,0.4004433977920797,3.977920797204604e-07
C_k10_Rmatch,23,0,0.408485,0.4084845844889137,4.1551108626025623e-07
C_k10_Rmatch,23,1,0.441251,0.44125092808585475,7.191414524987394e-08
C_k10_Rmatch,23,2,0.445443,0.44544280005140136,1.9994859862260128e-07
C_k10_Rmatch,23,3,0.463134,0.46313358331309895,4.1668690103913164e-07
C_k10_Rmatch,24,0,0.442825,0.44282467857230357,3.2142769645915337e-07
C_k10_Rmatch,24,1,0.431545,0.4315453677439423,3.677439422977713e-07
C_k10_Rmatch,24,2,0.404028,0.4040275638238047,4.3617619527314133e-07
C_k10_Rmatch,24,3,0.435015,0.4350147138382144,2.8616178560092465e-07
C_k10_Rmatch,25,0,0.432297,0.4322972934103704,2.934103703888802e-07
C_k10_Rmatch,25,1,0.418131,0.41813093031355875,6.968644122862244e-08
C_k10_Rmatch,25,2,0.384745,0.38474548575948103,4.857594810281363e-07
C_k10_Rmatch,25,3,0.472348,0.4723481304672931,1.3046729313570538e-07
C_k10_Rmatch,26,0,0.416013,0.41601287607645304,1.2392354697965402e-07
C_k10_Rmatch,26,1,0.42487,0.4248700333887912,3.3388791176314214e-08
C_k10_Rmatch,26,2,0.442291,0.4422906204645926,3.79535407379894e-07
C_k10_Rmatch,26,3,0.430252,0.43025188541768344,1.1458231657934803e-07
C_k10_Rmatch,27,0,0.378922,0.37892168814009625,3.1185990373439054e-07
C_k10_Rmatch,27,1,0.416228,0.41622829830853697,2.983085369834271e-07
C_k10_Rmatch,27,2,0.413334,0.41333383353993625,1.6646006373299826e-07
C_k10_Rmatch,27,3,0.430831,0.43083121533512025,2.153351202349718e-07
C_k10_Rmatch,28,0,0.434255,0.4342546558053036,3.4419469641111533e-07
C_k10_Rmatch,28,1,0.426713,0.42671256625922177,4.3374077823843393e-07
C_k10_Rmatch,28,2,0.441187,0.4411871475948719,1.4759487187987474e-07
C_k10_Rmatch,28,3,0.427237,0.42723742041377,4.204137700192234e-07
C_k10_Rmatch,29,0,0.423815,0.4238153130662569,3.1306625691840395e-07
C_k10_Rmatch,29,1,0.433345,0.4333451082500626,1.082500626359284e-07
C_k10_Rmatch,29,2,0.450106,0.45010559072772804,4.09272271961747e-07
C_k10_Rmatch,29,3,0.445706,0.44570618478200374,1.84782003753714e-07
