lag,cpg_turnover,motif_turnover,dR,dO,cond,rep
1,0.5835287846481877,0.03544776119402985,1.0520346610374742,0.00017637424436235978,M0,0
2,0.7809704184704186,0.04734848484848485,1.2267666002049424,0.0002525988628506483,M0,0
4,0.9241195436507936,0.07421875,1.4585266240616228,0.00040766365372043906,M0,0
8,0.9912500000000001,0.125,1.555773388261129,0.000687228834820504,M0,0
16,0.9756410256410256,0.22355769230769232,1.11738473561331,0.0007630069535882696,M0,0
32,0.9953703703703705,0.2708333333333333,1.3229227925614455,0.0006935041380854381,M0,0
64,1.0,0.3125,1.9051344228760843,0.00014497613088202186,M0,0
1,0.5749822316986496,0.029850746268656716,1.1369423301197519,0.0015278736154827291,M0,1
2,0.7550084175084175,0.04924242424242424,1.370878986738522,0.0022985451150243945,M0,1
4,0.9074647141053391,0.080078125,1.2646088717715047,0.0032517289677517283,M0,1
8,0.9794708994708995,0.13333333333333333,1.6669381297689756,0.0025032674062814455,M0,1
16,0.9856238846623462,0.23076923076923078,1.7582574656974295,0.003600101036542807,M0,1
32,0.989969135802469,0.375,2.1172156909521096,0.005369811036511383,M0,1
64,1.0,0.46875,1.6650992528312196,0.016047905061998855,M0,1
1,0.5687988628287136,0.013059701492537313,0.9806242441347457,0.0041791247484677,M0,2
2,0.7686507936507936,0.02462121212121212,1.2121481327428951,0.007779726604216689,M0,2
4,0.9361359126984128,0.048828125,1.2943603091406315,0.015318486739691132,M0,2
8,0.9912037037037037,0.10208333333333333,1.5236942039624188,0.031903759037734916,M0,2
16,0.9967948717948718,0.21394230769230768,1.7942005691636447,0.05866348764053863,M0,2
32,0.9944444444444444,0.3541666666666667,1.6668630231118169,0.045600071658192506,M0,2
64,1.0,0.28125,3.569921285723436,0.003878396701364196,M0,2
1,0.5844171997157072,0.03544776119402985,1.179133865760301,0.0028365808319653655,M0,3
2,0.7798171525444253,0.06818181818181818,1.5136713498003136,0.005694352809560945,M0,3
4,0.9383494543650794,0.12890625,1.8275488851360513,0.01105037272766552,M0,3
8,0.9894444444444445,0.22083333333333333,1.8382822452318563,0.01166615679346743,M0,3
16,0.9958479020979021,0.3293269230769231,2.286016316697865,0.013759288354105817,M0,3
32,0.9855709876543209,0.5277777777777778,1.9021797678333006,0.018210164450495656,M0,3
64,0.9580419580419581,0.4375,2.161135801465666,0.11901254802253308,M0,3
1,0.4811656005685857,0.018656716417910446,1.0382685413707997,0.004274823540684191,M0,4
2,0.6705676898858718,0.03409090909090909,1.2259068595639242,0.008209078497587395,M0,4
4,0.8778194895382394,0.064453125,1.533833655326141,0.01486491368766557,M0,4
8,0.9608134920634921,0.11875,2.1740840504822017,0.012667021964979564,M0,4
16,0.9961538461538461,0.21875,2.7129362842419047,0.016466769875755648,M0,4
32,0.9652777777777778,0.2916666666666667,1.719025481337248,0.016624267521269474,M0,4
64,0.9583333333333334,0.46875,1.6723060963941745,0.04295503784663157,M0,4
1,0.5898365316275765,0.022388059701492536,1.2360084434722525,0.001969868094185446,M0,5
2,0.7800204425204426,0.041666666666666664,1.4711000172628084,0.003869897462366312,M0,5
4,0.9322296626984128,0.080078125,1.516447501473764,0.007843553447904937,M0,5
8,0.9865079365079364,0.15833333333333333,1.8100724005166533,0.014888986339697345,M0,5
16,0.9807692307692307,0.2764423076923077,1.7922466664413352,0.017385106644474655,M0,5
32,1.0,0.4131944444444444,1.7687051315857716,0.024280658976286833,M0,5
64,1.0,0.46875,1.8951596719369401,0.1190850360879741,M0,5
1,0.5256127371799014,0.026119402985074626,1.1512883281387012,0.003693194700522858,M0,6
2,0.7235537190082645,0.04924242424242424,1.370488191219092,0.004366365449964764,M0,6
4,0.8899076617826618,0.09375,1.949024662113657,0.005624115126112983,M0,6
8,0.9690668590668591,0.11458333333333333,1.8406685815542236,0.007151617434815184,M0,6
16,0.9908424908424908,0.12259615384615384,1.6479793780022847,0.004778698233431659,M0,6
32,0.9944444444444444,0.1875,2.116997499882057,0.007080670200470864,M0,6
64,1.0,0.0625,3.095863985133242,0.00014497613088202186,M0,6
1,0.536087420042644,0.013059701492537313,1.0094503441222396,0.0003327442617003904,M0,7
2,0.7713744588744589,0.026515151515151516,1.385445822611394,0.0006755716828462471,M0,7
4,0.9027901785714285,0.052734375,1.6371780260448452,0.001017387237899604,M0,7
8,0.9738822751322751,0.09375,1.2542191479937572,0.001108468573953869,M0,7
16,0.9978632478632478,0.1658653846153846,1.4839179646228062,0.0016060359203042506,M0,7
32,1.0,0.2743055555555556,1.4552531381018439,0.0027374865809200884,M0,7
64,1.0,0.40625,1.4278328283138086,0.014062415392024926,M0,7
1,0.49470504619758354,0.013059701492537313,0.8814998319564591,0.00013309778738265174,M0,8
2,0.7020912589094408,0.022727272727272728,1.0968813431636584,0.00020546299177179913,M0,8
4,0.8707893668831168,0.03515625,1.5925576110410855,0.00028896117845318535,M0,8
8,0.9865277777777777,0.058333333333333334,2.048025327538622,0.0004014147549466252,M0,8
16,1.0,0.10336538461538461,1.612037387028361,0.00047271653687583316,M0,8
32,0.9166666666666666,0.2013888888888889,1.4552967197776434,0.0005008744677525952,M0,8
64,1.0,0.3125,2.6195747199021024,0.0003095791088141536,M0,8
1,0.5176794598436391,0.018656716417910446,1.1515836301418823,0.0010035522948291951,M0,9
2,0.732912457912458,0.03409090909090909,1.3567524862240807,0.0015586201420101592,M0,9
4,0.8881256764069264,0.0625,1.0568333029756825,0.002235993859374778,M0,9
8,0.9603968253968255,0.1125,1.3018992341287374,0.0026919769172131527,M0,9
16,0.9597527472527473,0.18990384615384615,1.337317184465338,0.002592932116722342,M0,9
32,1.0,0.3298611111111111,1.508281414944068,0.0031201988795020014,M0,9
64,1.0,0.25,1.666979513581354,0.0003292059558642634,M0,9
1,0.5980099502487563,0.018656716417910446,0.7962339575460615,0.0010624379679108717,M0,10
2,0.7714646464646465,0.03409090909090909,1.0535448578192779,0.0016221964854061615,M0,10
4,0.9246837797619047,0.0625,1.3841992208535125,0.0023093912937413997,M0,10
8,0.9844444444444443,0.11041666666666666,1.349802801700943,0.004748595341134295,M0,10
16,0.9961538461538461,0.20673076923076922,1.557239299545078,0.006993667162377829,M0,10
32,1.0,0.2638888888888889,1.4024381546544862,0.006491182624226149,M0,10
64,1.0,0.25,1.190725329563173,0.0,M0,10
1,0.5350606275979412,0.024253731343283583,0.9524657753022355,0.0038247143343316313,M0,11
2,0.7435666185666185,0.04734848484848485,1.3272489462920964,0.007530274757499724,M0,11
4,0.9112334280303029,0.091796875,1.7556885816177266,0.015279730885327794,M0,11
8,0.9902777777777778,0.17291666666666666,2.0634103776727626,0.018642162513174194,M0,11
16,1.0,0.3076923076923077,1.6115557534119525,0.023026775576151178,M0,11
32,1.0,0.3611111111111111,2.0114342277644677,0.018582485080510597,M0,11
64,1.0,0.34375,1.4289147927994694,0.006160645858414513,M0,11
1,0.49839493011134806,0.026119402985074626,0.8105521515368391,0.00769551087917119,M0,12
2,0.7014430014430014,0.045454545454545456,1.1551033667900323,0.012086937273908695,M0,12
4,0.9102492559523809,0.078125,1.3842204710099906,0.013985842608797676,M0,12
8,0.9865205627705628,0.14166666666666666,1.4906793795928006,0.012578580834413773,M0,12
16,0.9951923076923077,0.27163461538461536,1.7942462223120557,0.015408761740023015,M0,12
32,0.9828703703703704,0.4618055555555556,1.7991819970882408,0.015567128254779437,M0,12
64,1.0,0.5,2.145363042451869,0.01765085983162508,M0,12
1,0.5405531864487089,0.018656716417910446,1.2794259707886109,0.0007182889226904468,M0,13
2,0.6570466570466571,0.03787878787878788,1.5730024553815798,0.001393578327093686,M0,13
4,0.8153583829365079,0.076171875,2.1281160526513667,0.0027072808444613293,M0,13
8,0.9301118326118327,0.13541666666666666,2.285956036306724,0.004885002040614045,M0,13
16,0.9887820512820513,0.21875,1.794971354236046,0.006912096455980893,M0,13
32,0.9960317460317462,0.2986111111111111,1.7460825174263819,0.007339172829224928,M0,13
64,1.0,0.28125,2.1432856867880012,0.000534318256542074,M0,13
1,0.5594527363184079,0.016791044776119403,0.8956520403496434,0.0007757479927725838,M0,14
2,0.7407647907647908,0.030303030303030304,1.125732857372467,0.0011048948094032223,M0,14
4,0.9044270833333333,0.05859375,1.1757491076751654,0.0017940459567236215,M0,14
8,0.9651190476190477,0.09375,1.254288502409605,0.0019787192788052283,M0,14
16,0.9951923076923077,0.14903846153846154,1.3372206599545606,0.0027331837081220186,M0,14
32,1.0,0.2708333333333333,1.270300554482122,0.004034452495211817,M0,14
64,1.0,0.625,1.6695902999860721,0.015513586805456784,M0,14
1,0.6178630656242596,0.020522388059701493,1.0520774759583396,8.660917536354105e-05,M0,15
2,0.7654040404040405,0.03787878787878788,1.2845156754495073,0.00016705643901797595,M0,15
4,0.9097284226190476,0.0625,1.4734739425812964,0.0003252052111736908,M0,15
8,0.9791666666666666,0.10833333333333334,1.4605741724033352,0.0006705155969762489,M0,15
16,0.9908424908424909,0.16826923076923078,1.6302977480325613,0.0009339387218386181,M0,15
32,0.96875,0.1597222222222222,1.4023445235237737,0.0009635825979267273,M0,15
64,1.0,0.25,1.1906931096959217,0.0001646029779321317,M0,15
1,0.6669439598544076,0.022388059701492536,1.1373708215789948,0.0006631450192753945,M0,16
2,0.8374333158424068,0.041666666666666664,1.3278363288569115,0.0008115108018129199,M0,16
4,0.9239397321428572,0.076171875,1.5475568118087795,0.0010706347516067308,M0,16
8,0.9472222222222223,0.12708333333333333,1.7936212100122195,0.0014269801385362857,M0,16
16,0.9935897435897437,0.20432692307692307,2.1428599333705454,0.001224349490903194,M0,16
32,0.9782407407407406,0.3055555555555556,2.0900027551585194,0.0012188344630325756,M0,16
64,1.0,0.53125,0.4764608375543269,0.000534318256542074,M0,16
1,0.5890181128987099,0.020522388059701493,1.1228857770026601,0.0006312454218698976,M0,17
2,0.7965927590927591,0.03409090909090909,1.298293391938648,0.0012080672114348728,M0,17
4,0.9165466044372295,0.0625,1.5919802530499827,0.0023489980512687793,M0,17
8,0.9739616402116401,0.12291666666666666,1.9682593279141283,0.004996698229618528,M0,17
16,1.0,0.20432692307692307,2.307541139464569,0.006094232268970347,M0,17
32,1.0,0.3194444444444444,2.3009535114855604,0.004464785781952204,M0,17
64,1.0,0.375,2.6197703066371103,0.002137273026168296,M0,17
1,0.6328358208955225,0.04664179104477612,1.1896102060870837,0.014818464214447635,M0,18
2,0.8027837902837903,0.06439393939393939,1.4657416881876077,0.029882888819021892,M0,18
4,0.924807224025974,0.11328125,1.4422966544844327,0.0496033326630952,M0,18
8,0.9752777777777778,0.19791666666666666,1.8967674826766117,0.06591489205386386,M0,18
16,0.9913003663003663,0.33653846153846156,1.4035949974027235,0.043204652785381215,M0,18
32,0.992559523809524,0.3402777777777778,1.3863696572732054,0.06337719373242179,M0,18
64,1.0,0.375,1.6634780112537273,0.017940812093389123,M0,18
1,0.5447583511016347,0.014925373134328358,1.0377077433189836,0.0032984088721055133,M0,19
2,0.7192821067821068,0.022727272727272728,1.5296454879559458,0.0036208100033114964,M0,19
4,0.8828249007936508,0.0390625,1.6670058297478756,0.004295837371774022,M0,19
8,0.9690542328042329,0.07083333333333333,1.809816536188526,0.005779589125921575,M0,19
16,0.9934065934065934,0.13221153846153846,1.905195775433224,0.007167340166377549,M0,19
32,1.0,0.2673611111111111,1.561736184740777,0.01109447685608023,M0,19
64,1.0,0.5,0.9505324879140756,0.017980065787489345,M0,19
1,0.5681414356787492,0.020522388059701493,1.1089046162747829,0.0014660585622443198,M0,20
2,0.7481060606060607,0.041666666666666664,1.3277224499520281,0.002506434450451898,M0,20
4,0.9039924918831168,0.08203125,1.6222151490225958,0.003163532921307183,M0,20
8,0.9818181818181818,0.15416666666666667,1.714285043207681,0.004580154331012405,M0,20
16,0.9783653846153846,0.22355769230769232,1.9234008965570621,0.005585724668485969,M0,20
32,0.9814814814814815,0.3506944444444444,2.460962531733715,0.006868568395017315,M0,20
64,0.9305555555555556,0.3125,1.1909308108899959,0.0013585887748481919,M0,20
1,0.527943615257048,0.020522388059701493,1.0658537559755203,0.004506369612407426,M0,21
2,0.7341570466570466,0.03409090909090909,1.4284888930526405,0.008144312648309568,M0,21
4,0.905797371031746,0.0625,1.7261578812910214,0.00943521137597805,M0,21
8,0.956468253968254,0.11666666666666667,1.8572175985268438,0.010723829896303032,M0,21
16,0.9857517482517484,0.20192307692307693,1.9229956575165557,0.010774573892830172,M0,21
32,1.0,0.3819444444444444,1.666833896664655,0.019232859815367154,M0,21
64,0.9583333333333334,0.625,2.857434174226979,0.002137273026168296,M0,21
1,0.5971215351812367,0.020522388059701493,1.0804458626566575,0.001149481468731421,M0,22
2,0.7885822510822512,0.03787878787878788,1.1546908102754543,0.0022042640106869275,M0,22
4,0.9488963293650794,0.064453125,1.0718097251910428,0.00354330045566686,M0,22
8,0.9855555555555555,0.11666666666666667,1.3496629266251186,0.003654234313993611,M0,22
16,1.0,0.17067307692307693,1.0991751040447453,0.002899767164217013,M0,22
32,1.0,0.3055555555555556,1.508167256513405,0.003891709094678977,M0,22
64,1.0,0.65625,1.905288092473231,0.001602954769626222,M0,22
1,0.5666666666666667,0.011194029850746268,0.8388235673807144,1.848233485457633e-05,M0,23
2,0.7616161616161617,0.020833333333333332,1.1979227487363506,3.3131524374987644e-05,M0,23
4,0.9454241071428571,0.041015625,1.2055969382983225,4.5681248573096106e-05,M0,23
8,0.9948412698412699,0.07708333333333334,1.111324843209633,5.396049102466513e-05,M0,23
16,0.9935897435897437,0.12259615384615384,1.0991152301538132,0.00011139941769603028,M0,23
32,1.0,0.15625,1.3759317612433175,0.00024187413169156997,M0,23
64,1.0,0.15625,0.7144550882838161,0.00021746419632303279,M0,23
1,0.5587597725657427,0.03171641791044776,0.9809387055080835,0.0008482024789795194,M0,24
2,0.758982683982684,0.05303030303030303,1.3421318992751237,0.0017133216312079926,M0,24
4,0.8930927579365079,0.087890625,1.53295229872719,0.002027810193960779,M0,24
8,0.9752843915343915,0.15,2.0795566694208243,0.003170394695689259,M0,24
16,0.9961538461538461,0.24759615384615385,1.4655656724099269,0.0048443788155547686,M0,24
32,1.0,0.2569444444444444,1.9048984510965612,0.005322906268503432,M0,24
64,0.9642857142857143,0.15625,3.5692123182950617,0.01604790506199886,M0,24
1,0.5461528935409532,0.029850746268656716,0.9948866098933473,0.0006140863896523527,M0,25
2,0.7041775984957803,0.043560606060606064,1.2554792725868482,0.0011550615590362756,M0,25
4,0.9087053571428572,0.076171875,1.6368694944749806,0.0021813317803387245,M0,25
8,0.9966666666666666,0.1375,1.555525345320165,0.002235242964012545,M0,25
16,0.9743589743589745,0.20192307692307693,1.5202950671894635,0.0017333457730322665,M0,25
32,0.9937499999999999,0.28125,1.5345450597500514,0.0025648843669302647,M0,25
64,1.0,0.34375,2.85774748454394,0.001368402198373247,M0,25
1,0.5971215351812366,0.027985074626865673,0.9231648947080909,0.014992144814577547,M0,26
2,0.812962962962963,0.05303030303030303,1.4121055330336694,0.030429810615603986,M0,26
4,0.9049107142857143,0.1015625,1.6786237455993476,0.06234304913749844,M0,26
8,0.9304166666666667,0.175,1.7552896116098833,0.10135952194158587,M0,26
16,0.9786858974358974,0.3173076923076923,1.7463398640670311,0.13525176531061323,M0,26
32,1.0,0.4930555555555556,1.6390061601710064,0.14958092783630234,M0,26
64,1.0,0.375,1.667993243780408,0.004702667219670314,M0,26
1,0.5942075337597726,0.020522388059701493,1.1231325757973876,0.00020438052152689414,M0,27
2,0.7588924963924965,0.03409090909090909,1.4432432864979299,0.00035018854291313977,M0,27
4,0.8766183035714287,0.05859375,1.3246060370791701,0.00044604373330718735,M0,27
8,0.9563227513227514,0.10625,1.6192883847976731,0.000582643633502748,M0,27
16,0.9807692307692307,0.21875,1.8500426841970472,0.0007057371457836373,M0,27
32,1.0,0.3333333333333333,1.5347174536232915,0.0006873486169175416,M0,27
64,1.0,0.4375,2.619607851288442,0.0013585887748481919,M0,27
1,0.48576759061833696,0.03544776119402985,0.9383540929164429,0.0011679638035859974,M0,28
2,0.6806998556998557,0.06060606060606061,1.1545843516067378,0.0017716800600748013,M0,28
4,0.8620907738095238,0.09765625,1.5180514587773963,0.002484121602359951,M0,28
8,0.9635251322751323,0.1875,1.3812757160529083,0.004552637254536287,M0,28
16,1.0,0.2692307692307692,1.4472298540451878,0.006153207101326539,M0,28
32,0.9867724867724869,0.4236111111111111,1.4819856008767873,0.005676464142430561,M0,28
64,1.0,0.375,0.9524252757579726,0.002137273026168296,M0,28
1,0.5090499881544658,0.018656716417910446,0.8956914563393623,0.000537890133778793,M0,29
2,0.73948248720976,0.030303030303030304,1.3277918730440803,0.0006207817716249127,M0,29
4,0.8898003472222222,0.05078125,1.7710048477217382,0.0007931094604245945,M0,29
8,0.9777777777777777,0.09166666666666666,1.523983717615023,0.001170921919313887,M0,29
16,1.0,0.16826923076923078,1.9233065840483237,0.002059625146682742,M0,29
32,0.9965277777777778,0.3090277777777778,1.4553284662764652,0.0020309364771667567,M0,29
64,1.0,0.0,0.7144308388419481,0.0,M0,29
1,0.5858031272210377,0.0,1.0786274330360826,0.0,P_k2,0
2,0.720021645021645,0.0,1.3019326327960112,0.0,P_k2,0
4,0.8696428571428572,0.0,1.4209190283376945,0.0,P_k2,0
8,0.9648611111111111,0.0,1.4701761474871826,0.0,P_k2,0
16,0.9903846153846154,0.0,1.5245821511096838,0.0,P_k2,0
32,0.9944444444444444,0.0,1.4901829314284547,0.0,P_k2,0
64,1.0,0.0,1.383851381931377,0.0,P_k2,0
1,0.5541044776119403,0.0,0.8618074211005777,0.0,P_k2,1
2,0.7359427609427609,0.0,1.1784269331957038,0.0,P_k2,1
4,0.9046937003968254,0.0,1.2965513310003283,0.0,P_k2,1
8,0.9634848484848485,0.0,1.282229630715726,0.0,P_k2,1
16,0.9871794871794872,0.0,1.7351641629682877,0.0,P_k2,1
32,1.0,0.0,1.62006810810924,0.0,P_k2,1
64,1.0,0.0,0.48247073614492275,0.0,P_k2,1
1,0.4819237147595357,0.0,0.8952972646390603,0.0,P_k2,2
2,0.6700396825396826,0.0,1.160605791373906,0.0,P_k2,2
4,0.8581151920995671,0.0,1.3711380690158266,0.0,P_k2,2
8,0.968287037037037,0.0,1.7097004590744773,0.0,P_k2,2
16,0.9900641025641026,0.0,1.3551470794218121,0.0,P_k2,2
32,1.0,0.0,1.5219062473603249,0.0,P_k2,2
64,1.0,0.0,1.1966652200953147,0.0,P_k2,2
1,0.6206645344705047,0.0,0.9512074413812097,0.0,P_k2,3
2,0.7913059163059163,0.0,1.1590027495765471,0.0,P_k2,3
4,0.9178013392857143,0.0,1.6048067784004103,0.0,P_k2,3
8,0.9820833333333334,0.0,1.9920804812359272,0.0,P_k2,3
16,0.9399038461538461,0.0,1.475736344808941,0.0,P_k2,3
32,0.9027777777777778,0.0,1.608965305652084,0.0,P_k2,3
64,0.9642857142857143,0.0,1.7608361107888846,0.0,P_k2,3
1,0.5356669035773515,0.0,1.0624711827147877,0.0,P_k2,4
2,0.7349025974025974,0.0,1.283410452654156,0.0,P_k2,4
4,0.8845610119047619,0.0,1.5312566808638604,0.0,P_k2,4
8,0.9823148148148149,0.0,1.6306264476342265,0.0,P_k2,4
16,0.9705433455433455,0.0,1.4599003093429976,0.0,P_k2,4
32,1.0,0.0,1.4396613612801294,0.0,P_k2,4
64,1.0,0.0,1.541142368829368,0.0,P_k2,4
1,0.43802416488983653,0.0,1.0897222249715448,0.0,P_k2,5
2,0.5949443653989108,0.0,1.5867724933072267,0.0,P_k2,5
4,0.7202108655233656,0.0,1.8030484278864434,0.0,P_k2,5
8,0.8503429440929442,0.0,2.0076815017256733,0.0,P_k2,5
16,0.8390646746415976,0.0,1.9778142029655785,0.0,P_k2,5
32,0.8647250126416793,0.0,1.7859643861704748,0.0,P_k2,5
64,0.8428571428571429,0.0,2.1635304668262934,0.0,P_k2,5
1,0.5327211345868063,0.0,1.2582026929876955,0.0,P_k2,6
2,0.7332420525602344,0.0,1.4241140127440362,0.0,P_k2,6
4,0.8672489402958152,0.0,1.6531437867674796,0.0,P_k2,6
8,0.9503306878306879,0.0,2.000539770884253,0.0,P_k2,6
16,0.9847756410256411,0.0,1.8356449014342942,0.0,P_k2,6
32,1.0,0.0,1.8757901633450704,0.0,P_k2,6
64,0.96875,0.0,1.6487727066834907,0.0,P_k2,6
1,0.6105543710021322,0.0,0.9723703958934296,0.0,P_k2,7
2,0.750974025974026,0.0,1.133004809498595,0.0,P_k2,7
4,0.8731584821428572,0.0,1.3670612349543991,0.0,P_k2,7
8,0.9590079365079365,0.0,1.2837909639995517,0.0,P_k2,7
16,0.9807692307692307,0.0,0.992607937034172,0.0,P_k2,7
32,0.9745370370370371,0.0,1.0208024476545565,0.0,P_k2,7
64,1.0,0.0,1.2078056624886393,0.0,P_k2,7
1,0.5748045486851459,0.0,0.911419173803951,0.0,P_k2,8
2,0.7487734487734488,0.0,1.1676013320157912,0.0,P_k2,8
4,0.8733320932539683,0.0,1.1495453781795941,0.0,P_k2,8
8,0.9671825396825396,0.0,1.516779100634061,0.0,P_k2,8
16,1.0,0.0,1.9647082432113845,0.0,P_k2,8
32,0.9444444444444444,0.0,1.4213544012460395,0.0,P_k2,8
64,1.0,0.0,0.6898718560424888,0.0,P_k2,8
1,0.598134328358209,0.0,0.9730300231894126,0.0,P_k2,9
2,0.7880772005772005,0.0,1.1646486366188284,0.0,P_k2,9
4,0.9349702380952382,0.0,1.4342929240162543,0.0,P_k2,9
8,0.9855555555555555,0.0,1.6567612837015584,0.0,P_k2,9
16,0.9423076923076923,0.0,1.111586147420657,0.0,P_k2,9
32,1.0,0.0,1.1800450709610937,0.0,P_k2,9
64,1.0,0.0,0.7081019164921035,0.0,P_k2,9
1,0.5162579957356076,0.0,0.8978338476946585,0.0,P_k2,10
2,0.7150252525252525,0.0,1.2571258728759283,0.0,P_k2,10
4,0.8884672619047619,0.0,1.4929601852194656,0.0,P_k2,10
8,0.9711640211640211,0.0,1.4116459402838752,0.0,P_k2,10
16,0.9951159951159951,0.0,1.590909643061298,0.0,P_k2,10
32,0.9804894179894179,0.0,1.8132743994522704,0.0,P_k2,10
64,1.0,0.0,1.2473751243728608,0.0,P_k2,10
1,0.5180822080075811,0.0,0.7370045361155833,0.0,P_k2,11
2,0.7376443001443002,0.0,1.167701850069033,0.0,P_k2,11
4,0.8778583829365081,0.0,1.3789250893654716,0.0,P_k2,11
8,0.954212962962963,0.0,1.2576064315828042,0.0,P_k2,11
16,0.992948717948718,0.0,1.1759760907110959,0.0,P_k2,11
32,0.9969135802469135,0.0,1.36073247484957,0.0,P_k2,11
64,1.0,0.0,1.3075171184099408,0.0,P_k2,11
1,0.5587420042643924,0.0,1.1006590293661866,0.0,P_k2,12
2,0.7483766233766234,0.0,1.4816541425185479,0.0,P_k2,12
4,0.8966021825396826,0.0,1.62977851000316,0.0,P_k2,12
8,0.9944444444444444,0.0,1.578450767871361,0.0,P_k2,12
16,1.0,0.0,1.7448349546253785,0.0,P_k2,12
32,0.9892857142857143,0.0,1.4121046277348583,0.0,P_k2,12
64,1.0,0.0,1.950324602981197,0.0,P_k2,12
1,0.5450781805259418,0.0,1.1142911099513724,0.0,P_k2,13
2,0.7405303030303029,0.0,1.3647121015495058,0.0,P_k2,13
4,0.8680741567460317,0.0,1.523919359702116,0.0,P_k2,13
8,0.963148148148148,0.0,1.9709254803695733,0.0,P_k2,13
16,0.9781822344322345,0.0,1.4742964060370802,0.0,P_k2,13
32,0.9937499999999999,0.0,1.334333603717124,0.0,P_k2,13
64,1.0,0.0,1.4895960729936923,0.0,P_k2,13
1,0.47332654907281774,0.0,1.077894619380431,0.0,P_k2,14
2,0.6689093314093314,0.0,1.4677865076320784,0.0,P_k2,14
4,0.8686403006715506,0.0,1.6659531141698283,0.0,P_k2,14
8,0.9739411976911977,0.0,1.6455380495596506,0.0,P_k2,14
16,0.9951159951159951,0.0,2.0651810449819132,0.0,P_k2,14
32,1.0,0.0,2.0404490881715605,0.0,P_k2,14
64,1.0,0.0,1.0385348653123776,0.0,P_k2,14
1,0.5569888651978204,0.0,0.8842828694030459,0.0,P_k2,15
2,0.7485449735449736,0.0,1.238089294267984,0.0,P_k2,15
4,0.9079799107142856,0.0,1.5079008716893785,0.0,P_k2,15
8,0.9603571428571429,0.0,1.6952186468420942,0.0,P_k2,15
16,0.9951923076923077,0.0,1.3865345325475797,0.0,P_k2,15
32,0.988425925925926,0.0,1.4758129946832899,0.0,P_k2,15
64,1.0,0.0,2.6240488111020643,0.0,P_k2,15
1,0.5544065387348969,0.0,0.9206801276106055,0.0,P_k2,16
2,0.7248496873496872,0.0,1.1037193262428928,0.0,P_k2,16
4,0.9193204365079366,0.0,1.3322141522677244,0.0,P_k2,16
8,0.9830886243386243,0.0,1.651250853527283,0.0,P_k2,16
16,1.0,0.0,1.8205236828922298,0.0,P_k2,16
32,1.0,0.0,1.9117249225490598,0.0,P_k2,16
64,1.0,0.0,0.8929018367646764,0.0,P_k2,16
1,0.38893627102582323,0.0,0.9252636602014128,0.0,P_k2,17
2,0.5417448292448291,0.0,1.231504315025131,0.0,P_k2,17
4,0.6793836805555555,0.0,1.4651083270401501,0.0,P_k2,17
8,0.8020374532874531,0.0,1.6617012235152446,0.0,P_k2,17
16,0.8247557997557996,0.0,1.9279808257593378,0.0,P_k2,17
32,0.7945977633477632,0.0,1.6749774994772366,0.0,P_k2,17
64,0.8517857142857144,0.0,1.2816505167796093,0.0,P_k2,17
1,0.5588249230040275,0.0,1.2455217925859245,0.0,P_k2,18
2,0.7208305162850618,0.0,1.4892896467119068,0.0,P_k2,18
4,0.880295138888889,0.0,2.176649647233556,0.0,P_k2,18
8,0.9721329365079365,0.0,2.293595022458852,0.0,P_k2,18
16,0.9951923076923077,0.0,2.7021042619607862,0.0,P_k2,18
32,1.0,0.0,2.863562860100698,0.0,P_k2,18
64,1.0,0.0,2.191784333287395,0.0,P_k2,18
1,0.5779317697228146,0.0,0.8922003124565552,0.0,P_k2,19
2,0.7947270322270322,0.0,1.236613343739598,0.0,P_k2,19
4,0.913671875,0.0,1.4702645259745428,0.0,P_k2,19
8,0.9916666666666667,0.0,1.7212307630409802,0.0,P_k2,19
16,0.9880647130647132,0.0,1.6153556068613995,0.0,P_k2,19
32,0.9656635802469135,0.0,1.4364398835925678,0.0,P_k2,19
64,1.0,0.0,1.3915547699677977,0.0,P_k2,19
1,0.5298389007344231,0.0,0.9350624357507161,0.0,P_k2,20
2,0.7110750360750361,0.0,1.360940407073893,0.0,P_k2,20
4,0.8613777281746031,0.0,1.803825553276312,0.0,P_k2,20
8,0.962195165945166,0.0,2.108882420518103,0.0,P_k2,20
16,0.9766025641025641,0.0,1.6019448017201274,0.0,P_k2,20
32,0.9894731040564374,0.0,1.4790920806297867,0.0,P_k2,20
64,1.0,0.0,3.3573547080008193,0.0,P_k2,20
1,0.5051468846244965,0.0,1.1367381768740665,0.0,P_k2,21
2,0.6966209716209717,0.0,1.4243977249674706,0.0,P_k2,21
4,0.859479843073593,0.0,1.632273821154403,0.0,P_k2,21
8,0.9653968253968254,0.0,1.618241822504057,0.0,P_k2,21
16,0.9927350427350429,0.0,1.6537073216191518,0.0,P_k2,21
32,0.9930555555555556,0.0,1.8530744587175267,0.0,P_k2,21
64,1.0,0.0,3.3249855688536636,0.0,P_k2,21
1,0.616601516228382,0.0,0.984553135319743,0.0,P_k2,22
2,0.7648869648869648,0.0,1.2665135781391335,0.0,P_k2,22
4,0.90343501984127,0.0,1.4187587704374058,0.0,P_k2,22
8,0.97873556998557,0.0,1.6531551321101416,0.0,P_k2,22
16,0.9954594017094016,0.0,1.9413556655995283,0.0,P_k2,22
32,0.9944444444444444,0.0,1.8611898011048542,0.0,P_k2,22
64,1.0,0.0,1.7452134891860827,0.0,P_k2,22
1,0.5247808576166787,0.0,1.0283791309047075,0.0,P_k2,23
2,0.7435606060606061,0.0,1.3958206322381779,0.0,P_k2,23
4,0.8877046130952382,0.0,1.624398554984764,0.0,P_k2,23
8,0.9597222222222223,0.0,1.6137032302157834,0.0,P_k2,23
16,0.973068598068598,0.0,1.951391943046052,0.0,P_k2,23
32,1.0,0.0,2.152692874877346,0.0,P_k2,23
64,1.0,0.0,3.363003199363199,0.0,P_k2,23
1,0.5753020611229566,0.0,1.1378947539383462,0.0,P_k2,24
2,0.7356481481481482,0.0,1.3306505705246534,0.0,P_k2,24
4,0.8682973710317461,0.0,1.2806068626699014,0.0,P_k2,24
8,0.9702380952380952,0.0,1.4265658587969783,0.0,P_k2,24
16,0.9967948717948718,0.0,1.6100015949168471,0.0,P_k2,24
32,1.0,0.0,1.1762665696538943,0.0,P_k2,24
64,0.9583333333333334,0.0,1.86183858262716,0.0,P_k2,24
1,0.46112887941246156,0.0,1.0963735999410957,0.0,P_k2,25
2,0.6507094757094758,0.0,1.5942434440345545,0.0,P_k2,25
4,0.7800589601370851,0.0,1.5742384926347883,0.0,P_k2,25
8,0.8664351851851851,0.0,1.7268003947200918,0.0,P_k2,25
16,0.9583333333333334,0.0,1.6055679342207827,0.0,P_k2,25
32,0.8983465608465608,0.0,1.8081906473383258,0.0,P_k2,25
64,1.0,0.0,0.9824184895156749,0.0,P_k2,25
1,0.5249881544657664,0.0,1.084352731250364,0.0,P_k2,26
2,0.7163119288119287,0.0,1.4957805097615555,0.0,P_k2,26
4,0.8604166666666666,0.0,1.7102851092995706,0.0,P_k2,26
8,0.9621488696488696,0.0,1.8224117693700876,0.0,P_k2,26
16,1.0,0.0,2.218524272618071,0.0,P_k2,26
32,0.9955484330484331,0.0,1.5493663434886167,0.0,P_k2,26
64,1.0,0.0,0.48999867539638264,0.0,P_k2,26
1,0.6172632508453404,0.0,1.1191368023962136,0.0,P_k2,27
2,0.8212181337181337,0.0,1.3874362447919841,0.0,P_k2,27
4,0.9433469742063492,0.0,1.6180721074830968,0.0,P_k2,27
8,0.951111111111111,0.0,1.3805383900066661,0.0,P_k2,27
16,0.9635989010989012,0.0,1.7440464571182557,0.0,P_k2,27
32,1.0,0.0,1.6191811583743105,0.0,P_k2,27
64,1.0,0.0,3.8060858806329456,0.0,P_k2,27
1,0.5447761194029851,0.0,1.0397562497128017,0.0,P_k2,28
2,0.7092532467532467,0.0,1.176093006706809,0.0,P_k2,28
4,0.8674665178571428,0.0,1.1899122527558172,0.0,P_k2,28
8,0.9636507936507938,0.0,1.245085266864246,0.0,P_k2,28
16,0.9972527472527474,0.0,1.3520604505278588,0.0,P_k2,28
32,0.9930555555555556,0.0,1.41032472849344,0.0,P_k2,28
64,1.0,0.0,1.1843577215520658,0.0,P_k2,28
1,0.544284529732291,0.0,0.9865938267620091,0.0,P_k2,29
2,0.7434102934102935,0.0,1.1806717047086126,0.0,P_k2,29
4,0.8442832341269841,0.0,1.3496086754006114,0.0,P_k2,29
8,0.9584986772486771,0.0,1.5140504843332991,0.0,P_k2,29
16,1.0,0.0,1.6985284796428473,0.0,P_k2,29
32,0.961309523809524,0.0,1.5345548469298524,0.0,P_k2,29
64,1.0,0.0,3.7903786641545105,0.0,P_k2,29
1,0.5403518123667378,0.0,0.8414195732302131,0.0,P_k10,0
2,0.7294011544011544,0.0,1.1469096160917198,0.0,P_k10,0
4,0.9393229166666667,0.0,1.5315753988318455,0.0,P_k10,0
8,0.9881746031746032,0.0,1.2294715286758435,0.0,P_k10,0
16,0.9346153846153846,0.0,1.2267870677693369,0.0,P_k10,0
32,0.9861111111111113,0.0,1.713291915226211,0.0,P_k10,0
64,1.0,0.0,1.8783861339784114,0.0,P_k10,0
1,0.5359097370291401,0.0,1.097719168305953,0.0,P_k10,1
2,0.681986531986532,0.0,1.439358934362789,0.0,P_k10,1
4,0.8442460317460319,0.0,1.572126571970335,0.0,P_k10,1
8,0.9746825396825397,0.0,1.553535602167098,0.0,P_k10,1
16,1.0,0.0,1.5011820945531342,0.0,P_k10,1
32,0.9416666666666667,0.0,1.1135470146523534,0.0,P_k10,1
64,1.0,0.0,1.332965471660041,0.0,P_k10,1
1,0.47149144387950354,0.0,1.155999244107524,0.0,P_k10,2
2,0.6727809227809227,0.0,1.3363634708017342,0.0,P_k10,2
4,0.8261302065989566,0.0,1.7341168678604268,0.0,P_k10,2
8,0.945688061938062,0.0,2.0274792661128407,0.0,P_k10,2
16,0.9955044955044955,0.0,2.2717947501309306,0.0,P_k10,2
32,0.9856150793650793,0.0,2.19582089355536,0.0,P_k10,2
64,1.0,0.0,3.296679699830734,0.0,P_k10,2
1,0.534506041222459,0.0,1.1690714882406439,0.0,P_k10,3
2,0.6773208273208272,0.0,1.070933467425229,0.0,P_k10,3
4,0.8282118055555555,0.0,1.4370710198351806,0.0,P_k10,3
8,0.9287896825396825,0.0,1.6789786276702672,0.0,P_k10,3
16,0.9595009157509158,0.0,1.9241479661358176,0.0,P_k10,3
32,1.0,0.0,1.5417881747208775,0.0,P_k10,3
64,1.0,0.0,0.8818418516223485,0.0,P_k10,3
1,0.5591743662639186,0.0,0.9502308789161908,0.0,P_k10,4
2,0.7399591149591149,0.0,1.124463708772622,0.0,P_k10,4
4,0.9048024891774892,0.0,1.3924745595286816,0.0,P_k10,4
8,0.9983333333333333,0.0,1.7163758192677663,0.0,P_k10,4
16,0.9919871794871794,0.0,2.1506059725908098,0.0,P_k10,4
32,1.0,0.0,2.059705737586367,0.0,P_k10,4
64,1.0,0.0,1.184262275407256,0.0,P_k10,4
1,0.5045842217484009,0.0,0.7801361111761369,0.0,P_k10,5
2,0.7122655122655123,0.0,0.9611001804771565,0.0,P_k10,5
4,0.8812872023809524,0.0,1.195668875285689,0.0,P_k10,5
8,0.9905555555555555,0.0,1.3284464833776575,0.0,P_k10,5
16,1.0,0.0,1.264450158106656,0.0,P_k10,5
32,1.0,0.0,1.4218248708693784,0.0,P_k10,5
64,1.0,0.0,1.6314323674108882,0.0,P_k10,5
1,0.5702784777411644,0.0,1.0846024691579963,0.0,P_k10,6
2,0.6743807118807118,0.0,1.255286140388307,0.0,P_k10,6
4,0.8992666621572871,0.0,1.4880158298295214,0.0,P_k10,6
8,0.9756746031746031,0.0,1.7677460182829436,0.0,P_k10,6
16,1.0,0.0,1.796379185262865,0.0,P_k10,6
32,0.9898148148148148,0.0,1.9271019122997783,0.0,P_k10,6
64,1.0,0.0,0.9224577738554307,0.0,P_k10,6
1,0.4675491589670694,0.0,1.1088624162275138,0.0,P_k10,7
2,0.6423843412479776,0.0,1.3762635400125678,0.0,P_k10,7
4,0.7814670138888888,0.0,1.7216078261987873,0.0,P_k10,7
8,0.8655814093314095,0.0,2.03809652040844,0.0,P_k10,7
16,0.8590798090798091,0.0,1.8487320318886589,0.0,P_k10,7
32,0.9090367965367966,0.0,1.9711927536387388,0.0,P_k10,7
64,1.0,0.0,1.0867704839834629,0.0,P_k10,7
1,0.5731698649609096,0.0,0.9879878848900403,0.0,P_k10,8
2,0.7652597402597402,0.0,1.254732118114011,0.0,P_k10,8
4,0.9143229166666667,0.0,1.41542814745282,0.0,P_k10,8
8,0.9677116402116401,0.0,1.5715076973365456,0.0,P_k10,8
16,1.0,0.0,1.7954468600386577,0.0,P_k10,8
32,1.0,0.0,1.2906180754903285,0.0,P_k10,8
64,0.9642857142857143,0.0,1.7238226326191932,0.0,P_k10,8
1,0.49511371712864244,0.0,0.8510373990741172,0.0,P_k10,9
2,0.7532948532948534,0.0,1.1956223953693235,0.0,P_k10,9
4,0.8897445436507936,0.0,1.4672247708041712,0.0,P_k10,9
8,0.9473148148148148,0.0,1.8977316499916903,0.0,P_k10,9
16,0.9754273504273504,0.0,1.7885531427834718,0.0,P_k10,9
32,1.0,0.0,1.3548944510189573,0.0,P_k10,9
64,0.849702380952381,0.0,2.416830932824918,0.0,P_k10,9
1,0.5567874911158494,0.0,0.9861729046054166,0.0,P_k10,10
2,0.7536676286676287,0.0,1.1783781707537335,0.0,P_k10,10
4,0.9165240575396826,0.0,1.3540631315961829,0.0,P_k10,10
8,0.9828373015873016,0.0,1.5067002448701767,0.0,P_k10,10
16,1.0,0.0,1.4742974546086491,0.0,P_k10,10
32,1.0,0.0,1.8598283296382558,0.0,P_k10,10
64,1.0,0.0,1.4720440553190017,0.0,P_k10,10
1,0.5358386638237385,0.0,1.0985049443825259,0.0,P_k10,11
2,0.7010942760942761,0.0,1.4939780598506536,0.0,P_k10,11
4,0.861297123015873,0.0,1.6433662521601113,0.0,P_k10,11
8,0.9563419913419913,0.0,2.0073974056501975,0.0,P_k10,11
16,1.0,0.0,1.7616091014843025,0.0,P_k10,11
32,1.0,0.0,1.7535645894013945,0.0,P_k10,11
64,1.0,0.0,3.1243193303325056,0.0,P_k10,11
1,0.5232942430703625,0.0,0.93174035820146,0.0,P_k10,12
2,0.7327741702741702,0.0,1.166364989473408,0.0,P_k10,12
4,0.9352678571428572,0.0,1.5056166362684111,0.0,P_k10,12
8,0.9939814814814815,0.0,1.5131187338402101,0.0,P_k10,12
16,0.9961538461538461,0.0,1.3519697966169977,0.0,P_k10,12
32,0.9944444444444444,0.0,1.3448475091387613,0.0,P_k10,12
64,1.0,0.0,1.87261686829415,0.0,P_k10,12
1,0.5063007473455235,0.0,1.2053186164316019,0.0,P_k10,13
2,0.6840783374874284,0.0,1.7922023547344639,0.0,P_k10,13
4,0.9088727678571429,0.0,2.3504948794594664,0.0,P_k10,13
8,0.9758459595959595,0.0,2.1167369414343593,0.0,P_k10,13
16,0.9931929181929183,0.0,2.360833743603099,0.0,P_k10,13
32,0.9782497594997596,0.0,1.8658424394490056,0.0,P_k10,13
64,1.0,0.0,1.7585846698670455,0.0,P_k10,13
1,0.5433250414593698,0.0,1.0769781532812537,0.0,P_k10,14
2,0.7638107263107263,0.0,1.3229451127989909,0.0,P_k10,14
4,0.897318089896215,0.0,1.4453391493026104,0.0,P_k10,14
8,0.969721620971621,0.0,1.8264131893633018,0.0,P_k10,14
16,0.9951923076923077,0.0,2.2675273154359052,0.0,P_k10,14
32,0.9903549382716049,0.0,2.118151396714118,0.0,P_k10,14
64,1.0,0.0,1.666732545774983,0.0,P_k10,14
1,0.5335287846481876,0.0,1.08477177474653,0.0,P_k10,15
2,0.739363876863877,0.0,1.3556382772005033,0.0,P_k10,15
4,0.9228727002164503,0.0,1.6445764079939513,0.0,P_k10,15
8,0.9885449735449735,0.0,1.7522095243976532,0.0,P_k10,15
16,0.9967948717948718,0.0,1.5770579659937063,0.0,P_k10,15
32,1.0,0.0,1.9724545832233895,0.0,P_k10,15
64,1.0,0.0,1.6123345995168803,0.0,P_k10,15
1,0.4142679459843639,0.0,0.7169858108733358,0.0,P_k10,16
2,0.5747294372294373,0.0,0.9642385105730179,0.0,P_k10,16
4,0.7517361111111112,0.0,1.1774361362980423,0.0,P_k10,16
8,0.8269179894179894,0.0,1.251303498421211,0.0,P_k10,16
16,0.8608516483516482,0.0,1.3643330322332854,0.0,P_k10,16
32,0.8735119047619047,0.0,1.3180272732528546,0.0,P_k10,16
64,0.8473214285714287,0.0,0.7148738103879496,0.0,P_k10,16
1,0.5390547263681592,0.0,0.9813454679955785,0.0,P_k10,17
2,0.7168650793650794,0.0,1.2430354545273277,0.0,P_k10,17
4,0.8258060515873016,0.0,1.4809331347473818,0.0,P_k10,17
8,0.9715079365079365,0.0,1.3908250328018805,0.0,P_k10,17
16,0.9978632478632478,0.0,1.1536239479011234,0.0,P_k10,17
32,0.9907407407407409,0.0,1.3172914597933738,0.0,P_k10,17
64,1.0,0.0,1.9220264804312281,0.0,P_k10,17
1,0.619225302061123,0.0,1.1496149317022033,0.0,P_k10,18
2,0.807034632034632,0.0,1.4076604529261167,0.0,P_k10,18
4,0.9625558035714286,0.0,1.574905316659505,0.0,P_k10,18
8,0.9720634920634922,0.0,1.7009496149356513,0.0,P_k10,18
16,0.9748168498168498,0.0,1.7954766693710609,0.0,P_k10,18
32,0.9930555555555556,0.0,1.7997398892729788,0.0,P_k10,18
64,1.0,0.0,2.5168889550988816,0.0,P_k10,18
1,0.5050106609808103,0.0,0.9855163886822961,0.0,P_k10,19
2,0.6978354978354978,0.0,1.1152777484173364,0.0,P_k10,19
4,0.8731584821428572,0.0,1.623492982446836,0.0,P_k10,19
8,0.9816468253968254,0.0,1.9811054007392053,0.0,P_k10,19
16,0.9850503663003664,0.0,1.9254928009742256,0.0,P_k10,19
32,0.9436177248677249,0.0,1.8532430341532542,0.0,P_k10,19
64,1.0,0.0,1.0930301781545975,0.0,P_k10,19
1,0.42862473347547975,0.0,0.8259268446154143,0.0,P_k10,20
2,0.5918530543530544,0.0,1.1272879343020494,0.0,P_k10,20
4,0.7288814484126984,0.0,1.3860109984649929,0.0,P_k10,20
8,0.8413756613756613,0.0,1.594954617506309,0.0,P_k10,20
16,0.909271978021978,0.0,1.726991418430436,0.0,P_k10,20
32,0.9191137566137565,0.0,1.5840002865277445,0.0,P_k10,20
64,0.8635912698412699,0.0,2.715115653610051,0.0,P_k10,20
1,0.5042643923240939,0.0,1.128724143390609,0.0,P_k10,21
2,0.7000360750360751,0.0,1.3762683991444706,0.0,P_k10,21
4,0.8555555555555555,0.0,1.3029683592073154,0.0,P_k10,21
8,0.9926515151515152,0.0,1.4323349512298231,0.0,P_k10,21
16,0.9951923076923077,0.0,1.622990641901769,0.0,P_k10,21
32,0.9760802469135802,0.0,1.3116180141470457,0.0,P_k10,21
64,1.0,0.0,2.094567050727309,0.0,P_k10,21
1,0.5040511727078892,0.0037313432835820895,1.013908357216813,0.0,P_k10,22
2,0.7080086580086581,0.007575757575757576,1.3321909516126844,0.0,P_k10,22
4,0.8655505952380953,0.015625,1.391419410956365,0.0,P_k10,22
8,0.9757665945165945,0.03333333333333333,1.5769413667455117,0.0,P_k10,22
16,0.982348901098901,0.07692307692307693,1.680699541729288,0.0,P_k10,22
32,1.0,0.1597222222222222,1.232127138505495,0.0,P_k10,22
64,1.0,0.25,1.7990701305628778,0.0,P_k10,22
1,0.5143077900540587,0.0,1.0290121503667986,0.0,P_k10,23
2,0.6806036556036557,0.0,1.3239252531306467,0.0,P_k10,23
4,0.8170896377927628,0.0,1.6461542187985998,0.0,P_k10,23
8,0.9062301587301588,0.0,1.4891531493359333,0.0,P_k10,23
16,0.9698260073260072,0.0,1.726319746213851,0.0,P_k10,23
32,0.9360246235246235,0.0,1.7125912454744308,0.0,P_k10,23
64,1.0,0.0,1.0284300735480214,0.0,P_k10,23
1,0.5888770433546553,0.0,0.8601893708742828,0.0,P_k10,24
2,0.7457611832611833,0.0,1.049343653631972,0.0,P_k10,24
4,0.8962735615079365,0.0,1.4601722020436554,0.0,P_k10,24
8,0.9612632275132275,0.0,1.3956786781052537,0.0,P_k10,24
16,0.9732142857142858,0.0,1.649561066943971,0.0,P_k10,24
32,0.9898148148148148,0.0,1.4679789637783989,0.0,P_k10,24
64,1.0,0.0,0.9584139510789962,0.0,P_k10,24
1,0.5492537313432836,0.0,0.81378016342009,0.0,P_k10,25
2,0.6947029822029822,0.0,1.0136333590773134,0.0,P_k10,25
4,0.8539062500000001,0.0,1.1641073301274285,0.0,P_k10,25
8,0.9338690476190477,0.0,1.4690227145291552,0.0,P_k10,25
16,0.9935897435897437,0.0,1.628726821773033,0.0,P_k10,25
32,1.0,0.0,1.282932784045228,0.0,P_k10,25
64,1.0,0.0,1.7424117794858616,0.0,P_k10,25
1,0.6102453102453103,0.0,1.1554832850050942,0.0,P_k10,26
2,0.7987488521579431,0.0,1.4447279265924833,0.0,P_k10,26
4,0.914812748015873,0.0,1.922170586326483,0.0,P_k10,26
8,0.9637037037037037,0.0,2.1185229320233345,0.0,P_k10,26
16,0.9862713675213676,0.0,1.9911811936479977,0.0,P_k10,26
32,0.9960317460317462,0.0,1.8035664863356702,0.0,P_k10,26
64,1.0,0.0,1.1665041628730102,0.0,P_k10,26
1,0.4532338308457711,0.0,0.9433114563031108,0.0,P_k10,27
2,0.6213383838383838,0.0,1.1272710152177223,0.0,P_k10,27
4,0.7592385912698414,0.0,1.2641580808404504,0.0,P_k10,27
8,0.8849338624338624,0.0,1.5269151053740857,0.0,P_k10,27
16,0.9815850815850816,0.0,1.6620492553723538,0.0,P_k10,27
32,0.9722222222222222,0.0,1.3914850302113613,0.0,P_k10,27
64,1.0,0.0,0.9945269568783742,0.0,P_k10,27
1,0.4947050461975835,0.0,0.8904355058340944,0.0,P_k10,28
2,0.6892676767676768,0.0,1.301999251654071,0.0,P_k10,28
4,0.8848005726911976,0.0,1.9221746915512659,0.0,P_k10,28
8,0.9674603174603174,0.0,1.998302495960162,0.0,P_k10,28
16,0.9285318847818848,0.0,1.3928189368463255,0.0,P_k10,28
32,0.983974358974359,0.0,1.7695630989871716,0.0,P_k10,28
64,1.0,0.0,1.846056805853908,0.0,P_k10,28
1,0.4870291400142146,0.0,0.8454247266457853,0.0,P_k10,29
2,0.6923280423280422,0.0,1.1503585799748672,0.0,P_k10,29
4,0.8548735119047619,0.0,1.4497680537252111,0.0,P_k10,29
8,0.9524603174603176,0.0,1.4263709276659156,0.0,P_k10,29
16,1.0,0.0,1.4580214277307684,0.0,P_k10,29
32,0.9932539682539682,0.0,1.196218212605827,0.0,P_k10,29
64,1.0,0.0,0.8223349498434231,0.0,P_k10,29
1,0.38233830845771144,0.014925373134328358,0.5971114035237663,0.0005906905330684589,C_k2,0
2,0.5785353535353537,0.022727272727272728,0.46186842795162103,0.0011345149299823774,C_k2,0
4,0.771875,0.0390625,0.3870052390686941,0.0022731472610208947,C_k2,0
8,0.8869444444444444,0.075,0.5715324126137382,0.00411853396071252,C_k2,0
16,0.9525641025641025,0.15384615384615385,0.531284374443302,0.0036410045475627037,C_k2,0
32,1.0,0.3194444444444444,0.4763658614596438,0.003669586414612464,C_k2,0
64,0.95,0.5,0.476279159976611,0.0,C_k2,0
1,0.4310945273631841,0.014925373134328358,0.4265289566852174,2.7137626250517933e-05,C_k2,1
2,0.6126262626262626,0.026515151515151516,0.49073022071546507,4.6311172636989635e-05,C_k2,1
4,0.8190104166666667,0.05078125,0.49119421396923013,8.400242950240102e-05,C_k2,1
8,0.9450000000000001,0.0875,0.4286877263412458,9.926766686136255e-05,C_k2,1
16,0.9798076923076924,0.14423076923076922,0.47630785679309295,0.00010338760554141664,C_k2,1
32,0.9944444444444444,0.2534722222222222,0.476316836065796,0.00012299420318503043,C_k2,1
64,1.0,0.25,0.7144351201780471,0.0,C_k2,1
1,0.4676616915422886,0.014925373134328358,0.49789189891753216,0.003521885528464154,C_k2,2
2,0.6797979797979798,0.030303030303030304,0.4629736717920551,0.007150494860821161,C_k2,2
4,0.8645833333333334,0.0625,0.596158586568645,0.014746668972503013,C_k2,2
8,0.9597222222222221,0.12083333333333333,0.5241739050474651,0.01796007349725961,C_k2,2
16,0.980128205128205,0.2283653846153846,0.5327859917501219,0.022873193603191292,C_k2,2
32,0.9680555555555556,0.40625,0.5025336248593897,0.01746807431802769,C_k2,2
64,1.0,0.5,0.4763829284308802,0.00242722528793234,C_k2,2
1,0.44552238805970157,0.022388059701492536,0.5117294302838759,0.0002954968171085679,C_k2,3
2,0.6517676767676767,0.032196969696969696,0.476212949302435,0.0005729940337555092,C_k2,3
4,0.8229166666666667,0.060546875,0.5209124153966994,0.0011721258474702955,C_k2,3
8,0.9577777777777778,0.12291666666666666,0.47634970991239045,0.0024708856868585556,C_k2,3
16,0.9951923076923077,0.20192307692307693,0.5312450378406108,0.0030421642694858112,C_k2,3
32,0.9874999999999999,0.3125,0.5557850638741004,0.004330225008950343,C_k2,3
64,1.0,0.59375,0.2376440903884276,0.01795062551691418,C_k2,3
1,0.4310945273631841,0.007462686567164179,0.2843530826425979,1.3568813125258966e-05,C_k2,4
2,0.6343434343434342,0.011363636363636364,0.4041225241591723,1.876237023116082e-05,C_k2,4
4,0.8151041666666666,0.01953125,0.401870565062831,2.9636380421642828e-05,C_k2,4
8,0.9569444444444443,0.03125,0.3334046581236233,3.906158975250105e-05,C_k2,4
16,1.0,0.040865384615384616,0.4396521082993248,4.1759696263205346e-05,C_k2,4
32,0.9537037037037036,0.059027777777777776,0.29106785755641673,6.031956126907439e-05,C_k2,4
64,1.0,0.25,0.23815851211520295,0.0003292059558642634,C_k2,4
1,0.491542288557214,0.026119402985074626,0.4833990527156599,0.0005729456248195676,C_k2,5
2,0.6651515151515153,0.045454545454545456,0.6206465531250334,0.0010897009568175363,C_k2,5
4,0.865625,0.08203125,0.4763650646891919,0.0021704307552476505,C_k2,5
8,0.9849999999999999,0.15208333333333332,0.5398629275641976,0.0034742506049172893,C_k2,5
16,1.0,0.27163461538461536,0.5313220848408169,0.0025099379175657463,C_k2,5
32,1.0,0.4375,0.5028616399935926,0.003717051494073425,C_k2,5
64,1.0,0.3125,0.4761913468711559,0.00244685213498245,C_k2,5
1,0.49477611940298516,0.016791044776119403,0.540250621806925,7.912563603029257e-05,C_k2,6
2,0.671969696969697,0.026515151515151516,0.4618767400063308,0.0001506730805504648,C_k2,6
4,0.8677083333333333,0.044921875,0.4912184690968234,0.00029594503842451226,C_k2,6
8,0.9813888888888889,0.08333333333333333,0.5874484089241282,0.000621937279964533,C_k2,6
16,0.9961538461538461,0.16826923076923078,0.42140145565179876,0.00134217691197965,C_k2,6
32,1.0,0.2708333333333333,0.6086192812290294,0.0018631181210880293,C_k2,6
64,1.0,0.40625,0.7144245581015847,0.00021746419632303279,C_k2,6
1,0.3972636815920398,0.013059701492537313,0.3697080377249954,0.0005010770146439786,C_k2,7
2,0.5712121212121212,0.026515151515151516,0.38982229477242064,0.0010161486753650407,C_k2,7
4,0.7046874999999999,0.046875,0.3871363613625184,0.0020933532870591326,C_k2,7
8,0.8925,0.09166666666666666,0.3177886369781023,0.003948700785544257,C_k2,7
16,0.9605769230769231,0.19471153846153846,0.3483150778537757,0.004934896640284918,C_k2,7
32,0.9944444444444444,0.3194444444444444,0.39723645787960343,0.005013404357753641,C_k2,7
64,1.0,0.375,0.9524264912703838,0.0024664789820325597,C_k2,7
1,0.4380597014925373,0.016791044776119403,0.526011833490124,0.000505990536373296,C_k2,8
2,0.5891414141414142,0.026515151515151516,0.490836858219675,0.0010249351075397087,C_k2,8
4,0.7854166666666667,0.0546875,0.46175356888402347,0.0021139286593006494,C_k2,8
8,0.923888888888889,0.1125,0.508206918050682,0.003982929837600691,C_k2,8
16,0.9865384615384615,0.21394230769230768,0.604630285152198,0.002883759609571222,C_k2,8
32,0.9944444444444444,0.3576388888888889,0.5557755314839836,0.004526847373256645,C_k2,8
64,1.0,0.625,0.7143211896365381,0.002137273026168296,C_k2,8
1,0.4694029850746269,0.03544776119402985,0.5402575397031492,0.004833614476347153,C_k2,9
2,0.6575757575757577,0.043560606060606064,0.5199040113381705,0.004906851059322109,C_k2,9
4,0.8276041666666666,0.068359375,0.5658907932511923,0.006163368894402493,C_k2,9
8,0.9336111111111111,0.11666666666666667,0.5561974054246291,0.006135281376009508,C_k2,9
16,0.9788461538461539,0.2091346153846154,0.5871177531876695,0.006348561812478333,C_k2,9
32,1.0,0.3229166666666667,0.47772518698051136,0.008695195278875748,C_k2,9
64,1.0,0.71875,0.9536155230099311,0.003878396701364196,C_k2,9
1,0.40348258706467666,0.018656716417910446,0.45496130925593586,5.858760313465623e-06,C_k2,10
2,0.6027777777777777,0.02462121212121212,0.41855598477117256,7.73178823186145e-06,C_k2,10
4,0.7604166666666666,0.044921875,0.4614034736671673,1.288011837663458e-05,C_k2,10
8,0.8825000000000001,0.05416666666666667,0.33340180255513097,1.4393021170080545e-05,C_k2,10
16,0.9923076923076923,0.07451923076923077,0.3297394208732526,2.1891483248199436e-05,C_k2,10
32,0.9930555555555556,0.09027777777777778,0.5027493452809142,2.6169129400146444e-05,C_k2,10
64,1.0,0.09375,0.2381478613292216,2.9440270575164754e-05,C_k2,10
1,0.4129353233830846,0.027985074626865673,0.27207834353935256,0.004769815281536159,C_k2,11
2,0.6095959595959596,0.05303030303030303,0.335632705747435,0.009684170420088565,C_k2,11
4,0.796875,0.09765625,0.36310967328361393,0.016325779651886328,C_k2,11
8,0.9227777777777777,0.17291666666666666,0.292068824006319,0.01810017934733669,C_k2,11
16,0.9788461538461538,0.27403846153846156,0.3735516160130812,0.021440397335095132,C_k2,11
32,0.9796296296296296,0.40625,0.19101015114957326,0.014689910220524096,C_k2,11
64,1.0,0.625,0.47564334640866024,0.015513586805456784,C_k2,11
1,0.42238805970149257,0.018656716417910446,0.3696510229557363,0.0005729456248195677,C_k2,12
2,0.5901515151515152,0.028409090909090908,0.34641225068782466,0.0004493037694836911,C_k2,12
4,0.7479166666666666,0.048828125,0.46143085896118063,0.000608438440476965,C_k2,12
8,0.9025,0.08333333333333333,0.4445597161953397,0.0008112173105548807,C_k2,12
16,0.9682692307692307,0.13701923076923078,0.43963014142879836,0.0007019767283351874,C_k2,12
32,0.9888888888888889,0.2951388888888889,0.39696834807386777,0.0011027024240948906,C_k2,12
64,1.0,0.46875,0.7140056390615197,0.005236985476212388,C_k2,12
1,0.41417910447761197,0.027985074626865673,0.5544125670724659,0.0003787985482624929,C_k2,13
2,0.6010101010101011,0.04924242424242424,0.6061012615138739,0.0007590999023552352,C_k2,13
4,0.8015625,0.0859375,0.49113714989852963,0.0014205496204107637,C_k2,13
8,0.9686111111111111,0.15,0.4764102375557274,0.002430716515605828,C_k2,13
16,0.9826923076923078,0.21634615384615385,0.5130194318590707,0.003013126948644533,C_k2,13
32,1.0,0.3923611111111111,0.5823749316058201,0.004367734126722391,C_k2,13
64,1.0,0.625,0.23886965098184743,0.015513586805456784,C_k2,13
1,0.4293532338308458,0.011194029850746268,0.44071252337985606,0.00010868172931040327,C_k2,14
2,0.6348484848484849,0.017045454545454544,0.44747138799503866,0.00020747719609548343,C_k2,14
4,0.8028645833333333,0.029296875,0.49124114532719465,0.0003475404226089858,C_k2,14
8,0.913888888888889,0.05625,0.44459505264505067,0.0005131946525274713,C_k2,14
16,0.9737179487179488,0.11538461538461539,0.42134631985537807,0.0009153829057544347,C_k2,14
32,1.0,0.2152777777777778,0.44994293480911174,0.0012034823624137228,C_k2,14
64,0.875,0.34375,0.7144186017859436,0.002209761091609307,C_k2,14
1,0.4380597014925373,0.007462686567164179,0.526048366291501,2.3435041253862493e-06,C_k2,15
2,0.611868686868687,0.015151515151515152,0.5773175908878828,4.7580235272993545e-06,C_k2,15
4,0.7747395833333334,0.03125,0.4911724376408125,9.813423525054919e-06,C_k2,15
8,0.8597222222222223,0.05,0.5239162028582106,1.5701477640087866e-05,C_k2,15
16,0.9663461538461539,0.08413461538461539,0.47628929918707646,2.0381725782806373e-05,C_k2,15
32,0.973611111111111,0.13541666666666666,0.5027486962127987,3.3801792141855844e-05,C_k2,15
64,1.0,0.0,0.7144309277417544,0.0,C_k2,15
1,0.3629353233830846,0.009328358208955223,0.31279485475097124,0.0032891677046782255,C_k2,16
2,0.528030303030303,0.017045454545454544,0.26227925643711186,0.00667361394189573,C_k2,16
4,0.7531249999999999,0.033203125,0.33285766464269556,0.010596775999194067,C_k2,16
8,0.9344444444444444,0.0625,0.3527314307316965,0.012373088069940263,C_k2,16
16,0.9846153846153847,0.10817307692307693,0.22347284992040656,0.01082392004730754,C_k2,16
32,1.0,0.1875,0.29176658377568043,0.01951294788080842,C_k2,16
64,1.0,0.28125,0.0010333656104821731,0.01772334789706609,C_k2,16
1,0.46840796019900505,0.011194029850746268,0.42652801950482744,0.00013625368101792944,C_k2,17
2,0.669949494949495,0.022727272727272728,0.40413424501075185,0.00027663626146064456,C_k2,17
4,0.8395833333333333,0.04296875,0.40191267180078477,0.0005037725071948202,C_k2,17
8,0.9416666666666667,0.08333333333333333,0.41285549650928277,0.0007897449451931772,C_k2,17
16,0.9875,0.16105769230769232,0.3847306056912839,0.0005260407800943824,C_k2,17
32,1.0,0.3298611111111111,0.47638208046591973,0.0010134199220308102,C_k2,17
64,1.0,0.5625,0.23819820737958508,0.001068636513084148,C_k2,17
1,0.4378109452736319,0.029850746268656716,0.3696508377321773,0.0012538355523438534,C_k2,18
2,0.6429292929292929,0.045454545454545456,0.40414345652073846,0.0014759170407208492,C_k2,18
4,0.8471354166666667,0.072265625,0.3424504312823245,0.001506766573569749,C_k2,18
8,0.9599999999999999,0.13333333333333333,0.36530282935106834,0.0017338652955879062,C_k2,18
16,1.0,0.2764423076923077,0.3846709317123848,0.0020310868295993064,C_k2,18
32,1.0,0.3611111111111111,0.34416324988684105,0.0019949362826682015,C_k2,18
64,1.0,0.21875,0.23877409275111605,0.000534318256542074,C_k2,18
1,0.44029850746268656,0.016791044776119403,0.44074690756977314,3.146527194848874e-05,C_k2,19
2,0.6441919191919192,0.030303030303030304,0.5340227029682504,6.269453110450077e-05,C_k2,19
4,0.8799479166666666,0.05859375,0.41676086509496924,0.000128080792462401,C_k2,19
8,0.9725,0.10625,0.46042090115958684,0.00018977742661663576,C_k2,19
16,0.9961538461538461,0.14423076923076922,0.4213393863142352,0.00012418186821171924,C_k2,19
32,1.0,0.17708333333333334,0.449834498462606,0.00015521112115881306,C_k2,19
64,1.0,0.375,0.476318858809379,0.0002899522617640437,C_k2,19
1,0.3696517412935324,0.029850746268656716,0.3839522186163166,0.00021853521068349965,C_k2,20
2,0.5305555555555556,0.04924242424242424,0.3609189316352383,0.0002406087204704711,C_k2,20
4,0.725,0.07421875,0.37220607609335654,0.00042040469572246107,C_k2,20
8,0.8869444444444443,0.13125,0.4605195800860677,0.0006466913714452676,C_k2,20
16,0.9875,0.1971153846153846,0.40309087783438324,0.0010405149197850174,C_k2,20
32,0.9944444444444444,0.22916666666666666,0.39703394381886115,0.001287577850980994,C_k2,20
64,1.0,0.375,0.23848348248716855,0.0,C_k2,20
1,0.41766169154228855,0.048507462686567165,0.4997305629409655,0.003949563231829527,C_k2,21
2,0.5722222222222222,0.07196969696969698,0.47432347947686954,0.004286041360439103,C_k2,21
4,0.7255208333333334,0.119140625,0.35949697868765706,0.0046809274147303626,C_k2,21
8,0.9033333333333332,0.19583333333333333,0.3993573756972362,0.005201884007299816,C_k2,21
16,0.9887820512820513,0.3293269230769231,0.49601465580654136,0.0036340562018077156,C_k2,21
32,0.9944444444444444,0.4652777777777778,0.5841083642121446,0.004740935431763846,C_k2,21
64,1.0,0.46875,0.4761319188203192,0.000534318256542074,C_k2,21
1,0.4111940298507462,0.033582089552238806,0.5687170863338255,0.0007454265489409647,C_k2,22
2,0.5598484848484849,0.05303030303030303,0.5485111510879674,0.0008314626779259055,C_k2,22
4,0.7544270833333333,0.08984375,0.5656079441065234,0.0008693857022545016,C_k2,22
8,0.9208333333333332,0.16666666666666666,0.5081028592288015,0.0010275824094534828,C_k2,22
16,0.9865384615384615,0.27884615384615385,0.5679343246496105,0.0010881784539173906,C_k2,22
32,1.0,0.3125,0.5292937181077424,0.0016187662664363246,C_k2,22
64,1.0,0.3125,0.9529043714979271,0.00441271495790627,C_k2,22
1,0.41318407960199,0.013059701492537313,0.4690082020616598,0.006737426994872751,C_k2,23
2,0.6176767676767676,0.022727272727272728,0.6053048960429329,0.007544672258679465,C_k2,23
4,0.8080729166666667,0.04296875,0.47742260179474855,0.015560886533526394,C_k2,23
8,0.9536111111111112,0.0875,0.47919278245161745,0.03164519925764397,C_k2,23
16,1.0,0.1778846153846154,0.4969301402011469,0.042196671161758285,C_k2,23
32,1.0,0.3298611111111111,0.5053825017120137,0.043445406824101286,C_k2,23
64,1.0,0.375,0.47637178204478614,0.015513586805456784,C_k2,23
1,0.38681592039801,0.014925373134328358,0.4833952151948569,4.687008250772498e-06,C_k2,24
2,0.5843434343434344,0.022727272727272728,0.49071998816655243,5.947529409124193e-06,C_k2,24
4,0.7838541666666666,0.03125,0.4762874465441581,8.586745584423054e-06,C_k2,24
8,0.9299999999999999,0.05,0.6032973326308512,1.4393021170080546e-05,C_k2,24
16,0.9923076923076923,0.07932692307692307,0.6594761997303122,2.189148324819944e-05,C_k2,24
32,1.0,0.1111111111111111,0.4762892980130886,2.3988368616800906e-05,C_k2,24
64,1.0,0.25,0.4762910433321226,0.0,C_k2,24
1,0.44825870646766175,0.026119402985074626,0.47019271185468686,0.00448055528879394,C_k2,25
2,0.6464646464646465,0.043560606060606064,0.5642605947003526,0.00682575247266399,C_k2,25
4,0.8541666666666666,0.080078125,0.5077430279145857,0.011736009076391907,C_k2,25
8,0.9600000000000001,0.15,0.6348187331271291,0.018641675588295534,C_k2,25
16,1.0,0.2668269230769231,0.4955344039538358,0.019193471811297658,C_k2,25
32,0.9504629629629631,0.4375,0.47668741669282394,0.02935599801199197,C_k2,25
64,1.0,0.53125,0.495965553866745,0.08947988487460255,C_k2,25
1,0.4134328358208955,0.026119402985074626,0.42659362947610285,0.0015304436330866604,C_k2,26
2,0.5606060606060606,0.045454545454545456,0.4474731619833227,0.002619582790540041,C_k2,26
4,0.7856770833333333,0.078125,0.37259522477365214,0.004916863239877679,C_k2,26
8,0.9516666666666665,0.125,0.47704104741945436,0.007059858935889706,C_k2,26
16,0.9884615384615386,0.18269230769230768,0.3487532816747037,0.0058059628268780855,C_k2,26
32,0.9527777777777777,0.3333333333333333,0.4771736516425875,0.009604468854599547,C_k2,26
64,1.0,0.3125,0.7144221794125929,0.00030957910881415353,C_k2,26
1,0.3440298507462687,0.018656716417910446,0.5118315706547235,8.345328172826337e-05,C_k2,27
2,0.48282828282828283,0.03409090909090909,0.4329935901534925,0.00010466960150379847,C_k2,27
4,0.65078125,0.06640625,0.4018899827879365,0.00014663791515256137,C_k2,27
8,0.8355555555555555,0.12708333333333333,0.38105416050613844,0.00017614521513096364,C_k2,27
16,0.9378205128205128,0.21875,0.49462658555588096,0.00020419462481612897,C_k2,27
32,0.9944444444444444,0.3020833333333333,0.3439875815828831,0.000281863226701002,C_k2,27
64,1.0,0.25,0.23817027936570817,0.0,C_k2,27
1,0.4124378109452736,0.020522388059701493,0.4119017233168676,0.004043277468960955,C_k2,28
2,0.5934343434343435,0.041666666666666664,0.4046494078943741,0.008209078497587393,C_k2,28
4,0.7625,0.083984375,0.31334974819254413,0.010571785006488497,C_k2,28
8,0.9447222222222221,0.15833333333333333,0.30376131081692404,0.013228974002635572,C_k2,28
16,0.9913461538461538,0.2283653846153846,0.4055566491144286,0.01914259747363601,C_k2,28
32,0.9722222222222222,0.3333333333333333,0.2943898465192891,0.021692077833364576,C_k2,28
64,1.0,0.59375,0.7144256509565088,0.001602954769626222,C_k2,28
1,0.44875621890547257,0.022388059701492536,0.4549684596773908,9.093682106151184e-05,C_k2,29
2,0.6426767676767676,0.03977272727272727,0.3175387031353859,0.0001752481182517315,C_k2,29
4,0.8302083333333332,0.068359375,0.372099119525437,0.0003505482188031221,C_k2,29
8,0.9480555555555555,0.11875,0.3969283885271734,0.0007072132138397771,C_k2,29
16,0.9701923076923078,0.18990384615384615,0.49463448076697125,0.0007317430689275008,C_k2,29
32,0.9874999999999999,0.22916666666666666,0.5821079261376586,0.0005829256859605445,C_k2,29
64,1.0,0.15625,0.7144308329943887,2.9440270575164754e-05,C_k2,29
1,0.12935323383084577,0.016791044776119403,0.0012127870582696433,0.003988133565545902,C_k10,0
2,0.21212121212121213,0.03409090909090909,0.0022860987087665345,0.008097119663381076,C_k10,0
4,0.375,0.06640625,0.00443494041208246,0.015245910542711896,C_k10,0
8,0.6166666666666667,0.11666666666666667,0.008381689660279338,0.030963585401847567,C_k10,0
16,0.794871794871795,0.1971153846153846,0.010573161654671938,0.03847618685258536,C_k10,0
32,1.0,0.2361111111111111,0.008991691665308678,0.0342025499246435,C_k10,0
64,1.0,0.3125,0.0009484166866030042,0.009894066428896687,C_k10,0
1,0.09203980099502489,0.007462686567164179,0.05688283419329242,7.245448620693552e-05,C_k10,1
2,0.1691919191919192,0.015151515151515152,0.05775948378236816,0.00014710456290499029,C_k10,1
4,0.3203125,0.02734375,0.05958174250344483,0.00022755237074365686,C_k10,1
8,0.5625,0.05416666666666667,0.06356195911442111,0.00026205267957750357,C_k10,1
16,0.8012820512820513,0.11057692307692307,0.055035301575964486,0.00030236847643558105,C_k10,1
32,0.9629629629629631,0.2465277777777778,0.053008173613523196,0.00025864838044848125,C_k10,1
64,1.0,0.4375,1.6858256275398276e-06,0.00014497613088202186,C_k10,1
1,0.10447761194029852,0.020522388059701493,0.014219739094565356,3.520704161511297e-05,C_k10,2
2,0.19696969696969696,0.03409090909090909,0.014436556952669998,5.390809892983279e-05,C_k10,2
4,0.36458333333333337,0.0625,0.01488993358073746,9.306343768252739e-05,C_k10,2
8,0.6055555555555556,0.1125,0.015884788671841066,0.0001018845798013772,C_k10,2
16,0.7820512820512822,0.17548076923076922,0.018335020625614366,0.00016925293331075894,C_k10,2
32,0.8888888888888888,0.1875,0.026477821809703775,0.00020420531175942353,C_k10,2
64,1.0,0.125,0.23814548849616912,3.9253694100219675e-05,C_k10,2
1,0.1318407960199005,0.020522388059701493,0.02872154621319053,0.0006399007132658392,C_k10,3
2,0.21464646464646464,0.030303030303030304,0.029146133974344856,0.0006259996861541062,C_k10,3
4,0.3776041666666667,0.05078125,0.030109366251575394,0.0007972637568421933,C_k10,3
8,0.6124999999999999,0.08125,0.032199176664648874,0.0009977320800722935,C_k10,3
16,0.8862179487179487,0.08413461538461539,0.037126942167833674,0.0011761263451242913,C_k10,3
32,1.0,0.10416666666666667,0.027215253852340762,0.001726000942377091,C_k10,3
64,1.0,0.125,0.0009728229472497074,0.002137273026168296,C_k10,3
1,0.11442786069651742,0.013059701492537313,0.00011918546370413903,0.0032891677046782255,C_k10,4
2,0.20202020202020202,0.022727272727272728,0.00023978093129861655,0.006678007157983064,C_k10,4
4,0.34375000000000006,0.0390625,0.00041759606681671113,0.010610367511464255,C_k10,4
8,0.5333333333333333,0.06666666666666667,0.0005558688890368035,0.012513779485121149,C_k10,4
16,0.7243589743589743,0.1346153846153846,0.0006548659327091366,0.017199101266430424,C_k10,4
32,0.8703703703703705,0.3055555555555556,0.0006570289404806048,0.02036887198176539,C_k10,4
64,1.0,0.4375,0.0004146382987390007,0.017940812093389123,C_k10,4
1,0.09452736318407962,0.026119402985074626,0.02843973553159738,0.00015356426380981264,C_k10,5
2,0.1464646464646465,0.030303030303030304,0.028872287898257985,0.00016467742725432627,C_k10,5
4,0.27083333333333337,0.046875,0.029783642992702555,0.0002060676295765294,C_k10,5
8,0.4916666666666668,0.08125,0.01591266837035221,0.0002615048575825714,C_k10,5
16,0.7756410256410258,0.1466346153846154,0.018370722218178256,0.0003219710251575091,C_k10,5
32,0.9907407407407409,0.2916666666666667,0.026515830432240407,0.0001992796852771397,C_k10,5
64,1.0,0.5,0.00011531006707077296,0.0,C_k10,5
1,0.14925373134328357,0.016791044776119403,0.028465861182793373,0.0008033199444801099,C_k10,6
2,0.24242424242424243,0.02462121212121212,0.028924187232781593,0.0009170334487944894,C_k10,6
4,0.40625000000000006,0.0390625,0.029864229973939907,0.001150590594362658,C_k10,6
8,0.6416666666666667,0.075,0.03193319046469753,0.0016740813900047644,C_k10,6
16,0.8990384615384616,0.16105769230769232,0.01858551071275745,0.0023461530524983244,C_k10,6
32,0.9444444444444444,0.21875,0.026815738770226458,0.0020644352593919904,C_k10,6
64,1.0,0.3125,0.0006661378498724613,0.006233133923855525,C_k10,6
1,0.208955223880597,0.016791044776119403,0.028627448267413917,0.0006588173735774237,C_k10,7
2,0.33333333333333337,0.030303030303030304,0.029224104701347682,0.0012728330607126997,C_k10,7
4,0.52734375,0.05859375,0.030425316473530854,0.0024916386235844246,C_k10,7
8,0.7999999999999999,0.12083333333333333,0.016782280470648593,0.00531549573031344,C_k10,7
16,0.9246794871794873,0.25,0.019388290326155792,0.006774548760073696,C_k10,7
32,1.0,0.2951388888888889,0.02770020056724104,0.0063093310916268654,C_k10,7
64,1.0,0.375,3.761010672509446e-05,0.0002899522617640437,C_k10,7
1,0.04975124378109453,0.011194029850746268,3.302304674740878e-06,2.596587418782481e-05,C_k10,8
2,0.10101010101010101,0.017045454545454544,4.847382780369434e-06,3.953894478600596e-05,C_k10,8
4,0.20833333333333334,0.029296875,8.081622461936222e-06,6.795756135094774e-05,C_k10,8
8,0.38888888888888895,0.05625,1.311809251620666e-05,0.00011114836700955008,C_k10,8
16,0.6217948717948718,0.12259615384615384,2.317716317978835e-05,0.000206312186255185,C_k10,8
32,0.9444444444444442,0.25,1.1152169437885403e-05,9.665075392134791e-05,C_k10,8
64,1.0,0.40625,2.8338585098208746e-05,0.00021746419632303279,C_k10,8
1,0.1442786069651741,0.018656716417910446,0.0006480309358902792,0.015578101300436853,C_k10,9
2,0.2373737373737374,0.030303030303030304,0.0008156950197046202,0.019618852192300907,C_k10,9
4,0.37500000000000006,0.044921875,0.0010132338941542009,0.025946073876465074,C_k10,9
8,0.5722222222222222,0.07291666666666667,0.0014880842919175908,0.035974951619443495,C_k10,9
16,0.8333333333333334,0.13701923076923078,0.0015450863910413436,0.040309748971637464,C_k10,9
32,1.0,0.1597222222222222,0.001039594076354369,0.05262306439039473,C_k10,9
64,1.0,0.34375,0.0018276810302983448,0.03412960793081904,C_k10,9
1,0.06965174129353234,0.016791044776119403,0.028479160618418584,0.00019689698219364568,C_k10,10
2,0.12752525252525254,0.03409090909090909,0.028955707182031058,0.0003997605396052806,C_k10,10
4,0.21354166666666669,0.068359375,0.02992219507462261,0.0006903132098300568,C_k10,10
8,0.34444444444444444,0.12916666666666668,0.03197484226173506,0.0010037043045192907,C_k10,10
16,0.5,0.19951923076923078,0.01864376764231673,0.0014569821918819922,C_k10,10
32,0.7337962962962963,0.2534722222222222,0.026645053745465767,0.0007984185389489191,C_k10,10
64,1.0,0.34375,6.19366507748631e-05,0.00029976568528909865,C_k10,10
1,0.09950248756218907,0.011194029850746268,2.351612920442034e-05,8.110977760287712e-05,C_k10,11
2,0.1767676767676768,0.022727272727272728,3.375845749226955e-05,0.00016467742725432627,C_k10,11
4,0.296875,0.04296875,6.141322703675373e-05,0.00033058618553192154,C_k10,11
8,0.5055555555555556,0.075,0.00011176678195549498,0.0006665902275662269,C_k10,11
16,0.8012820512820513,0.16105769230769232,0.00018735826806638177,0.0014769490851642836,C_k10,11
32,0.9537037037037037,0.3090277777777778,0.00020330707275605868,0.0015044779423884344,C_k10,11
64,1.0,0.25,1.4510148407254064e-06,0.0,C_k10,11
1,0.10945273631840798,0.018656716417910446,0.028461382608531427,0.0001259923121022865,C_k10,12
2,0.2171717171717172,0.02462121212121212,0.01446113021377786,0.0001410809347900807,C_k10,12
4,0.37109375000000006,0.033203125,0.014914749770610195,0.0001545507221823971,C_k10,12
8,0.6166666666666667,0.058333333333333334,0.015914565735438185,0.00021801201831796491,C_k10,12
16,0.8076923076923076,0.10336538461538461,0.018356332506210323,0.0002996670050218134,C_k10,12
32,0.9537037037037037,0.18055555555555555,0.026504176292504376,0.0003120388981853789,C_k10,12
64,1.0,0.40625,0.23822017998839168,0.0008242705183061179,C_k10,12
1,0.09452736318407962,0.027985074626865673,0.0004562123629661097,0.0010592820742755943,C_k10,13
2,0.1464646464646465,0.04734848484848485,0.0009229179032534548,0.0021500688524065054,C_k10,13
4,0.25520833333333337,0.083984375,0.0014374278023566514,0.0033307249296415345,C_k10,13
8,0.3944444444444446,0.14166666666666666,0.0020643792590688196,0.004715823093680789,C_k10,13
16,0.5769230769230771,0.25721153846153844,0.0031687770955877584,0.007219652496726471,C_k10,13
32,0.8611111111111112,0.3368055555555556,0.0024506933360844974,0.005790421468324734,C_k10,13
64,1.0,0.21875,0.00010699421992221847,0.00031939253233920846,C_k10,13
1,0.13930348258706468,0.013059701492537313,2.889028169893896e-05,0.00011300937500837409,C_k10,14
2,0.25757575757575757,0.020833333333333332,4.779375046588272e-05,0.00021626362827015147,C_k10,14
4,0.47395833333333337,0.037109375,7.95715040210615e-05,0.0004324522210369978,C_k10,14
8,0.7277777777777776,0.05625,0.00013117136393812808,0.0008078294647420458,C_k10,14
16,0.8653846153846152,0.08413461538461539,0.00021830092881877435,0.0012609221556513293,C_k10,14
32,0.9814814814814815,0.09722222222222222,0.00023365460765387456,0.001405751136408084,C_k10,14
64,1.0,0.21875,2.40667672687378e-05,0.002354737222491329,C_k10,14
1,0.11442786069651743,0.024253731343283583,1.5321468638749014e-05,0.0007588438114918854,C_k10,15
2,0.18686868686868688,0.03409090909090909,2.637350628882104e-05,0.001337598909990527,C_k10,15
4,0.31770833333333337,0.041015625,4.255147995785302e-05,0.0014416581539054268,C_k10,15
8,0.5000000000000001,0.05416666666666667,7.273700357803466e-05,0.0015733899146019269,C_k10,15
16,0.75,0.0673076923076923,9.987416114817579e-05,0.0019798555188613237,C_k10,15
32,1.0,0.09027777777777778,0.0001309432992753459,0.0018791879810427401,C_k10,15
64,1.0,0.28125,1.260055400653659e-05,0.001141124578525159,C_k10,15
1,0.06965174129353234,0.018656716417910446,0.02843628396000532,7.971151206163914e-05,C_k10,16
2,0.10732323232323233,0.03409090909090909,0.028868968822286588,0.0001594595127251328,C_k10,16
4,0.19401041666666669,0.0546875,0.02977490275268799,0.00032643188911432277,C_k10,16
8,0.3513888888888889,0.1125,0.031766959545105715,0.0006841060417784057,C_k10,16
16,0.5849358974358976,0.16826923076923078,0.03665209609657176,0.0007510759686241586,C_k10,16
32,0.7986111111111113,0.2465277777777778,0.02647367553415752,0.0006663175553182828,C_k10,16
64,1.0,0.25,1.3886520279504655e-05,0.0003292059558642634,C_k10,16
1,0.11940298507462686,0.016791044776119403,1.2075619282139945e-05,0.0003488830924295805,C_k10,17
2,0.21717171717171718,0.028409090909090908,1.7549783445033295e-05,0.0004644976220693774,C_k10,17
4,0.36458333333333337,0.044921875,2.51946571984199e-05,0.0006307147532548167,C_k10,17
8,0.5555555555555555,0.07708333333333334,3.081895525919679e-05,0.0006305151954425991,C_k10,17
16,0.7371794871794871,0.11057692307692307,3.344009365599318e-05,0.0006954987698095335,C_k10,17
32,1.0,0.1701388888888889,4.518709473064517e-05,0.0010126635636627719,C_k10,17
64,1.0,0.40625,0.00014830383901365263,0.005092009345330366,C_k10,17
1,0.15422885572139305,0.027985074626865673,0.05687084063938198,0.00021537931704822199,C_k10,18
2,0.26262626262626265,0.04924242424242424,0.0577339465211103,0.0001682459448998008,C_k10,18
4,0.45052083333333337,0.0859375,0.04465729473663032,0.00033034905423407,C_k10,18
8,0.6930555555555556,0.14166666666666666,0.03176082506843231,0.0006663372875151851,C_k10,18
16,0.858974358974359,0.21634615384615385,0.036647303849778316,0.0010377631625957126,C_k10,18
32,0.8703703703703705,0.24305555555555555,0.052928979354383066,0.0008456535355179204,C_k10,18
64,1.0,0.1875,0.23815803959559145,0.00022727761984808772,C_k10,18
1,0.16666666666666666,0.020522388059701493,0.05686179118347549,6.769251505195649e-05,C_k10,19
2,0.24621212121212122,0.030303030303030304,0.05772940407120425,0.00010988751603299196,C_k10,19
4,0.40494791666666674,0.05078125,0.04467086882826169,0.0002163553156972877,C_k10,19
8,0.6583333333333333,0.07291666666666667,0.04765359216147388,0.0002742718426750467,C_k10,19
16,0.9246794871794872,0.1201923076923077,0.05498441894696792,0.00036032067231759485,C_k10,19
32,1.0,0.12152777777777778,0.05295375552886814,0.0003996497509459522,C_k10,19
64,1.0,0.125,0.2382842507318178,0.002137273026168296,C_k10,19
1,0.0708955223880597,0.027985074626865673,0.014269818294460697,0.01327864525169877,C_k10,20
2,0.13257575757575757,0.04924242424242424,0.014539097702461918,0.015419178793691967,C_k10,20
4,0.23567708333333334,0.0859375,0.015007237562741166,0.019633761768969193,C_k10,20
8,0.3777777777777779,0.15625,0.016097063860257464,0.022701711216692268,C_k10,20
16,0.5961538461538463,0.2956730769230769,0.01860861215716567,0.044186245721076586,C_k10,20
32,0.8611111111111112,0.3923611111111111,0.02671605907742143,0.06717966732365992,C_k10,20
64,1.0,0.375,0.23940200565906555,0.11886757189165106,C_k10,20
1,0.14925373134328357,0.016791044776119403,0.0006998996101314683,0.0032989947481368606,C_k10,21
2,0.23232323232323232,0.030303030303030304,0.0013932566311432094,0.005163777734791107,C_k10,21
4,0.4166666666666667,0.05859375,0.0028686684774107477,0.009068167113098435,C_k10,21
8,0.6722222222222222,0.12083333333333333,0.0016419344926946744,0.017638493594590292,C_k10,21
16,0.8974358974358976,0.2403846153846154,0.0019356465209415124,0.02086892924894708,C_k10,21
32,1.0,0.3055555555555556,0.002721284051291153,0.0302687244829229,C_k10,21
64,1.0,0.5625,0.0002460873496380467,0.09388278640898377,C_k10,21
1,0.14427860696517414,0.018656716417910446,0.05752370662657158,0.0042748235406841915,C_k10,22
2,0.2550505050505051,0.03409090909090909,0.05883255877495594,0.008614421339384015,C_k10,22
4,0.43880208333333337,0.06640625,0.061467585144251435,0.01770045423041177,C_k10,22
8,0.6569444444444443,0.125,0.06617974099480962,0.03406988966939958,C_k10,22
16,0.9310897435897435,0.21634615384615385,0.0571907686015584,0.044737154064182286,C_k10,22
32,1.0,0.2638888888888889,0.054998000653924496,0.04171782010280356,C_k10,22
64,1.0,0.25,0.0008826866317593884,0.01765085983162508,C_k10,22
1,0.13930348258706468,0.016791044776119403,0.028440469507830746,7.795388396759945e-05,C_k10,23
2,0.2234848484848485,0.030303030303030304,0.028876171219494564,0.00015827000684330797,C_k10,23
4,0.3671875,0.0546875,0.029788031863980644,0.0003161442029935644,C_k10,23
8,0.6125,0.10208333333333333,0.015908254643184294,0.0005177114249378907,C_k10,23
16,0.828525641025641,0.18509615384615385,0.018355284818589994,0.0006404576192727952,C_k10,23
32,0.9166666666666666,0.3020833333333333,0.026508220171851195,0.0007389451350532338,C_k10,23
64,1.0,0.3125,2.3993988202963834e-06,0.00014497613088202186,C_k10,23
1,0.08955223880597016,0.018656716417910446,0.028451091682632913,0.00020005287582892332,C_k10,24
2,0.16792929292929293,0.03787878787878788,0.028893902733952165,0.0004061679600162989,C_k10,24
4,0.28776041666666674,0.078125,0.02981137819303887,0.000704141853398098,C_k10,24
8,0.5125000000000001,0.15416666666666667,0.03182093999165639,0.0009938071724178718,C_k10,24
16,0.7964743589743589,0.25240384615384615,0.01839035208730222,0.0014344104140048151,C_k10,24
32,0.9814814814814814,0.2951388888888889,0.02652084699901339,0.0013624909002236342,C_k10,24
64,1.0,0.75,1.774032692236638e-05,0.0,C_k10,24
1,0.09452736318407962,0.018656716417910446,0.02844150296852906,3.462116558376641e-05,C_k10,25
2,0.14141414141414144,0.03409090909090909,0.02887692868108841,5.2718593048007945e-05,C_k10,25
4,0.22395833333333334,0.06640625,0.029785098352132854,7.248806544101093e-05,C_k10,25
8,0.3680555555555556,0.12916666666666668,0.03178276225462991,0.00014497613088202186,C_k10,25
16,0.7003205128205129,0.18028846153846154,0.036673777928276856,0.00021746419632303279,C_k10,25
32,0.9027777777777778,0.23958333333333334,0.05295410313304544,0.00015303036037546755,C_k10,25
64,1.0,0.5,4.509624771609211e-05,0.0,C_k10,25
1,0.09950248756218906,0.009328358208955223,1.7078263375962388e-07,2.9293801567328113e-06,C_k10,26
2,0.15151515151515152,0.015151515151515152,2.306615042470556e-07,4.7580235272993545e-06,C_k10,26
4,0.2604166666666667,0.017578125,3.1697868359270576e-07,5.520050732843392e-06,C_k10,26
8,0.438888888888889,0.022916666666666665,4.191800062132896e-07,7.196510585040273e-06,C_k10,26
16,0.6666666666666665,0.04567307692307692,4.926270082844092e-07,1.4342695921234111e-05,C_k10,26
32,0.9444444444444444,0.09375,7.065459670354793e-07,2.944027057516476e-05,C_k10,26
64,0.6666666666666667,0.09375,1.2411773464560127e-07,2.9440270575164754e-05,C_k10,26
1,0.1691542288557214,0.022388059701492536,2.8307170405694748e-05,0.00021362168895418233,C_k10,27
2,0.23232323232323235,0.03598484848484849,4.485074823272021e-05,0.00022623956632664429,C_k10,27
4,0.39583333333333337,0.068359375,7.101227511882927e-05,0.00046208860145864063,C_k10,27
8,0.6722222222222222,0.13333333333333333,9.131296366643449e-05,0.0005418741134182275,C_k10,27
16,0.8461538461538461,0.20432692307692307,0.00011638762765999647,0.0005486125579715598,C_k10,27
32,1.0,0.22916666666666666,9.514146372045939e-05,0.0004663690564012066,C_k10,27
64,1.0,0.21875,0.00010327087404687907,0.00025671789042325244,C_k10,27
1,0.06965174129353234,0.018656716417910446,1.9675947094169353e-05,0.0005804291641528159,C_k10,28
2,0.12121212121212122,0.03409090909090909,3.699448933387876e-05,0.0011608742265063815,C_k10,28
4,0.203125,0.0625,6.981052187936265e-05,0.0022426015116736404,C_k10,28
8,0.388888888888889,0.11458333333333333,0.00013458740054782535,0.004617569001345542,C_k10,28
16,0.7179487179487178,0.19230769230769232,0.0001461686099510917,0.006094622270347756,C_k10,28
32,0.9722222222222222,0.21180555555555555,0.0001786618461727797,0.006111564123085802,C_k10,28
64,1.0,0.25,0.00018373469073973414,0.00242722528793234,C_k10,28
1,0.17412935323383083,0.018656716417910446,0.00027619760749318716,0.0036169984446492985,C_k10,29
2,0.25252525252525254,0.03409090909090909,0.0005155806297377606,0.007214071204217163,C_k10,29
4,0.41666666666666674,0.064453125,0.0010230564468959279,0.014878408519727585,C_k10,29
8,0.65,0.12708333333333333,0.0013125934327720469,0.018243080549377035,C_k10,29
16,0.8782051282051283,0.25961538461538464,0.0020955078929444457,0.02611135311412227,C_k10,29
32,1.0,0.3055555555555556,0.001617770253849651,0.01984334911544934,C_k10,29
64,0.9166666666666667,0.21875,3.954794194732658e-05,0.00031939253233920846,C_k10,29
1,0.2664179104477612,0.022388059701492536,0.17230559468675385,0.01541468206922258,C_k10_Rmatch,0
2,0.4297979797979798,0.043560606060606064,0.17583617814363744,0.03126409279166148,C_k10_Rmatch,0
4,0.6515625,0.087890625,0.18290724968015248,0.04064897911815027,C_k10_Rmatch,0
8,0.8563888888888888,0.16875,0.17948818492875446,0.05956143173266984,C_k10_Rmatch,0
16,0.9759615384615382,0.29086538461538464,0.24920582892118445,0.10122609108167513,C_k10_Rmatch,0
32,1.0,0.3020833333333333,0.22414974038784813,0.09197807815566034,C_k10_Rmatch,0
64,1.0,0.15625,8.03625948591069e-05,0.0008242705183061177,C_k10_Rmatch,0
1,0.3380597014925373,0.020522388059701493,0.39722252838408784,0.004986934838338998,C_k10_Rmatch,1
2,0.5184343434343435,0.030303030303030304,0.3902727382638239,0.006928284122919705,C_k10_Rmatch,1
4,0.73828125,0.046875,0.40267749457768864,0.01085940462337504,C_k10_Rmatch,1
8,0.905,0.09166666666666666,0.4140888549977716,0.016347706624992745,C_k10_Rmatch,1
16,0.919551282051282,0.19230769230769232,0.421098863549223,0.035162480529741906,C_k10_Rmatch,1
32,1.0,0.3402777777777778,0.34621474409562136,0.054419674328156344,C_k10_Rmatch,1
64,0.95,0.375,0.25436570234975453,0.11886757189165106,C_k10_Rmatch,1
1,0.31965174129353235,0.013059701492537313,0.28446866939933807,0.003297822996074167,C_k10_Rmatch,2
2,0.4671717171717172,0.026515151515151516,0.3034758452258655,0.006686793590157732,C_k10_Rmatch,2
4,0.6638020833333333,0.046875,0.2238927479327727,0.00745640626776857,C_k10_Rmatch,2
8,0.8633333333333331,0.0875,0.2867665695326392,0.00577566375651155,C_k10_Rmatch,2
16,0.9846153846153847,0.17067307692307693,0.2204610413485353,0.00940762433370219,C_k10_Rmatch,2
32,1.0,0.2881944444444444,0.29201648333184366,0.020770274689342488,C_k10_Rmatch,2
64,1.0,0.375,0.2383258572925977,0.017940812093389123,C_k10_Rmatch,2
1,0.33905472636815925,0.03171641791044776,0.2561767276007565,0.005437467421029686,C_k10_Rmatch,3
2,0.5085858585858586,0.05303030303030303,0.21669927033092218,0.006967550257935791,C_k10_Rmatch,3
4,0.73515625,0.09375,0.2236991068182785,0.008231962847025851,C_k10_Rmatch,3
8,0.9041666666666667,0.17083333333333334,0.1909646725065411,0.010496550982842091,C_k10_Rmatch,3
16,0.9923076923076923,0.2644230769230769,0.2755360106140352,0.012106547874970989,C_k10_Rmatch,3
32,0.9777777777777779,0.2777777777777778,0.2649885700764964,0.010425699511390722,C_k10_Rmatch,3
64,1.0,0.375,0.238558303326745,0.0024664789820325597,C_k10_Rmatch,3
1,0.3970149253731344,0.020522388059701493,0.25596653931004637,0.00038511033553304826,C_k10_Rmatch,4
2,0.5626262626262626,0.03409090909090909,0.24541653943897784,0.0006907655354319334,C_k10_Rmatch,4
4,0.7869791666666666,0.05859375,0.23824323682051565,0.0008549925307298262,C_k10_Rmatch,4
8,0.9258333333333333,0.10208333333333333,0.22239813143401574,0.0011287584198610451,C_k10_Rmatch,4
16,0.9961538461538461,0.19471153846153846,0.2566758887463277,0.0015692566384982439,C_k10_Rmatch,4
32,1.0,0.3159722222222222,0.2912942571382657,0.00294990054618589,C_k10_Rmatch,4
64,1.0,0.5625,0.476050675897483,0.007756793402728392,C_k10_Rmatch,4
1,0.3116915422885572,0.013059701492537313,0.25593567791833893,0.00013192603531995864,C_k10_Rmatch,5
2,0.4621212121212121,0.017045454545454544,0.23096021793826582,0.00019869076392081545,C_k10_Rmatch,5
4,0.6382812499999999,0.025390625,0.23818707534928396,0.00033847941442885943,C_k10_Rmatch,5
8,0.799722222222222,0.04375,0.2223439868817625,0.0006460144455465562,C_k10_Rmatch,5
16,0.9358974358974357,0.08653846153846154,0.18326786841879836,0.0013619223485638041,C_k10_Rmatch,5
32,1.0,0.06944444444444445,0.2646334326921132,0.0008985846570635689,C_k10_Rmatch,5
64,1.0,0.09375,2.0605476792723287e-05,7.248806544101093e-05,C_k10_Rmatch,5
1,0.3266169154228856,0.022388059701492536,0.12832263936699181,0.0005729456248195677,C_k10_Rmatch,6
2,0.4853535353535353,0.045454545454545456,0.1591798512128809,0.0011632532382700313,C_k10_Rmatch,6
4,0.6739583333333332,0.09375,0.19417172377401776,0.0023992098039319395,C_k10_Rmatch,6
8,0.8383333333333332,0.16666666666666666,0.20717970969282898,0.004124075067802401,C_k10_Rmatch,6
16,0.9490384615384614,0.2644230769230769,0.16621014469809958,0.007456680838762521,C_k10_Rmatch,6
32,1.0,0.4409722222222222,0.18653900067280205,0.010081319378573083,C_k10_Rmatch,6
64,1.0,0.5,0.23814010426265064,0.00242722528793234,C_k10_Rmatch,6
1,0.291044776119403,0.013059701492537313,0.1990477795118745,1.5326441219298658e-05,C_k10_Rmatch,7
2,0.4325757575757576,0.026515151515151516,0.2020665457992515,3.1117320051303324e-05,C_k10_Rmatch,7
4,0.6466145833333333,0.05078125,0.2381509586757005,4.0913613185181267e-05,C_k10_Rmatch,7
8,0.8422222222222222,0.0625,0.20639749618255993,4.364118739752668e-05,C_k10_Rmatch,7
16,0.9227564102564103,0.09134615384615384,0.23815333261459337,5.337473115870153e-05,C_k10_Rmatch,7
32,1.0,0.1736111111111111,0.2646128814086606,5.14221982721562e-05,C_k10_Rmatch,7
64,1.0,0.3125,3.8353502315402466e-05,0.00022727761984808772,C_k10_Rmatch,7
1,0.2808457711442786,0.020522388059701493,0.3128654103741006,0.000341399553096332,C_k10_Rmatch,8
2,0.37424242424242427,0.032196969696969696,0.25972403851028963,0.0004493037694836911,C_k10_Rmatch,8
4,0.5231770833333333,0.056640625,0.2829109226502495,0.000666167214364598,C_k10_Rmatch,8
8,0.7102777777777778,0.10208333333333333,0.30174137293428893,0.0005214150360363738,C_k10_Rmatch,8
16,0.941025641025641,0.18269230769230768,0.31156053252136573,0.000817440300151345,C_k10_Rmatch,8
32,1.0,0.2708333333333333,0.3174225430278774,0.001257349440338111,C_k10_Rmatch,8
64,1.0,0.28125,0.7133689554795729,0.006305621989296536,C_k10_Rmatch,8
1,0.19676616915422887,0.009328358208955223,0.12796017078911337,1.789645882322977e-05,C_k10_Rmatch,9
2,0.33106060606060606,0.015151515151515152,0.1299011551739111,2.754880240582881e-05,C_k10_Rmatch,9
4,0.50390625,0.01953125,0.14884439619986217,2.9636380421642828e-05,C_k10_Rmatch,9
8,0.7013888888888888,0.029166666666666667,0.15877058072443692,3.422905205643366e-05,C_k10_Rmatch,9
16,0.8926282051282051,0.052884615384615384,0.14655719697055639,4.553408992668802e-05,C_k10_Rmatch,9
32,0.9819444444444445,0.07291666666666667,0.15877063422273094,4.3789535530446815e-05,C_k10_Rmatch,9
64,1.0,0.125,0.47628705254675263,3.9253694100219675e-05,C_k10_Rmatch,9
1,0.22686567164179106,0.016791044776119403,0.13702516370303228,0.02772933763735106,C_k10_Rmatch,10
2,0.3732323232323233,0.032196969696969696,0.15340854423064368,0.0547653716870457,C_k10_Rmatch,10
4,0.5697916666666667,0.060546875,0.1761515621998736,0.0875722506049762,C_k10_Rmatch,10
8,0.7458333333333332,0.1125,0.19254468236950642,0.125926186354229,C_k10_Rmatch,10
16,0.8634615384615386,0.22115384615384615,0.20388328065516692,0.20719607769317105,C_k10_Rmatch,10
32,0.9319444444444444,0.3784722222222222,0.3114837815706711,0.4519389994137694,C_k10_Rmatch,10
64,1.0,0.34375,0.2518303176405781,0.21570271700394772,C_k10_Rmatch,10
1,0.2676616915422885,0.024253731343283583,0.170777753918198,0.0005508730708727053,C_k10_Rmatch,11
2,0.40454545454545454,0.04734848484848485,0.15910772035541235,0.0011128565431360307,C_k10_Rmatch,11
4,0.6044270833333333,0.091796875,0.1644263958011389,0.0022515840430634257,C_k10_Rmatch,11
8,0.8641666666666665,0.16041666666666668,0.15919498595446321,0.001573159672214593,C_k10_Rmatch,11
16,0.9875,0.3004807692307692,0.1836351233427028,0.0017329814284719038,C_k10_Rmatch,11
32,1.0,0.3472222222222222,0.10656611113111901,0.0024520204452976816,C_k10_Rmatch,11
64,1.0,0.28125,0.23833307340442977,0.000534318256542074,C_k10_Rmatch,11
1,0.2646766169154228,0.014925373134328358,0.2132868509471957,0.00013368366341399832,C_k10_Rmatch,12
2,0.39797979797979804,0.022727272727272728,0.1587827237248492,0.00014188664837579682,C_k10_Rmatch,12
4,0.5481770833333334,0.046875,0.1786175724598727,0.0002901878563938172,C_k10_Rmatch,12
8,0.8163888888888889,0.09375,0.20641629778432602,0.0004007605267116215,C_k10_Rmatch,12
16,0.9519230769230769,0.18990384615384615,0.18323484329963463,0.0004218017090013878,C_k10_Rmatch,12
32,0.9833333333333333,0.3472222222222222,0.2117647337715023,0.0005622114823886783,C_k10_Rmatch,12
64,1.0,0.25,0.47635878931847214,0.0003292059558642634,C_k10_Rmatch,12
1,0.29502487562189056,0.014925373134328358,0.284372910271352,0.0005329766120494756,C_k10_Rmatch,13
2,0.4833333333333334,0.028409090909090908,0.2598424851638606,0.0010497211058857793,C_k10_Rmatch,13
4,0.7130208333333332,0.048828125,0.22330743680023102,0.0011596023586332273,C_k10_Rmatch,13
8,0.8983333333333332,0.08541666666666667,0.2858781271769055,0.0014000326582076057,C_k10_Rmatch,13
16,0.9557692307692308,0.13701923076923078,0.18328715812771226,0.0013982041872654474,C_k10_Rmatch,13
32,1.0,0.22569444444444445,0.2647203524371578,0.0019909645461535677,C_k10_Rmatch,13
64,1.0,0.34375,0.23826479155877206,0.0019321607254904857,C_k10_Rmatch,13
1,0.33656716417910454,0.033582089552238806,0.22776017675438157,0.0014621373180575337,C_k10_Rmatch,14
2,0.5171717171717173,0.054924242424242424,0.23145424742350196,0.0020603348109515347,C_k10_Rmatch,14
4,0.7221354166666667,0.099609375,0.2383521299367184,0.0022764218542895417,C_k10_Rmatch,14
8,0.9033333333333331,0.17291666666666666,0.25474915335288295,0.0025380860470163263,C_k10_Rmatch,14
16,0.9807692307692306,0.31009615384615385,0.2200443410832906,0.0020705088662141837,C_k10_Rmatch,14
32,1.0,0.4479166666666667,0.29160586155572754,0.0030802445900621656,C_k10_Rmatch,14
64,1.0,0.65625,0.0013930856511545908,0.006015669727532492,C_k10_Rmatch,14
1,0.25771144278606967,0.018656716417910446,0.14255768732015042,0.0033572945451871895,C_k10_Rmatch,15
2,0.43737373737373736,0.03787878787878788,0.14488316212040564,0.006816325288713385,C_k10_Rmatch,15
4,0.6502604166666667,0.068359375,0.149562526151009,0.012459037765673198,C_k10_Rmatch,15
8,0.861111111111111,0.13125,0.15986866499773017,0.011377443606981324,C_k10_Rmatch,15
16,0.9208333333333333,0.24278846153846154,0.16601421828198948,0.01584333644369,C_k10_Rmatch,15
32,0.9453703703703703,0.5034722222222222,0.18648960094866096,0.02191881172582387,C_k10_Rmatch,15
64,1.0,0.78125,0.003973480898995185,0.04295503784663157,C_k10_Rmatch,15
1,0.03731343283582089,0.0037313432835820895,0.021364454825774756,0.01136707695456365,C_k10_Rmatch,16
2,0.07575757575757576,0.003787878787878788,0.030022438460239942,0.011539305393269162,C_k10_Rmatch,16
4,0.115625,0.00390625,0.04125169957825968,0.011899908686808822,C_k10_Rmatch,16
8,0.16166666666666665,0.004166666666666667,0.03793247855187725,0.012693235932596077,C_k10_Rmatch,16
16,0.25192307692307697,0.002403846153846154,0.03737188202473667,0.007323020730343891,C_k10_Rmatch,16
32,0.3861111111111111,0.003472222222222222,0.05518459516977961,0.01057769661049673,C_k10_Rmatch,16
64,1.0,0.0,0.27202270229664527,0.0,C_k10_Rmatch,16
1,0.1082089552238806,0.013059701492537313,0.08178524941733964,0.03978476934097279,C_k10_Rmatch,17
2,0.16742424242424245,0.022727272727272728,0.10379938000836055,0.06923583235961499,C_k10_Rmatch,17
4,0.27734375,0.0390625,0.13944307831601332,0.11899908686808824,C_k10_Rmatch,17
8,0.41916666666666663,0.058333333333333334,0.14153583976778483,0.1777053030563452,C_k10_Rmatch,17
16,0.6115384615384616,0.0889423076923077,0.27939479972603326,0.2123676011799729,C_k10_Rmatch,17
32,0.8305555555555557,0.12152777777777778,0.3656600651922783,0.26444241526241835,C_k10_Rmatch,17
64,1.0,0.1875,0.3560656259880822,0.19039853898894116,C_k10_Rmatch,17
1,0.28606965174129356,0.022388059701492536,0.2417034783980051,0.00011968052483173113,C_k10_Rmatch,18
2,0.4320707070707071,0.03787878787878788,0.24539120859572464,0.00017584287119264393,C_k10_Rmatch,18
4,0.6041666666666667,0.0703125,0.20843889428108464,0.0002958861397670689,C_k10_Rmatch,18
8,0.7713888888888889,0.12291666666666666,0.1747540179925124,0.0005011045933337073,C_k10_Rmatch,18
16,0.9269230769230768,0.1466346153846154,0.2382112526934309,0.0005781976076927391,C_k10_Rmatch,18
32,1.0,0.20833333333333334,0.2647062313148505,0.0006304427349873419,C_k10_Rmatch,18
64,1.0,0.25,0.47628593804986774,0.00242722528793234,C_k10_Rmatch,18
1,0.31592039800995025,0.016791044776119403,0.19906365782821006,0.000136839557049276,C_k10_Rmatch,19
2,0.4921717171717172,0.022727272727272728,0.20209693756798486,0.00014829406878681515,C_k10_Rmatch,19
4,0.7203124999999999,0.04296875,0.22333011013627496,0.00030585651687280624,C_k10_Rmatch,19
8,0.8788888888888888,0.075,0.2382503411992832,0.0005100090342507669,C_k10_Rmatch,19
16,0.9384615384615385,0.11778846153846154,0.183331297838104,0.00044476402105089855,C_k10_Rmatch,19
32,1.0,0.19791666666666666,0.18535463423263254,0.0005510985530388183,C_k10_Rmatch,19
64,1.0,0.125,0.23814437672308542,3.9253694100219675e-05,C_k10_Rmatch,19
1,0.21865671641791043,0.03171641791044776,0.06377926564486824,0.014458554005337803,C_k10_Rmatch,20
2,0.38585858585858585,0.06060606060606061,0.07009924679153533,0.025817964227034848,C_k10_Rmatch,20
4,0.5911458333333333,0.11328125,0.08263013004692657,0.045953907539166707,C_k10_Rmatch,20
8,0.7730555555555553,0.20416666666666666,0.07409224824164543,0.06856330522900558,C_k10_Rmatch,20
16,0.9381410256410256,0.38221153846153844,0.07569281005361556,0.07378655394459296,C_k10_Rmatch,20
32,0.9944444444444444,0.5520833333333334,0.09615442572973733,0.112780248294343,C_k10_Rmatch,20
64,1.0,0.375,0.2486883379607171,0.49752737684336523,C_k10_Rmatch,20
1,0.29577114427860696,0.005597014925373134,0.14218313679249509,1.2982937093912405e-05,C_k10_Rmatch,21
2,0.4482323232323232,0.011363636363636364,0.17321087117347966,2.6359296524003972e-05,C_k10_Rmatch,21
4,0.6286458333333333,0.0234375,0.14886351975260645,3.6244032720505464e-05,C_k10_Rmatch,21
8,0.8105555555555555,0.04583333333333333,0.19054918232990717,4.832537696067395e-05,C_k10_Rmatch,21
16,0.9057692307692305,0.07211538461538461,0.1649117535915377,3.34560302035435e-05,C_k10_Rmatch,21
32,0.9944444444444444,0.1111111111111111,0.18526058871232162,6.443383594756526e-05,C_k10_Rmatch,21
64,1.0,0.125,0.00013657676952205655,0.0002899522617640437,C_k10_Rmatch,21
1,0.25199004975124384,0.016791044776119403,0.22748572419547242,8.543742330084792e-05,C_k10_Rmatch,22
2,0.39217171717171717,0.026515151515151516,0.2309327448753297,9.991157797649911e-05,C_k10_Rmatch,22
4,0.6091145833333333,0.044921875,0.1935040941661911,0.00010756431887832789,C_k10_Rmatch,22
8,0.8241666666666665,0.07291666666666667,0.222276092986748,0.0001244003488623512,C_k10_Rmatch,22
16,0.9807692307692305,0.14182692307692307,0.2198409068185196,0.00018814690434333506,C_k10_Rmatch,22
32,0.9874999999999999,0.3229166666666667,0.23816610404861954,0.00023656174402714603,C_k10_Rmatch,22
64,1.0,0.15625,0.23817242025541752,0.00021746419632303279,C_k10_Rmatch,22
1,0.24925373134328363,0.020522388059701493,0.11376744853098601,0.00021303581292283575,C_k10_Rmatch,23
2,0.3861111111111111,0.03409090909090909,0.11551580346605328,0.0003589749750878078,C_k10_Rmatch,23
4,0.5880208333333333,0.060546875,0.11912950786360374,0.0005083030112848835,C_k10_Rmatch,23
8,0.7758333333333332,0.11666666666666667,0.1270904832233115,0.0006991723602032976,C_k10_Rmatch,23
16,0.9182692307692305,0.18509615384615385,0.09167337134885141,0.0006813637565360188,C_k10_Rmatch,23
32,1.0,0.22569444444444445,0.13232691836030913,0.0007115113053978786,C_k10_Rmatch,23
64,1.0,0.40625,9.582129809726503e-06,0.00021746419632303279,C_k10_Rmatch,23
1,0.34950248756218905,0.020522388059701493,0.21338021066745436,0.0008395471875835777,C_k10_Rmatch,24
2,0.5063131313131313,0.032196969696969696,0.21664010986240567,0.0009905857302469846,C_k10_Rmatch,24
4,0.7171875000000001,0.0546875,0.3276821898380479,0.0017203019804611945,C_k10_Rmatch,24
8,0.8888888888888888,0.1,0.3494488319878321,0.0025851657927415997,C_k10_Rmatch,24
16,0.9634615384615384,0.1658653846153846,0.32986179220172535,0.0027286298067673498,C_k10_Rmatch,24
32,1.0,0.2743055555555556,0.34417275687181176,0.004397206178997235,C_k10_Rmatch,24
64,1.0,0.4375,0.47605615602551454,0.012776314682617747,C_k10_Rmatch,24
1,0.304726368159204,0.014925373134328358,0.2135244881819875,0.0038117313972377193,C_k10_Rmatch,25
2,0.47373737373737373,0.030303030303030304,0.21814523212219808,0.007738969806512945,C_k10_Rmatch,25
4,0.6799479166666667,0.05859375,0.1941116088454083,0.01589483544386519,C_k10_Rmatch,25
8,0.8927777777777776,0.10833333333333334,0.222408059535657,0.023716068640037537,C_k10_Rmatch,25
16,0.9891025641025641,0.18509615384615385,0.18548120728547615,0.021728107165540862,C_k10_Rmatch,25
32,0.960648148148148,0.2916666666666667,0.21477963573214012,0.02828047972672634,C_k10_Rmatch,25
64,1.0,0.4375,0.2415779699473911,0.01658222331854093,C_k10_Rmatch,25
1,0.3191542288557214,0.026119402985074626,0.2844090165071817,0.0009352459798000686,C_k10_Rmatch,26
2,0.4888888888888889,0.03977272727272727,0.31779873571646644,0.0017281316914975703,C_k10_Rmatch,26
4,0.6880208333333333,0.060546875,0.3574570888085401,0.0024095759668430385,C_k10_Rmatch,26
8,0.8705555555555553,0.09791666666666667,0.3017194670638393,0.003339721528999836,C_k10_Rmatch,26
16,0.9759615384615384,0.19471153846153846,0.3487808633152,0.006849106194626631,C_k10_Rmatch,26
32,0.9708333333333332,0.3298611111111111,0.398101957682741,0.012243509142811746,C_k10_Rmatch,26
64,1.0,0.34375,0.0010417507139035553,0.016047905061998855,C_k10_Rmatch,26
1,0.2828358208955224,0.022388059701492536,0.142182085021823,0.00014351070687263303,C_k10_Rmatch,27
2,0.43863636363636355,0.041666666666666664,0.14434204362966777,0.0002254148678847848,C_k10_Rmatch,27
4,0.65859375,0.08203125,0.1786256925934822,0.0003969017050039776,C_k10_Rmatch,27
8,0.8352777777777776,0.14791666666666667,0.09527933887414329,0.000520898857536545,C_k10_Rmatch,27
16,0.9807692307692307,0.21153846153846154,0.14657381655975504,0.0006512211886167134,C_k10_Rmatch,27
32,1.0,0.2638888888888889,0.10587837630856818,0.0005538403948678401,C_k10_Rmatch,27
64,1.0,0.25,6.690083093885413e-05,0.0003292059558642634,C_k10_Rmatch,27
1,0.1718905472636816,0.03171641791044776,0.11491390822692207,0.04501149914091977,C_k10_Rmatch,28
2,0.2505050505050505,0.043560606060606064,0.13587906240109981,0.07183927543141223,C_k10_Rmatch,28
4,0.37187499999999996,0.064453125,0.16742846691210708,0.11611002335282197,C_k10_Rmatch,28
8,0.5305555555555556,0.10416666666666667,0.21489173103285272,0.19366348920562185,C_k10_Rmatch,28
16,0.744230769230769,0.16826923076923078,0.24630044951768862,0.21956492169648584,C_k10_Rmatch,28
32,0.9541666666666665,0.21875,0.33960415755742646,0.3110952477025487,C_k10_Rmatch,28
64,1.0,0.46875,0.28072859189071897,0.12438184421084131,C_k10_Rmatch,28
1,0.30895522388059704,0.027985074626865673,0.28437471953980653,0.0004225093306992091,C_k10_Rmatch,29
2,0.49646464646464644,0.04924242424242424,0.3175560461309924,0.0007830801871155894,C_k10_Rmatch,29
4,0.7458333333333333,0.08984375,0.23830965531033838,0.0014621746274895,C_k10_Rmatch,29
8,0.9024999999999999,0.14166666666666666,0.285896363488312,0.0026651344905581956,C_k10_Rmatch,29
16,0.9884615384615384,0.2283653846153846,0.16515534463458376,0.003910794648958289,C_k10_Rmatch,29
32,1.0,0.3402777777777778,0.23842441455884306,0.005329818148039365,C_k10_Rmatch,29
64,1.0,0.625,0.0015096262618727874,0.017940812093389123,C_k10_Rmatch,29
