cond,rep,parity,mean_E,mean_w,O_mean,R_mean,R_sd_time,O_sd_time,corr_O_R,motif_matches,motif_turnover_full,motif_cpg_present,cpg_turnover_full,dR_full,loss_rate,poly_loss_per_cpg
M0,0,3.1566347743171297e-09,0.0004462238924999999,1.0,0.0004475569643403137,3.4172765711280078,1.39260321138748,0.00047668256295180895,-0.010378432979105217,2.0525,0.25,0.0425,1.0,5.404730668789881e-05,4.2432814710042434e-05,0.08293370944992948
M0,1,3.1566347743171297e-09,0.00144155719,1.0,0.0014253593738123094,1.9789146183432995,0.7295012115275094,0.0010684227644045254,0.0077307020431219104,2.51,0.125,0.0,1.0,0.952969904914959,5.060240963855422e-05,0.08231046931407943
M0,2,7.797788245667014e-08,0.046393208087124986,1.0,0.046329358394973236,3.58653554575418,0.9332303002081588,0.05471225438556365,0.3812143223760777,3.31,0.625,0.0,1.0,1.8914741163300763,3.416370106761566e-05,0.08528784648187633
M0,3,7.797788245667014e-08,0.034423455134749995,1.0,0.03397656985763408,2.588490110407234,1.7087025033993446,0.04686272612579956,0.3754358035562479,3.4775,0.375,0.0,1.0,0.008044644920627952,5.2993130520117764e-05,0.07874632713026444
M0,4,1.3046647811577883e-10,0.00011214177859999997,1.0,0.0001110676055480027,2.6743349731993082,1.4635011766841952,0.00012175998322360221,-0.1788641784991476,1.22,0.375,0.0,1.0,1.9052279618196337,4.642857142857143e-05,0.07871772039180766
M0,5,9.962091557930153e-09,0.006471621625000002,1.0,0.006510300793220627,2.4635948539980825,1.2420488343063651,0.006951012077927804,-0.10991109811101195,3.215,0.25,0.0,1.0,1.9051143583264114,5.5172413793103446e-05,0.07984267453294003
M0,6,3.1566347743171297e-09,0.0016940243850000003,1.0,0.001697861684648767,2.5763471480771716,0.9633410709050853,0.0010274344053593945,0.09862945770075529,2.6375,0.375,0.0,1.0,0.0005803109726423283,5.185185185185185e-05,0.08317929759704251
M0,7,9.962091557930153e-09,0.006613649307500001,1.0,0.006620845690927269,3.1075045408384496,1.9472156482337646,0.007888976031324369,-0.3732938681362121,2.9225,0.375,0.0,1.0,1.9050540241918448,5.057471264367816e-05,0.07846743295019157
M0,8,3.1566347743171297e-09,0.0016441391250000003,1.0,0.0016444298589945597,2.509787163212025,1.258838256801371,0.00104123535151455,0.2733363552727968,2.6125,0.125,0.0,1.0,3.5284414969805056e-06,5.038759689922481e-05,0.09448209099709584
M0,9,3.1566347743171297e-09,0.0019715916850000003,1.0,0.001970363995485225,2.855243119672649,1.226365504881745,0.000906201242722718,-0.4361625929872368,2.765,0.25,0.0,1.0,0.9524528548948745,5.600722673893405e-05,0.09000900090009001
M0,10,1.3046647811577883e-10,0.00033513605,1.0,0.000334625249812068,2.629073011383241,1.1179558243851058,1.447947973140172e-05,-0.05289485793959594,1.9975,0.0,0.0,1.0,1.905146291539369,6.17059891107078e-05,0.0815956482320943
M0,11,3.1566347743171297e-09,0.00058344627525,1.0,0.000582294773713272,2.233733424453363,1.4051150951606834,0.0007448348145029856,-0.044033810620172906,2.0075,0.25,0.0,1.0,2.857701153438815,6.430868167202572e-05,0.07846481876332621
M0,12,1.3046647811577883e-10,0.00018695436324999996,1.0,0.00018674959631240576,2.6505292005133656,1.86912728160247,0.00014493081875999555,-0.4450214295812666,1.4875,0.375,0.0,1.0,3.810290642173475,3.165735567970205e-05,0.07421150278293136
M0,13,1.3046647811577883e-10,0.00013028528394999996,1.0,0.00012931513221000143,2.912466548265637,1.1721748303093655,0.00015189711753391173,-0.5151172292247755,0.9025,0.25,0.34,1.0,8.113818774191373e-05,4.9769585253456216e-05,0.08095676172953083
M0,14,9.962091557930153e-09,0.011283616575000002,1.0,0.011276583668731499,3.6849020796840275,2.5683305330394046,0.007685784601305703,0.7042213809012238,3.5675,0.125,0.43,1.0,2.857344446064308,3.058994901675164e-05,0.08743645606390704
M0,15,3.1566347743171297e-09,0.0006745368839999999,1.0,0.000676028399943065,2.3932750695466414,1.3537697510030418,0.0008324634711480321,0.161738618685195,2.06,0.375,0.0,1.0,0.9525681372530121,4.321728691476591e-05,0.08824940047961631
M0,16,3.129756560659542e-11,3.866123882499999e-05,1.0,3.852847223489595e-05,2.4695454083951334,1.059218270151323,1.4915112462252976e-05,-0.21612253052469688,0.825,0.125,0.0,1.0,0.9525639116147224,5.029013539651837e-05,0.08756027000964321
M0,17,1.3046647811577883e-10,0.00032174249475,1.0,0.00031867787541504564,2.7910203807984795,1.3130532144652949,6.749958497924149e-05,0.16664228911949616,1.9425,0.25,0.125,1.0,2.5791249757212142e-05,5.18783542039356e-05,0.08877005347593582
M0,18,9.962091557930153e-09,0.006200946625000001,1.0,0.006190540807378981,1.3810682644255328,1.1866927621688135,0.0066294523393084235,0.2661997891178115,3.2375,0.125,0.0,1.0,2.8515839037061994,4.521739130434783e-05,0.08166089965397923
M0,19,3.1566347743171297e-09,0.0012565608200000003,1.0,0.0012543775317188455,1.6812255155750178,1.281453458707889,0.0010581120501882363,-0.48268622819838697,2.43,0.125,0.0,1.0,0.9526497139693727,7.386363636363637e-05,0.08951841359773371
M0,20,1.3046647811577883e-10,0.00012075786974999998,1.0,0.00012006057610667566,3.9007807815955893,2.1911173155071473,0.00012678367798875145,-0.10634843544961235,1.2575,0.125,0.0,1.0,3.683477732829843e-07,3.967761934283943e-05,0.08104089219330855
M0,21,9.962091557930153e-09,0.009593071540000003,1.0,0.009603897051894206,1.5521011959607482,1.0046885824447591,0.008083375746734216,-0.25131524018052365,3.3325,0.125,0.0,0.8333333333333334,2.8567494283998496,4.923076923076923e-05,0.07484662576687116
M0,22,3.129756560659542e-11,1.3601887999999998e-05,1.0,1.3602376481256455e-05,2.5576599287489326,1.1091557288742218,1.5399259716916467e-05,-0.1699927826360527,0.19,0.125,0.0,1.0,3.998466248988919e-06,5.348615090735435e-05,0.08396946564885496
M0,23,7.797788245667014e-08,0.0049909928500000015,1.0,0.004897567089548788,3.242642921942347,1.511586939928971,0.007827954250391459,0.41329845963836426,3.1425,0.25,0.34,1.0,0.9528699670829961,4.411764705882353e-05,0.08319738988580751
M0,24,1.3046647811577883e-10,0.00018842308475,1.0,0.0001881993576212259,3.6768848107505643,1.1292450354972692,0.0001449598201497673,0.2723759843419813,1.4925,0.125,0.0,1.0,1.9050999844586805,3.805774278215223e-05,0.08230668414154653
M0,25,9.962091557930153e-09,0.0045560181,1.0,0.0045469663341654535,2.8285599264568315,1.3106793557148697,0.005377270010186251,0.45889590310205153,3.11,0.375,0.0,1.0,0.9521244754829222,3.875315922493682e-05,0.09259259259259259
M0,26,3.1566347743171297e-09,0.0021376163925,1.0,0.0021360026550132677,2.9693998389218876,0.8953881033167461,0.0007785477224030474,-0.019042744041452293,2.8425,0.25,0.0,1.0,9.583801577939255e-05,3.1666666666666666e-05,0.0801330008312552
M0,27,1.3046647811577883e-10,0.0003163084032499999,1.0,0.00031577835279740523,3.1506157416281884,1.2394122795158242,7.274494292226149e-05,-0.21978332147540858,1.9325,0.125,0.0,1.0,1.9051590379742707,4.331013147718484e-05,0.07962962962962962
M0,28,9.962091557930153e-09,0.01092665095,1.0,0.010928909654664415,2.0684971763904936,1.1975850170090308,0.007767801211916777,0.024218487212474472,3.53,0.25,0.0,1.0,0.9520316465330154,6.0606060606060605e-05,0.08491879350348028
M0,29,3.129756560659542e-11,6.2418134000000004e-06,1.0,6.242308837465266e-06,1.7836942229981831,0.9290615275928527,1.96022981386261e-06,0.006543902684056282,0.0025,0.0,0.0025,1.0,0.9525748834598963,4.437869822485207e-05,0.09085545722713864
M0,30,3.1566347743171297e-09,0.0015537855075000002,1.0,0.001553595755382407,1.1167208507687914,0.8291618240824083,0.0010581120501882363,-0.4313545677026954,2.57,0.375,0.0,1.0,0.0003407005401290242,7.28051391862955e-05,0.0810234541577825
M0,31,9.962091557930153e-09,0.005716730525000002,1.0,0.005722553398761251,2.4717568197069744,1.1747354377923942,0.006431564087256878,0.021972174146325706,3.175,0.125,0.0,1.0,0.9525443883984267,4.267701260911736e-05,0.08643410852713178
M0,32,1.3046647811577883e-10,7.169350325e-05,1.0,7.149357226119834e-05,3.422108392739071,1.9847836053866001,8.29790487108687e-05,0.32143630509908655,1.09,0.25,0.0,1.0,0.952576982223539,5.5749128919860624e-05,0.07738343771746696
M0,33,1.3046647811577883e-10,0.0001303834327,1.0,0.00012954277825593898,2.481440927581276,1.473862749656397,0.00015638845817395592,-0.16416119214355554,0.8125,0.0,0.025,1.0,0.9525741271097409,4.878048780487805e-05,0.07485380116959064
M0,34,1.3046647811577883e-10,4.6052901249999996e-05,1.0,4.61227493568445e-05,3.5173696866944058,0.9250000668731553,1.447947973140172e-05,-0.035708809492921635,1.0025,0.0,0.0,1.0,1.5687532132879767e-05,4.390934844192634e-05,0.07875793930839803
M0,35,3.1566347743171297e-09,0.0002690130215,1.0,0.00026689733479371683,3.25534257732719,1.28436937717341,0.00045792889765377165,0.42676164745874745,1.525,0.375,0.1625,1.0,3.8094756914838555,3.7037037037037037e-05,0.08878648233486942
M0,36,9.962091557930153e-09,0.007523547701000002,1.0,0.00752418023561227,3.2170040104232114,1.166519144429519,0.008400471611037855,-0.03517617129151873,2.8125,0.125,0.0,1.0,1.9055829603552397,3.954372623574144e-05,0.08406676783004553
M0,37,3.1566347743171297e-09,0.0013344020300000003,1.0,0.0013345252702001568,2.976403236916348,1.1931210330593132,0.0010663766289209988,0.31024113313477686,2.4675,0.0,0.0,1.0,0.952569815642976,5.76923076923077e-05,0.08576
M0,38,9.962091557930153e-09,0.0005895126431250001,1.0,0.0006063515072913866,3.826771906497258,1.4853850058944764,0.0017222917673318369,0.31105876340009275,1.315,0.375,0.1725,1.0,2.857698408111166,3.684210526315789e-05,0.08646517739816031
M0,39,7.797788245667014e-08,0.4981055325,1.0,0.4990480073050553,3.746038722122404,0.9536866964051398,0.019016039188011934,-0.09642469169150887,5.9975,0.0,0.32,1.0,1.9808861402394893,3.294691885295912e-05,0.07708206686930091
CP_k10,0,4.882530733052448e-07,0.22200776500000002,0.9978255125,0.5,2.4336865383142396,0.18581451858396605,0.0,,6.0,0.0,0.0,0.5,0.28824245291901684,6.600660066006601e-06,0.0497119341563786
CP_k10,1,4.4119213865601026e-07,0.22632339749999997,0.9978044325,0.5,2.378565611227644,0.16909676934126544,0.0,,6.0,0.0,0.0,0.5,0.014846629337247563,7.226738934056007e-06,0.041081081081081085
CP_k10,2,4.887012480248032e-07,0.22404920999999997,0.9968425050000002,0.8807970779778824,4.115750764954624,0.22423477024900337,1.1102230246251565e-16,-6.337489364125574e-16,7.0,0.0,0.0,0.5,0.28656787662779015,3.5273368606701936e-06,0.06170087976539589
CP_k10,3,4.229772597175163e-07,0.20122992,0.9946700549999999,0.5,2.752415791229592,0.16816552160906595,0.0,,6.0,0.0,0.0,0.8,0.12961754472992926,8.445945945945946e-06,0.07615838247683236
CP_k10,4,4.149987530843724e-07,0.20303684500000002,0.9949722375000001,0.5,2.7225235939556556,0.2132967744653411,0.0,,6.0,0.0,0.0,1.0,0.4443299409612429,1.8518518518518518e-05,0.0765743073047859
CP_k10,5,4.556923288712156e-07,0.20119090499999998,0.993384375,0.5,2.7502948228900026,0.24446405036617413,0.0,,6.0,0.0,0.0,1.0,0.01965323627091342,2.2127659574468085e-05,0.08760611205432937
CP_k10,6,3.994216936364925e-07,0.20176192499999998,0.9953696375000001,0.5,2.736027932415013,0.1582279619052154,0.0,,6.0,0.0,0.0,0.8,0.0727544643146496,8.438818565400844e-06,0.07508417508417509
CP_k10,7,4.776568225950406e-07,0.20951,0.995462415,0.5,2.628450200763474,0.24048942518743152,0.0,,6.0,0.0,0.0,0.8,0.1893851042962389,1.0300429184549356e-05,0.06643835616438357
CP_k10,8,1.2359723805532852e-07,0.213957575,0.9994952050000001,0.5,2.5453898873685534,0.0,0.0,,6.0,0.0,0.0,0.0,0.0,0.0,0.04666666666666667
CP_k10,9,4.994034822347615e-07,0.20397215499999993,0.996447885,0.5,2.6972146514310897,0.1459635525793077,0.0,,6.0,0.0,0.0,0.8,0.1873438164488137,1.1784511784511784e-05,0.07052896725440806
CP_k10,10,4.4099514523443517e-07,0.19973474749999998,0.9931437725000001,0.5,2.7880496701263344,0.2155433138353675,0.0,,6.0,0.0,0.0,0.8,0.025329788428829936,1.7021276595744682e-05,0.08862478777589135
CP_k10,11,4.934164276049202e-07,0.20174178500000003,0.994374045,0.5,2.7423648664570868,0.19876845427573014,0.0,,6.0,0.0,0.0,0.8,0.09961402937298258,1.1884550084889643e-05,0.0768839966130398
CP_k10,12,4.817293783876408e-07,0.21467052999999997,0.997653625,0.5,2.543845598437366,0.1975958135928853,0.0,,6.0,0.0,0.0,0.8,0.3730428424273655,1.1560693641618496e-05,0.05304777594728171
CP_k10,13,3.573073556473183e-07,0.21739530750000002,0.9996101199999999,0.5,2.497633006546473,2.5981345079761696e-05,0.0,,6.0,0.0,0.0,0.5,0.00014640544210298145,5.012531328320802e-06,0.044000000000000004
CP_k10,14,3.4530748271865974e-07,0.20110541999999995,0.99532814,0.5,2.751813553386713,0.12981576368262174,0.0,,6.0,0.0,0.0,0.5,0.017371388671932664,6.72834314550042e-06,0.07684563758389262
CP_k10,15,4.775387875133319e-07,0.201003495,0.9950269374999999,0.5,2.754186826918186,0.16098844440939594,0.0,,6.0,0.0,0.0,0.5,0.11452287365093738,1.6877637130801688e-05,0.08686868686868686
CP_k10,16,3.9423190048570866e-07,0.208381425,0.998218835,0.5,2.6348994099697425,0.05882576130560888,0.0,,6.0,0.0,0.0,0.8,0.09382649318467706,3.3444816053511705e-06,0.0670558798999166
CP_k10,17,4.923824843960922e-07,0.224165775,0.9973908075,0.5,2.411597036336505,0.20891103411147133,0.0,,6.0,0.0,0.0,1.0,0.07005201878783085,1.80623973727422e-05,0.04979524979524979
CP_k10,18,4.939373388079815e-07,0.20240021250000007,0.9938811099999999,0.5,2.7405273754359234,0.23257819763015802,0.0,,6.0,0.0,0.0,1.0,0.9925194360577279,2.3890784982935157e-05,0.08211243611584326
CP_k10,19,3.8852430889191325e-07,0.22690669749999998,0.9984189975000001,0.5,2.36684839578647,0.10396467858316702,0.0,,6.0,0.0,1.0,0.8,0.023240744952978787,1.4906832298136646e-05,0.06790582403965303
CP_k10,20,4.98788631314584e-07,0.22053645249999998,0.9977137575,0.5,2.459323829464162,0.21072420701037542,0.0,,6.0,0.0,0.0,1.0,0.22015064688114494,9.900990099009901e-06,0.04510288065843621
CP_k10,21,4.2314533757470407e-07,0.21784609749999997,0.99729963,0.5,2.497234237041876,0.2145691995591034,0.0,,6.0,0.0,0.6,0.5,0.3719392707838405,4.136504653567736e-06,0.06556701030927836
CP_k10,22,4.5246505189777686e-07,0.20176539500000004,0.99316385,0.5,2.7572600456500362,0.2504600977727671,0.0,,6.0,0.0,0.0,1.0,0.01651326934351438,2.5728987993138936e-05,0.09546621043627034
CP_k10,23,4.385829283914955e-07,0.206980875,0.998039135,0.5,2.648039777629756,0.022501713281778638,0.0,,6.0,0.0,0.0,1.0,0.049651355279183296,5.012531328320802e-06,0.05433333333333334
CP_k10,24,4.957235094082968e-07,0.2094207425,0.9978235175000001,0.5,2.618953094150403,0.1301929745793237,0.0,,6.0,0.0,0.0,1.0,0.15224987020881198,6.7114093959731546e-06,0.06092050209205021
CP_k10,25,4.280540789325382e-07,0.20812182499999998,0.9982640749999999,0.5,2.6370692199692667,0.04277177124558205,0.0,,6.0,0.0,0.0,0.5,0.05059572767779397,5.0083472454090146e-06,0.05795170691090758
CP_k10,26,3.425761763986568e-07,0.20882494999999998,0.9986076899999999,0.5,2.6215003139750364,6.443760502282244e-06,0.0,,6.0,0.0,0.0,0.0,0.0,6.683375104427735e-06,0.06033333333333333
CP_k10,27,4.6676964421399347e-07,0.22011679,0.9985421874999997,0.5,2.4627742518052265,0.14774147512625888,0.0,,6.0,0.0,0.0,0.8,0.24060583597775853,1.1061946902654867e-05,0.0577728776185226
CP_k10,28,2.438480188882153e-07,0.20520122999999998,0.9975658399999999,0.5,2.6749505553599198,0.06127161808895465,0.0,,6.0,0.0,0.0,0.0,0.0,3.3472803347280334e-06,0.05776293823038397
CP_k10,29,4.997612007007213e-07,0.20252492249999995,0.9958443975,0.5,2.7239386686006615,0.13117313438223763,0.0,,6.0,0.0,0.0,1.0,0.8132843027767103,1.008403361344538e-05,0.07449664429530202
CP_k10,30,4.4786748679137567e-07,0.22702267500000006,0.9973164425000001,0.5,2.3651797648051027,0.18320097026774396,0.0,,6.0,0.0,0.0,0.8,0.37746861287078026,9.700889248181084e-06,0.04709677419354838
CP_k10,31,4.868180943917721e-07,0.202178505,0.995840635,0.5,2.72985748582539,0.14267633862046614,0.0,,6.0,0.0,0.0,0.8,0.27441567462840677,1.8471872376154493e-05,0.07872696817420435
CP_k10,32,4.603364753275052e-07,0.22542459999999997,0.9991120825000002,0.5,2.3838609487766513,0.04305518846984306,0.0,,6.0,0.0,0.0,0.8,0.011136399566496369,1e-05,0.055860349127182046
CP_k10,33,4.988986187781652e-07,0.2043334375,0.9941755950000001,0.5,2.7127265025805776,0.24899229571125922,0.0,,6.0,0.0,0.0,1.0,0.00904813404158844,2.5619128949615715e-05,0.08858603066439523
CP_k10,34,3.1161267421975225e-07,0.22144084749999998,0.9988959299999999,0.5,2.4435564331031965,0.12438801754169176,0.0,,6.0,0.0,0.0,0.5,0.0002820455903149721,8.28500414250207e-06,0.047603305785123964
CP_k10,35,4.756268559280574e-07,0.217806895,0.9963063575000001,0.5,2.4973345876919923,0.2591784819401816,0.0,,6.0,0.0,0.9675,1.0,0.558919721585617,1.2195121951219513e-05,0.05060827250608272
CP_k10,36,4.759441029067446e-07,0.20367057,0.9963928425,0.5,2.7102838157934754,0.12367647923521286,0.0,,6.0,0.0,0.0,0.5,0.1733786952967571,6.717044500419815e-06,0.07001675041876047
CP_k10,37,4.5250453448164585e-07,0.2200061725,0.9986775525,0.5,2.463518596002058,0.1436096483750563,0.0,,6.0,0.0,0.0,0.8,0.23639683740286843,1.0033444816053512e-05,0.0530442035029191
CP_k10,38,2.144604177856113e-07,0.20982924,0.998398775,0.5,2.6096220539955617,0.0838663554969409,0.0,,6.0,0.0,0.0,0.8,0.07202355239062852,3.3333333333333337e-06,0.05785536159600997
CP_k10,39,3.807988425696962e-07,0.21398532249999996,0.9992697850000001,0.5,2.5417306527573285,0.05696059982920861,0.0,,6.0,0.0,0.0,0.0,0.0,5.016722408026756e-06,0.04937447873227689
CP_k40,0,4.826936815249816e-07,0.22436901999999997,0.9979741775,0.8807970779778824,4.101447633742007,0.02397428097653174,1.1102230246251565e-16,-7.872516150579483e-15,7.0,0.0,0.0,0.0,0.0,0.0,0.03875
CP_k40,1,7.052458447787124e-08,0.20497609749999998,0.9911757500000001,0.8807970779778824,4.383330495684374,8.881784197001252e-16,1.1102230246251565e-16,1.0,7.0,0.0,0.0,0.0,0.0,0.0,0.0474
CP_k40,2,4.844161251849055e-07,0.2278522925,0.9905928949999999,0.8807970779778824,4.052931846436234,0.15710368571315456,1.1102230246251565e-16,3.7312794689768335e-15,7.0,0.0,0.0,0.5,0.03452730679521476,4.742145820983995e-06,0.03595505617977528
CP_k40,3,3.280321562160182e-07,0.22182435749999999,0.9979225574999999,0.8807970779778824,4.138358494074627,0.07496328144828245,1.1102230246251565e-16,7.760557617864409e-15,7.0,0.0,0.0,0.16666666666666663,0.12163679190695742,1.2523481527864746e-06,0.03647720174890693
CP_k40,4,4.800439839247606e-07,0.22869636749999997,0.9939574100000002,0.8807970779778824,4.044817463937412,0.09175835250203142,1.1102230246251565e-16,-1.1857433513843505e-14,7.0,0.0,0.0,0.5555555555555556,0.11168320376480079,1.2531328320802005e-06,0.04625
CP_k40,5,4.849924273575557e-07,0.20975222250000003,0.9957102750000001,0.8807970779778824,4.3107935036552165,0.031752309777630175,1.1102230246251565e-16,-1.223778872592639e-14,7.0,0.0,0.0,0.33333333333333337,0.02608697581218511,1.0025062656641603e-06,0.048799999999999996
CP_k40,6,1.655257001742516e-07,0.21379616249999997,0.9984330949999999,0.8807970779778824,4.249674172598957,4.945839117966092e-05,1.1102230246251565e-16,-5.387428089646655e-12,7.0,0.0,0.0,0.33333333333333337,0.0002082573957240541,1.0025062656641603e-06,0.037
CP_k40,7,2.8313886124564647e-07,0.2202363225,0.9992651574999999,0.8807970779778824,4.158788610972537,0.009768202202622625,1.1102230246251565e-16,2.9209808663876654e-14,7.0,0.0,0.0,0.2857142857142857,0.00023763509532059857,1.0025062656641603e-06,0.0324
CP_k40,8,6.357021048453149e-08,0.21594950250000003,0.9993106550000002,0.5,2.5185733453591617,4.440892098500626e-16,0.0,,6.0,0.0,0.0,0.0,0.0,0.0,0.03133333333333333
CP_k40,9,2.2065975896490286e-07,0.20415092999999998,0.9907386625000002,0.5,2.6910451296761373,0.0004960580761332297,0.0,,6.0,0.0,0.0,0.0,0.0,3.3416875522138676e-06,0.05366666666666667
CP_k40,10,4.842869825993912e-07,0.2258717275,0.9948005375000001,0.8807970779778824,4.083877036741569,0.11580416940760922,1.1102230246251565e-16,-6.902692552601553e-16,7.0,0.0,0.0,0.5555555555555556,0.17665953675272483,1.2523481527864746e-06,0.0419737663960025
CP_k40,11,2.674821411585704e-07,0.22166227749999998,0.9986867549999999,0.8807970779778824,4.1381575730657385,0.04679655477261504,1.1102230246251565e-16,1.878977287485448e-14,7.0,0.0,0.0,0.33333333333333337,0.007366661722465473,1.0025062656641603e-06,0.030199999999999998
CP_k40,12,4.482652997961356e-07,0.22078926249999994,0.9973780325000001,0.8807970779778824,4.153605059220855,0.09243350764832436,1.1102230246251565e-16,8.984261698465054e-15,7.0,0.0,0.0,0.375,0.22015146070949232,3.7593984962406014e-06,0.04625
CP_k40,13,4.862950997719384e-07,0.21530656999999997,0.9955625250000001,0.8807970779778824,4.229301839993701,0.12855455363334098,1.1102230246251565e-16,-7.824398528731065e-15,7.0,0.0,0.0,0.5,0.07410852292630565,1.2461059190031154e-06,0.056183965195773775
CP_k40,14,2.9317891980795707e-07,0.22481487749999998,0.9979408599999999,0.5,2.394180631448944,4.440892098500626e-16,0.0,,6.0,0.0,0.0,0.0,0.0,0.0,0.03
CP_k40,15,2.0568554229272173e-07,0.20662638499999997,0.9932062975,0.8807970779778824,4.356074377360805,0.0001618459131282691,1.1102230246251565e-16,0.0,7.0,0.0,0.0,0.0,0.0,2.0050125313283207e-06,0.0436
CP_k40,16,4.539079564991333e-07,0.21241387750000004,0.9962258875000001,0.8807970779778824,4.272231579480916,0.08237981344437177,1.1102230246251565e-16,-1.846332833423503e-15,7.0,0.0,0.0,0.4285714285714286,0.1518139795468345,1.2195121951219512e-06,0.05425790754257907
CP_k40,17,4.835360039590064e-07,0.21537132500000003,0.999099335,0.5,2.527076928774936,0.010855890968392722,0.0,,6.0,0.0,0.0,0.8,0.022714385930048486,3.3416875522138676e-06,0.043333333333333335
CP_k40,18,1.5759254715086435e-07,0.2140146675,0.9985496625,0.8807970779778824,4.245951807647268,0.011020432367303726,1.1102230246251565e-16,1.5635195396964365e-13,7.0,0.0,0.0,0.33333333333333337,0.02306742868315581,1.0025062656641603e-06,0.0332
CP_k40,19,4.87287342837428e-07,0.21710076999999997,0.9950113425000001,0.8807970779778824,4.219536735680801,0.16790704394153222,1.1102230246251565e-16,-5.263254636948737e-15,7.0,0.0,0.0,0.5714285714285714,0.31770802359116956,8.510638297872341e-06,0.055063674954517895
CP_k40,20,4.713431929481704e-07,0.22018717000000002,0.9966164424999999,0.8807970779778824,4.1613841433194105,0.11480706363525768,1.1102230246251565e-16,2.3402216157436597e-15,7.0,0.0,0.0,0.2857142857142857,0.2825118467494594,0.0,0.04925
CP_k40,21,4.5634161191521194e-07,0.21299966750000002,0.99829193,0.5,2.560261796624607,4.408104118715287e-06,0.0,,6.0,0.0,0.0,0.0,0.0,3.3416875522138676e-06,0.032
CP_k40,22,4.846463941554635e-07,0.21818211500000004,0.9982899199999999,0.8807970779778824,4.186003360248552,0.07548520139147023,1.1102230246251565e-16,-1.3119378629326215e-14,7.0,0.0,0.0,0.33333333333333337,0.15512932236907329,1.142857142857143e-06,0.03603192702394527
CP_k40,23,4.92710837962651e-07,0.21686758750000001,0.9933522275,0.8807970779778824,4.211368168871475,0.171789455599399,1.1102230246251565e-16,3.1020940718432515e-15,7.0,0.0,0.0,0.4285714285714286,0.10141874139020235,1.2531328320802005e-06,0.0425
CP_k40,24,1.1181945677729566e-07,0.210127345,0.9961743625,0.8807970779778824,4.304591343020275,8.881784197001252e-16,1.1102230246251565e-16,1.0,7.0,0.0,0.0,0.0,0.0,0.0,0.0484
CP_k40,25,2.3519749686728986e-07,0.2130679675,0.9983200124999999,0.5,2.559495241080873,0.00015065756280133077,0.0,,6.0,0.0,0.0,0.8,0.00048006543480116903,3.3416875522138676e-06,0.03833333333333334
CP_k40,26,4.8552317730155e-07,0.2221493125,0.9939181125000002,0.8807970779778824,4.135531050411825,0.15989910820013079,1.1102230246251565e-16,-9.442850122718682e-16,7.0,0.0,0.0,0.16666666666666663,0.3840602961430273,3.0015007503751877e-06,0.03792415169660679
CP_k40,27,4.6639969231154765e-07,0.2276528775,0.9936577575,0.8807970779778824,4.056594104788245,0.11018701713940103,1.1102230246251565e-16,8.060644917689923e-16,7.0,0.0,0.0,0.625,0.20064798708786036,1.2531328320802005e-06,0.0265
CP_k40,28,3.9408250268602174e-07,0.22525962749999998,0.9978844200000002,0.5,2.3900134056199476,4.440892098500626e-16,0.0,,6.0,0.0,0.7025,0.5,0.0,0.0,0.041
CP_k40,29,1.8825306666303554e-07,0.20785211500000003,0.9945558650000001,0.5,2.637594560182901,4.440892098500626e-16,0.0,,6.0,0.0,0.0,0.0,0.0,0.0,0.04
CP_k40,30,3.448709177678033e-07,0.20515895,0.9913912174999999,0.8807970779778824,4.37834168979804,0.030828166675030917,1.1102230246251565e-16,1.1920391667291984e-14,7.0,0.0,0.0,0.33333333333333337,0.0004501929984614961,2.0060180541624876e-06,0.048224112056028015
CP_k40,31,2.788824159660752e-07,0.22237785750000005,0.9990007850000001,0.5,2.4275734533170614,0.00045863664118194944,0.0,,6.0,0.0,0.0,0.0,0.0,3.3416875522138676e-06,0.028
CP_k40,32,4.881661206934673e-07,0.20813604749999995,0.9939766149999998,0.8807970779778824,4.33686375565027,0.042954090572399975,1.1102230246251565e-16,1.3543689486872484e-14,7.0,0.0,0.0,0.0,0.0,0.0,0.045200000000000004
CP_k40,33,3.618264128590898e-07,0.22194563750000001,0.9962158675000002,0.8807970779778824,4.13609151260898,0.11605547597069256,1.1102230246251565e-16,-4.4387692964712984e-15,7.0,0.0,0.0,0.16666666666666663,0.25448375866615525,0.0,0.0435
CP_k40,34,4.6772340403511414e-07,0.217835215,0.9938306099999998,0.8807970779778824,4.1913596065027,0.16302308621970854,1.1102230246251565e-16,-3.6502777305852664e-15,7.0,0.0,0.0,0.33333333333333337,0.16432808772401852,3.754693366708385e-06,0.039700374531835204
CP_k40,35,3.9313800678786315e-07,0.22547845500000005,0.9977231774999998,0.5,2.386930164961002,4.440892098500626e-16,0.0,,6.0,0.0,0.0,0.0,0.0,0.0,0.028666666666666663
CP_k40,36,4.990259907799999e-07,0.222279815,0.9969877975,0.8807970779778824,4.132052769197016,0.10362274414911679,1.1102230246251565e-16,-2.2821003843023003e-15,7.0,0.0,0.0,0.4285714285714286,0.3412943094311274,2.4783147459727386e-06,0.038048177887584925
CP_k40,37,4.6178950663389173e-07,0.22437257499999996,0.9956399425,0.8807970779778824,4.1086190042594195,0.11269955454291916,1.1102230246251565e-16,2.7583289761509983e-15,7.0,0.0,0.0,0.2857142857142857,0.1268958020351887,1.2484394506866417e-06,0.04981320049813201
CP_k40,38,1.5576144021811622e-07,0.22812163999999996,0.99568596,0.8807970779778824,4.051767326026126,0.026925760485984725,1.1102230246251565e-16,2.605909504128303e-14,7.0,0.0,0.0,0.0,0.0,1.002004008016032e-06,0.02898550724637681
CP_k40,39,3.028191034593064e-07,0.227296415,0.99648569,0.5,2.3608308651684182,4.1888126114339786e-05,0.0,,6.0,0.0,0.0,0.5,8.467108546783564e-05,1.6708437761069338e-06,0.027333333333333334
Pcre_k10,0,7.797788226238112e-08,0.8807575049999999,0.99991602,0.8807970779778824,2.999913444220039,0.8395832894054162,1.1102230246251565e-16,5.448082303656837e-16,7.0,0.0,1.0,0.875,1.1035644763074322,2.8526148969889065e-05,0.08031620553359684
Pcre_k10,1,7.797788226238112e-08,0.8807812300000001,0.9999709925000001,0.8807970779778824,3.047300776800831,1.3900244073259862,1.1102230246251565e-16,-4.856142060632118e-16,7.0,0.0,1.0,0.8,1.297061787431668,3.389830508474576e-05,0.07580645161290323
Pcre_k10,2,7.797788226238112e-08,0.88079224,0.9999923975,0.8807970779778824,1.7919272204852539,0.7803924234329703,1.1102230246251565e-16,2.887973630080544e-16,7.0,0.0,1.0,0.8,0.9016411648786491,5.405405405405406e-05,0.08794326241134752
Pcre_k10,3,7.797788226238112e-08,0.8807744649999999,0.9999613575,0.8807970779778824,2.6511849691028435,0.9741264086414718,1.1102230246251565e-16,3.464722817203365e-16,7.0,0.0,1.0,0.9090909090909091,0.9398666285126924,3.733333333333334e-05,0.07511071744906998
Pcre_k10,4,7.797788226238112e-08,0.88079224,0.9999923975,0.8807970779778824,2.5996426150685714,1.1230821670485307,1.1102230246251565e-16,3.0051924016656856e-16,7.0,0.0,1.0,0.8571428571428572,3.5588384492086376,5.0144648023143683e-05,0.09710982658959537
Pcre_k10,5,7.797788226238112e-08,0.88077796,0.9999695925000001,0.8807970779778824,2.6312760764323766,1.1586541035367888,1.1102230246251565e-16,4.2927385620421073e-16,7.0,0.0,1.0,0.7,0.824067303387745,4.162724692526017e-05,0.08926553672316384
Pcre_k10,6,7.797788226238112e-08,0.8807559399999999,0.9999267825000001,0.8807970779778824,2.208301118146841,0.9069638216875916,1.1102230246251565e-16,-2.2890847533322804e-16,7.0,0.0,1.0,0.75,0.8704862539294917,3.6247334754797436e-05,0.07659574468085106
Pcre_k10,7,7.797788226238112e-08,0.8807764699999998,0.99996339,0.8807970779778824,2.3701337539871643,1.0561520268257323,1.1102230246251565e-16,-1.1352919240224247e-16,7.0,0.0,1.0,0.8888888888888888,1.9199737596066013,4.4965786901270775e-05,0.08234146341463415
Pcre_k10,8,7.797788226238112e-08,0.8807574299999998,0.9999329800000001,0.8807970779778824,2.8830004877245137,1.1642845567287408,1.1102230246251565e-16,-1.678277455496237e-16,7.0,0.0,1.0,0.7777777777777778,3.532723142868223,3.610108303249098e-05,0.09017132551848513
Pcre_k10,9,7.797788226238112e-08,0.8807872549999999,0.9999779624999999,0.8807970779778824,3.4017649239146253,0.81063345265625,1.1102230246251565e-16,4.930468728565304e-17,7.0,0.0,1.0,0.75,2.6769455757766405,3.778866340097971e-05,0.07252440725244073
Pcre_k10,10,7.797788226238112e-08,0.8807449299999999,0.999905375,0.8807970779778824,2.780568182787956,0.6857483696418993,1.1102230246251565e-16,4.662704940283223e-16,7.0,0.0,1.0,0.875,0.28505581736993735,3.7466547725245317e-05,0.07330960854092526
Pcre_k10,11,7.797788226238112e-08,0.8807481999999999,0.9999067775,0.8807970779778824,2.1134990639753637,0.9043419991905675,1.1102230246251565e-16,2.553529409545543e-16,7.0,0.0,1.0,0.7777777777777778,2.492529649963755,5.0505050505050505e-05,0.08381430363864492
Pcre_k10,12,7.797788226238112e-08,0.880757955,0.999929685,0.8807970779778824,2.2261690753750196,1.0761844006952082,1.1102230246251565e-16,-2.269583774488379e-17,7.0,0.0,1.0,0.8,0.024599962340043913,4.726100966702471e-05,0.08403001071811361
Pcre_k10,13,7.797788226238112e-08,0.88079224,0.9999923975,0.8807970779778824,2.5884847829962494,0.8463465780862957,1.1102230246251565e-16,-1.0782855982065865e-15,7.0,0.0,1.0,0.875,0.34270172313061353,4.440333024976873e-05,0.07822878228782287
Pcre_k10,14,7.797788226238112e-08,0.8807592099999999,0.9999281825,0.8807970779778824,3.7096301164598016,1.459548531839808,1.1102230246251565e-16,0.0,7.0,0.0,1.0,0.9,0.6679551754113451,2.9336734693877552e-05,0.0719643992371265
Pcre_k10,15,7.797788226238112e-08,0.88075445,0.9999205800000002,0.8807970779778824,2.317512191878025,0.9983295320408779,1.1102230246251565e-16,4.982121624863485e-16,7.0,0.0,1.0,0.75,1.5884817296277114,4.838709677419355e-05,0.06465863453815261
Pcre_k10,16,7.797788226238112e-08,0.8807732,0.9999619875000001,0.8807970779778824,4.198890914916513,1.1390951488102259,1.1102230246251565e-16,7.797227655897046e-18,7.0,0.0,1.0,0.875,1.0776286200419842,2.8184281842818428e-05,0.07969680563075257
Pcre_k10,17,7.797788226238112e-08,0.8807677749999999,0.9999347574999998,0.8807970779778824,3.3414919987217018,1.396139987205748,1.1102230246251565e-16,2.0357349328048097e-16,7.0,0.0,1.0,0.8888888888888888,3.022211092870008,3.245942571785269e-05,0.06633416458852869
Pcre_k10,18,7.797788226238112e-08,0.8808010975,0.9999879724999999,0.8807970779778824,2.790300338836252,1.620605140093972,1.1102230246251565e-16,1.4249392613221144e-16,7.0,0.0,1.0,0.875,4.300657508358042,3.763900769888794e-05,0.07794871794871795
Pcre_k10,19,7.797788226238112e-08,0.8807732,0.9999619900000001,0.8807970779778824,2.905384358135609,1.1621803175915206,1.1102230246251565e-16,4.5854076493436153e-17,7.0,0.0,1.0,0.8888888888888888,1.9277300924940235,3.885291396854764e-05,0.09824561403508772
Pcre_k10,20,7.797788226238112e-08,0.880819775,0.99998628,0.8807970779778824,1.654311139815172,1.1548647538981238,1.1102230246251565e-16,1.5381514011959806e-17,7.0,0.0,1.0,0.8333333333333334,0.46096562946092257,7.961783439490445e-05,0.09587301587301587
Pcre_k10,21,7.797788226238112e-08,0.8807637549999998,0.9999298225000001,0.8807970779778824,2.5411710286614557,1.2669479015337226,1.1102230246251565e-16,-7.010378395393588e-17,7.0,0.0,1.0,0.8,3.1269828627529286,4.395604395604396e-05,0.08591408591408592
Pcre_k10,22,7.797788226238112e-08,0.8807969374999999,0.9999589375,0.8807970779778824,2.461977433375934,1.2399708906535996,1.1102230246251565e-16,1.8981677956687277e-16,7.0,0.0,1.0,0.75,0.009067152833056369,4.38512869399428e-05,0.08015194681861348
Pcre_k10,23,7.797788226238112e-08,0.880763455,0.9999399500000001,0.8807970779778824,2.228646219231277,0.9858767246553599,1.1102230246251565e-16,4.481987988460521e-16,7.0,0.0,1.0,0.8333333333333334,1.4284564295631996,3.717472118959108e-05,0.0900990099009901
Pcre_k10,24,7.797788226238112e-08,0.88078599,0.9999785950000001,0.8807970779778824,2.0003247660930197,0.8565431125311096,1.1102230246251565e-16,2.281254142090024e-16,7.0,0.0,1.0,0.8,1.6544690688621562,4.722550177095632e-05,0.07971698113207547
Pcre_k10,25,7.797788226238112e-08,0.8807779600000001,0.9999695900000001,0.8807970779778824,1.79201099122306,1.3418978258927017,1.1102230246251565e-16,1.1913881404470356e-16,7.0,0.0,1.0,0.8888888888888888,2.375457858917114,6.312769010043041e-05,0.09914040114613179
Pcre_k10,26,7.797788226238112e-08,0.88076219,0.9999405825,0.8807970779778824,1.6738668982450366,0.9120504016995951,1.1102230246251565e-16,2.434565069115192e-16,7.0,0.0,1.0,0.8571428571428572,3.188922573944437,7.385524372230429e-05,0.0920353982300885
Pcre_k10,27,7.797788226238112e-08,0.880797,1.0,0.8807970779778824,1.2937418634571827,1.1110154484481682,1.1102230246251565e-16,7.994294057213202e-18,7.0,0.0,1.0,0.8571428571428572,1.3701993444489644,6.818181818181817e-05,0.11337868480725623
Pcre_k10,28,7.797788226238112e-08,0.8807825724999999,0.9999533975,0.8807970779778824,2.659294873566145,0.8430386993054001,1.1102230246251565e-16,-9.21851058412772e-17,7.0,0.0,1.0,0.8888888888888888,0.8706907489933635,3.552397868561279e-05,0.07221238938053097
Pcre_k10,29,7.797788226238112e-08,0.8807887449999998,0.9999841625000001,0.8807970779778824,3.07113864457848,1.574884662362966,1.1102230246251565e-16,3.665766685027419e-16,7.0,0.0,1.0,0.8571428571428572,2.89411773702525,4.147465437788019e-05,0.07551803530314659
Pcre_k10,30,7.797788226238112e-08,0.88076844,0.9999543850000001,0.8807970779778824,2.223784232701269,0.9631636242329313,1.1102230246251565e-16,7.377175776607845e-17,7.0,0.0,1.0,0.9166666666666666,1.2509881317254976,6.146572104018913e-05,0.09071680376028203
Pcre_k10,31,7.797788226238112e-08,0.8808175599999999,0.9999217275000001,0.8807970779778824,1.9426331345565808,1.2391831487910634,1.1102230246251565e-16,-3.655399885714864e-16,7.0,0.0,1.0,0.7142857142857143,3.8675772543150377,7.843137254901961e-05,0.11176470588235295
Pcre_k10,32,7.797788226238112e-08,0.8807812299999999,0.9999709925000001,0.8807970779778824,3.1831967605866573,1.0705083348298403,1.1102230246251565e-16,-1.3274866017237366e-16,7.0,0.0,1.0,0.9,2.6024692990087503,4.6586345381526104e-05,0.08760991207034373
Pcre_k10,33,7.797788226238112e-08,0.8807743299999999,0.9998795325000001,0.8807970779778824,1.946501372950936,1.2034325456028416,1.1102230246251565e-16,-2.2141126802961917e-17,7.0,0.0,1.0,0.875,2.038261134576863,4.938271604938271e-05,0.09738058551617873
Pcre_k10,34,7.797788226238112e-08,0.88078272,0.9999771925000001,0.8807970779778824,3.7424706437464845,1.5524193263329387,1.1102230246251565e-16,-3.2039018491670066e-16,7.0,0.0,1.0,0.6666666666666667,3.0418393083573143,4.993252361673414e-05,0.08421052631578947
Pcre_k10,35,7.797788226238112e-08,0.8807574299999998,0.9999329800000001,0.8807970779778824,1.9027565669560238,1.054220489531999,1.1102230246251565e-16,-1.6849955555206765e-17,7.0,0.0,1.0,0.9,1.0884963305976028,5.296343001261034e-05,0.08070175438596491
Pcre_k10,36,7.797788226238112e-08,0.8807659849999999,0.999938685,0.8807970779778824,2.0545173193645714,1.0615566362448652,1.1102230246251565e-16,-6.693403926836759e-17,7.0,0.0,1.0,0.8571428571428572,3.038320804698158,6.865671641791044e-05,0.10253353204172876
Pcre_k10,37,7.797788226238112e-08,0.88076695,0.999948185,0.8807970779778824,3.7595284125435957,1.1569295704585232,1.1102230246251565e-16,1.8424874441021311e-16,7.0,0.0,1.0,0.875,0.7878183555980041,3.282994090610637e-05,0.07947540983606557
Pcre_k10,38,7.797788226238112e-08,0.88078599,0.9999785950000001,0.8807970779778824,2.3315147873068036,1.658756916812213,1.1102230246251565e-16,1.7134342676939454e-16,7.0,0.0,1.0,0.8571428571428572,1.7578403161243155,3.9100684261974585e-05,0.07517039922103214
Pcre_k10,39,7.797788226238112e-08,0.8807559399999999,0.9999267800000001,0.8807970779778824,2.634008617652023,1.0005604207999053,1.1102230246251565e-16,-4.4384047241748015e-17,7.0,0.0,1.0,0.875,1.7957137334697717,4.226705091258405e-05,0.08897411313518697
MS_k10,0,2.3475994515020915e-07,0.7993983975000001,0.9999602625,0.8807970779778824,1.0663631029752145,0.7317708053526357,1.1102230246251565e-16,5.4618233734051887e-17,7.0,0.0,1.0,0.75,0.9662354301047252,6.483790523690773e-05,0.08436724565756824
MS_k10,1,2.3475994515020915e-07,0.7994090075000002,0.9999800600000001,0.8807970779778824,2.705302412083757,1.3393806300754534,1.1102230246251565e-16,1.9893786719539687e-17,7.0,0.0,1.0,0.8333333333333334,0.8150205648867122,2.8070175438596492e-05,0.06859142607174104
MS_k10,2,2.3475994515020915e-07,0.7994121325000001,0.999986755,0.8807970779778824,2.558034457349227,0.9581329149952362,1.1102230246251565e-16,-4.6349436795235304e-17,7.0,0.0,1.0,0.8571428571428572,3.117602254028978,3.6529680365296805e-05,0.08272727272727272
MS_k10,3,2.3475994515020915e-07,0.7993884050000001,0.9999403225000001,0.8807970779778824,1.8881478889896686,0.9132348784297137,1.1102230246251565e-16,3.403970372108046e-16,7.0,0.0,1.0,0.875,3.5320171554539215,6.584362139917696e-05,0.0789041095890411
MS_k10,4,2.3475994515020915e-07,0.7994121325000001,0.999986755,0.8807970779778824,2.249132119089351,1.2648402690099732,1.1102230246251565e-16,0.0,7.0,0.0,1.0,0.5714285714285714,1.9028719631172324,4.314994606256743e-05,0.07578040904198062
MS_k10,5,2.3475994515020915e-07,0.7994090075000002,0.9999800600000001,0.8807970779778824,2.3618002377367797,0.8571457390631464,1.1102230246251565e-16,9.32584205112899e-17,7.0,0.0,1.0,0.8333333333333334,0.43856706851689453,4.313725490196078e-05,0.08962818003913894
MS_k10,6,2.3475994515020915e-07,0.7993990150000002,0.9999601200000001,0.8807970779778824,3.106944899545448,1.0218427451470367,1.1102230246251565e-16,-5.345536098482335e-16,7.0,0.0,1.0,0.9090909090909091,0.046454629717985085,3.836094158674804e-05,0.08591304347826087
MS_k10,7,2.3475994515020915e-07,0.7994052650000001,0.9999735100000001,0.8807970779778824,3.8253523159259224,0.7541995541792889,1.1102230246251565e-16,3.8862244995621624e-16,7.0,0.0,1.0,0.8,0.9426246887283178,2.7428571428571428e-05,0.07316239316239316
MS_k10,8,2.3475994515020915e-07,0.7994190000000002,1.0,0.8807970779778824,3.7296003000255826,1.4664428553990554,1.1102230246251565e-16,1.817005858285075e-16,7.0,0.0,1.0,0.8333333333333334,2.0244433679271374,4.218852999340804e-05,0.0758893280632411
MS_k10,9,2.3475994515020915e-07,0.7993869175,0.9999325775,0.8807970779778824,2.6658029046832628,0.8889355302299924,1.1102230246251565e-16,-4.3962524995141625e-16,7.0,0.0,1.0,0.875,0.3775289893127054,3.405017921146954e-05,0.07613941018766757
MS_k10,10,2.3475994515020915e-07,0.7994021400000002,0.999966815,0.8807970779778824,2.8535255750770343,1.1945308861897037,1.1102230246251565e-16,2.2677891475257965e-16,7.0,0.0,1.0,0.8,1.2617145374557643,4.473438956197577e-05,0.0881860465116279
MS_k10,11,2.3475994515020915e-07,0.7994021400000002,0.999966815,0.8807970779778824,2.764238687144237,1.3311411451282638,1.1102230246251565e-16,-4.3370004369405425e-17,7.0,0.0,1.0,0.875,0.5942703320262037,3.4296028880866426e-05,0.07560756075607561
MS_k10,12,2.3475994515020915e-07,0.7994219575000002,0.9999804575,0.8807970779778824,1.319904129008127,0.6581136613263275,1.1102230246251565e-16,-1.092318015395726e-16,7.0,0.0,1.0,0.75,0.8231374979481976,6.857142857142858e-05,0.08212927756653993
MS_k10,13,2.3475994515020915e-07,0.7994132850000001,0.9999420225,0.8807970779778824,3.272513010008373,1.4984735971012857,1.1102230246251565e-16,0.0,7.0,0.0,1.0,0.8333333333333334,0.5521457357816331,2.9808374733853797e-05,0.0830028328611898
MS_k10,14,2.3475994515020915e-07,0.7993815375000003,0.9999270775,0.8807970779778824,2.6779196593115215,1.7162726169185571,1.1102230246251565e-16,-5.175042769689964e-18,7.0,0.0,1.0,0.8571428571428572,2.8475642425402805,5.325987144168962e-05,0.08733944954128439
MS_k10,15,2.3475994515020915e-07,0.79936217,0.9998870550000001,0.8807970779778824,3.7919435665362986,1.2969673901747074,1.1102230246251565e-16,9.587363545144161e-17,7.0,0.0,1.0,0.7142857142857143,1.6049270420244084,3.522012578616352e-05,0.08015075376884423
MS_k10,16,2.3475994515020915e-07,0.7993446925000001,0.9998540149999999,0.8807970779778824,1.3345932916294978,1.0585325051654164,1.1102230246251565e-16,9.2297237628755e-17,7.0,0.0,1.0,0.8,1.6740591417430277,6.772009029345373e-05,0.1081081081081081
MS_k10,17,2.3475994515020915e-07,0.7994121325000001,0.999986755,0.8807970779778824,2.01182484360625,1.0353291223140806,1.1102230246251565e-16,-1.715741208389741e-16,7.0,0.0,1.0,0.875,0.9821122959038315,4.2875157629255994e-05,0.08352201257861636
MS_k10,18,2.3475994515020915e-07,0.7993784125000001,0.999920385,0.8807970779778824,3.9613275930882947,1.3384418754551703,1.1102230246251565e-16,5.3087306127392534e-17,7.0,0.0,1.0,0.9,4.758453818008438,4.0840140023337226e-05,0.07743440233236153
MS_k10,19,2.3475994515020915e-07,0.7993340825000002,0.9998342175,0.8807970779778824,2.753161680150107,1.1609327978310298,1.1102230246251565e-16,1.9126396061845884e-16,7.0,0.0,1.0,0.9,3.2440474506260215,4.038630377524144e-05,0.0820333041191937
MS_k10,20,2.3475994515020915e-07,0.7994021400000002,0.9999668125,0.8807970779778824,1.6471619031843558,1.22517047481683,1.1102230246251565e-16,-2.899770890521706e-17,7.0,0.0,1.0,0.0,0.0,5.900621118012423e-05,0.07826086956521738
MS_k10,21,2.3475994515020915e-07,0.7993915300000001,0.9999470175,0.8807970779778824,4.180077441224881,1.6450801422683823,1.1102230246251565e-16,-3.45535864182442e-16,7.0,0.0,1.0,0.9333333333333333,2.7034532608479775,3.801348865726548e-05,0.0761904761904762
MS_k10,22,2.3475994515020915e-07,0.7993983975000001,0.9999602625,0.8807970779778824,3.8328519861866983,1.0383559178971393,1.1102230246251565e-16,-3.357326940826786e-16,7.0,0.0,1.0,0.8,0.6226367798985657,3.313452617627568e-05,0.08248512888301388
MS_k10,23,2.3475994515020915e-07,0.7994190000000002,1.0,0.8807970779778824,3.196994199316375,1.807720585195054,1.1102230246251565e-16,-1.8670352168923848e-16,7.0,0.0,1.0,0.8571428571428572,2.820554832064663,4.8892284186401834e-05,0.07969465648854962
MS_k10,24,2.3475994515020915e-07,0.7993983975000001,0.999960265,0.8807970779778824,2.6593220056940505,1.6279737891926482,1.1102230246251565e-16,2.946093787393967e-16,7.0,0.0,1.0,0.8571428571428572,0.15121697200382878,5.416248746238716e-05,0.09579158316633266
MS_k10,25,2.3475994515020915e-07,0.7993815375000001,0.99992708,0.8807970779778824,2.7560026924986665,0.9767628732927733,1.1102230246251565e-16,2.1823395069208062e-16,7.0,0.0,1.0,0.875,2.4973712757763114,3.8948393378773126e-05,0.08737864077669903
MS_k10,26,2.3475994515020915e-07,0.7994121325000001,0.999986755,0.8807970779778824,2.1344446867636577,1.9775960802102515,1.1102230246251565e-16,-8.982404734597746e-18,7.0,0.0,1.0,0.6666666666666667,1.2338730966882376,5.189189189189189e-05,0.0774054054054054
MS_k10,27,2.3475994515020915e-07,0.7994052650000001,0.9999735100000001,0.8807970779778824,2.264640756018444,0.9790123429649105,1.1102230246251565e-16,-6.860842304235323e-17,7.0,0.0,1.0,0.8571428571428572,0.5259989603625628,3.940886699507389e-05,0.07544204322200393
MS_k10,28,2.3475994515020915e-07,0.7994037775000002,0.999965765,0.8807970779778824,3.1167766219588042,1.190573278033425,1.1102230246251565e-16,3.8046460676093464e-16,7.0,0.0,1.0,0.8888888888888888,0.20673654469168623,4.2448979591836735e-05,0.08110749185667752
MS_k10,29,2.3475994515020915e-07,0.7994052650000001,0.9999735100000001,0.8807970779778824,2.7249902894739093,0.9834161019026376,1.1102230246251565e-16,2.5288375595527564e-16,7.0,0.0,1.0,0.7,3.437382041245837,3.913894324853229e-05,0.08140214216163583
MS_k10,30,2.3475994515020915e-07,0.7994052650000001,0.9999735100000001,0.8807970779778824,3.330170788944076,1.3978667400013056,1.1102230246251565e-16,-4.630341396890678e-16,7.0,0.0,1.0,0.9090909090909091,1.4579013516803925,3.639120545868082e-05,0.08744326777609682
MS_k10,31,2.3475994515020915e-07,0.7994121325000001,0.999986755,0.8807970779778824,2.633991393282761,1.4264091805640684,1.1102230246251565e-16,-8.71734285311076e-17,7.0,0.0,1.0,0.875,1.1496699801656503,5.272727272727273e-05,0.0823956442831216
MS_k10,32,2.3475994515020915e-07,0.7994052650000001,0.9999735100000001,0.8807970779778824,2.757589933638765,0.9806655832159211,1.1102230246251565e-16,1.3585340939377615e-16,7.0,0.0,1.0,0.875,2.6351449544142427,4.601769911504425e-05,0.0717948717948718
MS_k10,33,2.3475994515020915e-07,0.79936406,0.9998940350000001,0.8807970779778824,3.1479340115093186,1.624360337733072,1.1102230246251565e-16,1.0935731426927735e-16,7.0,0.0,1.0,0.75,0.05063845548133905,3.4423407917383816e-05,0.0831615120274914
MS_k10,34,2.3475994515020915e-07,0.7994086900000003,0.999962615,0.8807970779778824,1.8392236145601861,0.8006671562865032,1.1102230246251565e-16,-3.0505693096037867e-16,7.0,0.0,1.0,0.9,0.1933155673428142,4.855842185128983e-05,0.09607250755287008
MS_k10,35,2.3475994515020915e-07,0.7994052650000001,0.9999735100000001,0.8807970779778824,3.380729989691713,1.2995619913481824,1.1102230246251565e-16,8.20133330103369e-17,7.0,0.0,1.0,0.9,2.27030502949483,3.741935483870968e-05,0.07495170637475854
MS_k10,36,2.3475994515020915e-07,0.7993863000000002,0.9999327225000001,0.8807970779778824,2.4134260574648905,0.8886759911811927,1.1102230246251565e-16,-1.5991041567707374e-16,7.0,0.0,1.0,0.9,0.8731374118781723,4.065040650406504e-05,0.11282051282051281
MS_k10,37,2.3475994515020915e-07,0.7994121325000001,0.999986755,0.8807970779778824,2.0578621743104586,1.4028316378872439,1.1102230246251565e-16,-1.6461447181917198e-16,7.0,0.0,1.0,0.8888888888888888,2.1518483289093555,4.48642266824085e-05,0.08836662749706228
MS_k10,38,2.3475994515020915e-07,0.7993846625000001,0.9999337725,0.8807970779778824,3.3727398971133002,1.0823979482648929,1.1102230246251565e-16,-6.051670603948134e-16,7.0,0.0,1.0,0.8888888888888888,0.01722176029092548,4.302788844621514e-05,0.08966613672496025
MS_k10,39,2.3475994515020915e-07,0.7994190000000002,1.0,0.8807970779778824,2.598165525653893,1.1552789116916025,1.1102230246251565e-16,2.1141999818891863e-16,7.0,0.0,1.0,0.8333333333333334,0.7601449332430739,3.1336405529953916e-05,0.07352941176470588
