pair,D,r,m,S,p_cons
human-chimp,0.012,15,0.0,0.0,0.9763045952516818
human-chimp,0.012,15,0.0,0.05,0.9768856615900212
human-chimp,0.012,15,0.0,0.1,0.9774572941832553
human-chimp,0.012,15,0.0,0.15000000000000002,0.9780194834204468
human-chimp,0.012,15,0.0,0.2,0.978572224866694
human-chimp,0.012,15,0.0,0.25,0.9791155192549494
human-chimp,0.012,15,0.0,0.30000000000000004,0.9796493724684061
human-chimp,0.012,15,0.0,0.35000000000000003,0.9801737955135332
human-chimp,0.012,15,0.0,0.4,0.9806888044838717
human-chimp,0.012,15,0.0,0.45,0.9811944205147336
human-chimp,0.012,15,0.0,0.5,0.9816906697289818
human-chimp,0.012,15,0.0,0.55,0.982177583174096
human-chimp,0.012,15,0.0,0.6000000000000001,0.9826551967507603
human-chimp,0.012,15,0.0,0.65,0.9831235511332354
human-chimp,0.012,15,0.0,0.7000000000000001,0.983582691681806
human-chimp,0.012,15,0.0,0.75,0.9840326683476175
human-chimp,0.012,15,0.0,0.8,0.9844735355702381
human-chimp,0.012,15,0.0,0.8500000000000001,0.9849053521683071
human-chimp,0.012,15,0.0,0.9,0.9853281812236437
human-chimp,0.012,15,0.0,0.9500000000000001,0.9857420899592163
human-chimp,0.012,15,0.0,1.0,0.9861471496113733
human-chimp,0.012,15,0.0,1.05,0.9865434352967679
human-chimp,0.012,15,0.0,1.1,0.986931025874402
human-chimp,0.012,15,0.0,1.1500000000000001,0.9873100038032344
human-chimp,0.012,15,0.0,1.2000000000000002,0.9876804549958023
human-chimp,0.012,15,0.0,1.25,0.9880424686683043
human-chimp,0.012,15,0.0,1.3,0.9883961371876039
human-chimp,0.012,15,0.0,1.35,0.988741555915604
human-chimp,0.012,15,0.0,1.4000000000000001,0.9890788230514468
human-chimp,0.012,15,0.0,1.4500000000000002,0.9894080394719866
human-chimp,0.012,15,0.0,1.5,0.9897293085709788
human-chimp,0.012,15,0.0,1.55,0.9900427360974181
human-chimp,0.012,15,0.0,1.6,0.9903484299934544
human-chimp,0.012,15,0.0,1.6500000000000001,0.9906465002322993
human-chimp,0.012,15,0.0,1.7000000000000002,0.9909370586565267
human-chimp,0.012,15,0.0,1.75,0.9912202188171566
human-chimp,0.012,15,0.0,1.8,0.9914960958138952
human-chimp,0.012,15,0.0,1.85,0.9917648061368923
human-chimp,0.012,15,0.0,1.9000000000000001,0.9920264675103563
human-chimp,0.012,15,0.0,1.9500000000000002,0.9922811987383483
human-chimp,0.012,15,0.0,2.0,0.9925291195530676
human-chimp,0.012,15,0.0,2.0500000000000003,0.9927703504659069
human-chimp,0.012,15,0.0,2.1,0.9930050126215525
human-chimp,0.012,15,0.0,2.15,0.9932332276553718
human-chimp,0.012,15,0.0,2.2,0.9934551175543189
human-chimp,0.012,15,0.0,2.25,0.993670804521565
human-chimp,0.012,15,0.0,2.3000000000000003,0.9938804108450418
human-chimp,0.012,15,0.0,2.35,0.9940840587700654
human-chimp,0.012,15,0.0,2.4000000000000004,0.9942818703761916
human-chimp,0.012,15,0.0,2.45,0.9944739674584266
human-chimp,0.012,15,0.0,2.5,0.9946604714129095
human-chimp,0.012,15,0.0,2.5500000000000003,0.994841503127151
human-chimp,0.012,15,0.0,2.6,0.9950171828749101
human-chimp,0.012,15,0.0,2.6500000000000004,0.9951876302157567
human-chimp,0.012,15,0.0,2.7,0.9953529638993632
human-chimp,0.012,15,0.0,2.75,0.9955133017745513
human-chimp,0.012,15,0.0,2.8000000000000003,0.9956687607030945
human-chimp,0.012,15,0.0,2.85,0.995819456478276
human-chimp,0.012,15,0.0,2.9000000000000004,0.9959655037481774
human-chimp,0.012,15,0.0,2.95,0.9961070159436675
human-chimp,0.012,15,0.0,3.0,0.9962441052110413
human-chimp,0.012,15,0.0,3.0500000000000003,0.9963768823492569
human-chimp,0.012,15,0.0,3.1,0.9965054567516971
human-chimp,0.012,15,0.0,3.1500000000000004,0.9966299363523834
human-chimp,0.012,15,0.0,3.2,0.9967504275765512
human-chimp,0.012,15,0.0,3.25,0.9968670352954951
human-chimp,0.012,15,0.0,3.3000000000000003,0.9969798627855816
human-chimp,0.012,15,0.0,3.35,0.9970890116913191
human-chimp,0.012,15,0.0,3.4000000000000004,0.9971945819923749
human-chimp,0.012,15,0.0,3.45,0.9972966719744161
human-chimp,0.012,15,0.0,3.5,0.9973953782036549
human-chimp,0.012,15,0.0,3.5500000000000003,0.997490795504969
human-chimp,0.012,15,0.0,3.6,0.9975830169434696
human-chimp,0.012,15,0.0,3.6500000000000004,0.9976721338093815
human-chimp,0.012,15,0.0,3.7,0.997758235606107
human-chimp,0.012,15,0.0,3.75,0.9978414100413335
human-chimp,0.012,15,0.0,3.8000000000000003,0.997921743021054
human-chimp,0.012,15,0.0,3.85,0.9979993186463606
human-chimp,0.012,15,0.0,3.9000000000000004,0.9980742192128809
human-chimp,0.012,15,0.0,3.95,0.9981465252127186
human-chimp,0.012,15,0.0,4.0,0.9982163153387684
human-chimp,0.012,15,0.5,0.0,0.9231770011680508
human-chimp,0.012,15,0.5,0.05,0.9250097322749493
human-chimp,0.012,15,0.5,0.1,0.9268151918659364
human-chimp,0.012,15,0.5,0.15000000000000002,0.9285932294698918
human-chimp,0.012,15,0.5,0.2,0.9303437126850971
human-chimp,0.012,15,0.5,0.25,0.9320665272736951
human-chimp,0.012,15,0.5,0.30000000000000004,0.9337615772205842
human-chimp,0.012,15,0.5,0.35000000000000003,0.9354287847567209
human-chimp,0.012,15,0.5,0.4,0.9370680903469373
human-chimp,0.012,15,0.5,0.45,0.9386794526425125
human-chimp,0.012,15,0.5,0.5,0.940262848398867
human-chimp,0.012,15,0.5,0.55,0.9418182723588775
human-chimp,0.012,15,0.5,0.6000000000000001,0.9433457371024356
human-chimp,0.012,15,0.5,0.65,0.9448452728629892
human-chimp,0.012,15,0.5,0.7000000000000001,0.9463169273119266
human-chimp,0.012,15,0.5,0.75,0.9477607653117666
human-chimp,0.012,15,0.5,0.8,0.9491768686392233
human-chimp,0.012,15,0.5,0.8500000000000001,0.9505653356793158
human-chimp,0.012,15,0.5,0.9,0.9519262810917705
human-chimp,0.012,15,0.5,0.9500000000000001,0.9532598354510602
human-chimp,0.012,15,0.5,1.0,0.9545661448614844
human-chimp,0.012,15,0.5,1.05,0.9558453705487707
human-chimp,0.012,15,0.5,1.1,0.9570976884297295
human-chimp,0.012,15,0.5,1.1500000000000001,0.9583232886615453
human-chimp,0.012,15,0.5,1.2000000000000002,0.9595223751723251
human-chimp,0.012,15,0.5,1.25,0.9606951651745621
human-chimp,0.012,15,0.5,1.3,0.9618418886631873
human-chimp,0.012,15,0.5,1.35,0.9629627878999053
human-chimp,0.012,15,0.5,1.4000000000000001,0.96405811688551
human-chimp,0.012,15,0.5,1.4500000000000002,0.9651281408218781
human-chimp,0.012,15,0.5,1.5,0.9661731355653284
human-chimp,0.012,15,0.5,1.55,0.9671933870730153
human-chimp,0.012,15,0.5,1.6,0.9681891908440055
human-chimp,0.012,15,0.5,1.6500000000000001,0.9691608513566522
human-chimp,0.012,15,0.5,1.7000000000000002,0.9701086815038449
human-chimp,0.012,15,0.5,1.75,0.971033002027673
human-chimp,0.012,15,0.5,1.8,0.9719341409549878
human-chimp,0.012,15,0.5,1.85,0.9728124330352994
human-chimp,0.012,15,0.5,1.9000000000000001,0.9736682191823852
human-chimp,0.012,15,0.5,1.9500000000000002,0.9745018459209239
human-chimp,0.012,15,0.5,2.0,0.9753136648394071
human-chimp,0.012,15,0.5,2.0500000000000003,0.9761040320505111
human-chimp,0.012,15,0.5,2.1,0.9768733076600411
human-chimp,0.012,15,0.5,2.15,0.977621855245488
human-chimp,0.012,15,0.5,2.2,0.9783500413451683
human-chimp,0.012,15,0.5,2.25,0.9790582349588361
human-chimp,0.012,15,0.5,2.3000000000000003,0.9797468070605879
human-chimp,0.012,15,0.5,2.35,0.9804161301248029
human-chimp,0.012,15,0.5,2.4000000000000004,0.9810665776657892
human-chimp,0.012,15,0.5,2.45,0.9816985237917274
human-chimp,0.012,15,0.5,2.5,0.9823123427734376
human-chimp,0.012,15,0.5,2.5500000000000003,0.9829084086284179
human-chimp,0.012,15,0.5,2.6,0.9834870947205379
human-chimp,0.012,15,0.5,2.6500000000000004,0.984048773375697
human-chimp,0.012,15,0.5,2.7,0.9845938155136995
human-chimp,0.012,15,0.5,2.75,0.9851225902965264
human-chimp,0.012,15,0.5,2.8000000000000003,0.9856354647931327
human-chimp,0.012,15,0.5,2.85,0.9861328036608313
human-chimp,0.012,15,0.5,2.9000000000000004,0.9866149688432775
human-chimp,0.012,15,0.5,2.95,0.987082319285012
human-chimp,0.012,15,0.5,3.0,0.9875352106624724
human-chimp,0.012,15,0.5,3.0500000000000003,0.9879739951313369
human-chimp,0.012,15,0.5,3.1,0.9883990210900213
human-chimp,0.012,15,0.5,3.1500000000000004,0.9888106329591109
human-chimp,0.012,15,0.5,3.2,0.9892091709764714
human-chimp,0.012,15,0.5,3.25,0.989594971007753
human-chimp,0.012,15,0.5,3.3000000000000003,0.989968364371965
human-chimp,0.012,15,0.5,3.35,0.9903296776817768
human-chimp,0.012,15,0.5,3.4000000000000004,0.9906792326981773
human-chimp,0.012,15,0.5,3.45,0.9910173461990943
human-chimp,0.012,15,0.5,3.5,0.9913443298615698
human-chimp,0.012,15,0.5,3.5500000000000003,0.99166049015706
human-chimp,0.012,15,0.5,3.6,0.9919661282594222
human-chimp,0.012,15,0.5,3.6500000000000004,0.9922615399651346
human-chimp,0.012,15,0.5,3.7,0.9925470156252914
human-chimp,0.012,15,0.5,3.75,0.9928228400889048
human-chimp,0.012,15,0.5,3.8000000000000003,0.993089292657044
human-chimp,0.012,15,0.5,3.85,0.9933466470473357
human-chimp,0.012,15,0.5,3.9000000000000004,0.9935951713683535
human-chimp,0.012,15,0.5,3.95,0.9938351281034228
human-chimp,0.012,15,0.5,4.0,0.9940667741033683
human-chimp,0.012,15,1.0,0.0,0.8729420009089907
human-chimp,0.012,15,1.0,0.05,0.8758901022275123
human-chimp,0.012,15,1.0,0.1,0.8787983350162265
human-chimp,0.012,15,1.0,0.15000000000000002,0.8816662742550158
human-chimp,0.012,15,1.0,0.2,0.8844935257742316
human-chimp,0.012,15,1.0,0.25,0.8872797266400358
human-chimp,0.012,15,1.0,0.30000000000000004,0.8900245454740975
human-chimp,0.012,15,1.0,0.35000000000000003,0.8927276827069781
human-chimp,0.012,15,1.0,0.4,0.8953888707648069
human-chimp,0.012,15,1.0,0.45,0.8980078741891053
human-chimp,0.012,15,1.0,0.5,0.9005844896898925
human-chimp,0.012,15,1.0,0.55,0.903118546132457
human-chimp,0.012,15,1.0,0.6000000000000001,0.9056099044584415
human-chimp,0.012,15,1.0,0.65,0.9080584575421369
human-chimp,0.012,15,1.0,0.7000000000000001,0.910464129983123
human-chimp,0.012,15,1.0,0.75,0.9128268778366297
human-chimp,0.012,15,1.0,0.8,0.9151466882832155
human-chimp,0.012,15,1.0,0.8500000000000001,0.9174235792395703
human-chimp,0.012,15,1.0,0.9,0.9196575989124537
human-chimp,0.012,15,1.0,0.9500000000000001,0.9218488252979593
human-chimp,0.012,15,1.0,1.0,0.9239973656284738
human-chimp,0.012,15,1.0,1.05,0.9261033557698499
human-chimp,0.012,15,1.0,1.1,0.9281669595714562
human-chimp,0.012,15,1.0,1.1500000000000001,0.9301883681718888
human-chimp,0.012,15,1.0,1.2000000000000002,0.9321677992632369
human-chimp,0.012,15,1.0,1.25,0.9341054963168864
human-chimp,0.012,15,1.0,1.3,0.9360017277739162
human-chimp,0.012,15,1.0,1.35,0.9378567862032003
human-chimp,0.012,15,1.0,1.4000000000000001,0.9396709874303667
human-chimp,0.012,15,1.0,1.4500000000000002,0.9414446696407913
human-chimp,0.012,15,1.0,1.5,0.9431781924598037
human-chimp,0.012,15,1.0,1.55,0.944871936013284
human-chimp,0.012,15,1.0,1.6,0.9465262999717986
human-chimp,0.012,15,1.0,1.6500000000000001,0.9481417025813881
human-chimp,0.012,15,1.0,1.7000000000000002,0.9497185796840711
human-chimp,0.012,15,1.0,1.75,0.9512573837310607
human-chimp,0.012,15,1.0,1.8,0.9527585827916175
human-chimp,0.012,15,1.0,1.85,0.9542226595603768
human-chimp,0.012,15,1.0,1.9000000000000001,0.9556501103658904
human-chimp,0.012,15,1.0,1.9500000000000002,0.9570414441830204
human-chimp,0.012,15,1.0,2.0,0.9583971816517056
human-chimp,0.012,15,1.0,2.0500000000000003,0.9597178541045085
human-chimp,0.012,15,1.0,2.1,0.961004002605217
human-chimp,0.012,15,1.0,2.15,0.9622561770006525
human-chimp,0.012,15,1.0,2.2,0.9634749349876954
human-chimp,0.012,15,1.0,2.25,0.9646608411974064
human-chimp,0.012,15,1.0,2.3000000000000003,0.9658144662979793
human-chimp,0.012,15,1.0,2.35,0.9669363861181245
human-chimp,0.012,15,1.0,2.4000000000000004,0.9680271807923378
human-chimp,0.012,15,1.0,2.45,0.9690874339293708
human-chimp,0.012,15,1.0,2.5,0.9701177318050807
human-chimp,0.012,15,1.0,2.5500000000000003,0.9711186625806992
human-chimp,0.012,15,1.0,2.6,0.9720908155474275
human-chimp,0.012,15,1.0,2.6500000000000004,0.9730347803981276
human-chimp,0.012,15,1.0,2.7,0.9739511465267615
human-chimp,0.012,15,1.0,2.75,0.9748405023560971
human-chimp,0.012,15,1.0,2.8000000000000003,0.9757034346940868
human-chimp,0.012,15,1.0,2.85,0.9765405281192054
human-chimp,0.012,15,1.0,2.9000000000000004,0.9773523643949317
human-chimp,0.012,15,1.0,2.95,0.9781395219134454
human-chimp,0.012,15,1.0,3.0,0.9789025751685221
human-chimp,0.012,15,1.0,3.0500000000000003,0.9796420942575088
human-chimp,0.012,15,1.0,3.1,0.9803586444121832
human-chimp,0.012,15,1.0,3.1500000000000004,0.9810527855582124
human-chimp,0.012,15,1.0,3.2,0.9817250719028574
human-chimp,0.012,15,1.0,3.25,0.982376051550499
human-chimp,0.012,15,1.0,3.3000000000000003,0.9830062661454982
human-chimp,0.012,15,1.0,3.35,0.9836162505418447
human-chimp,0.012,15,1.0,3.4000000000000004,0.984206532499001
human-chimp,0.012,15,1.0,3.45,0.9847776324032997
human-chimp,0.012,15,1.0,3.5,0.9853300630142101
human-chimp,0.012,15,1.0,3.5500000000000003,0.9858643292347582
human-chimp,0.012,15,1.0,3.6,0.9863809279053548
human-chimp,0.012,15,1.0,3.6500000000000004,0.9868803476202535
human-chimp,0.012,15,1.0,3.7,0.9873630685658481
human-chimp,0.012,15,1.0,3.75,0.9878295623799971
human-chimp,0.012,15,1.0,3.8000000000000003,0.9882802920315541
human-chimp,0.012,15,1.0,3.85,0.9887157117192666
human-chimp,0.012,15,1.0,3.9000000000000004,0.9891362667892131
human-chimp,0.012,15,1.0,3.95,0.9895423936699332
human-chimp,0.012,15,1.0,4.0,0.9899345198244187
human-macaque,0.065,15,0.0,0.0,0.8786107682679171
human-macaque,0.065,15,0.0,0.05,0.8814463143866064
human-macaque,0.065,15,0.0,0.1,0.8842429226050443
human-macaque,0.065,15,0.0,0.15000000000000002,0.8870002018943027
human-macaque,0.065,15,0.0,0.2,0.8897177910620685
human-macaque,0.065,15,0.0,0.25,0.8923953590982314
human-macaque,0.065,15,0.0,0.30000000000000004,0.8950326054571562
human-macaque,0.065,15,0.0,0.35000000000000003,0.897629260276081
human-macaque,0.065,15,0.0,0.4,0.900185084529327
human-macaque,0.065,15,0.0,0.45,0.9026998701182671
human-macaque,0.065,15,0.0,0.5,0.9051734398972524
human-macaque,0.065,15,0.0,0.55,0.9076056476359414
human-macaque,0.065,15,0.0,0.6000000000000001,0.9099963779187311
human-macaque,0.065,15,0.0,0.65,0.912345545982217
human-macaque,0.065,15,0.0,0.7000000000000001,0.9146530974918516
human-macaque,0.065,15,0.0,0.75,0.9169190082591863
human-macaque,0.065,15,0.0,0.8,0.919143283901295
human-macaque,0.065,15,0.0,0.8500000000000001,0.921325959444184
human-macaque,0.065,15,0.0,0.9,0.9234670988721723
human-macaque,0.065,15,0.0,0.9500000000000001,0.9255667946254116
human-macaque,0.065,15,0.0,1.0,0.9276251670478671
human-macaque,0.065,15,0.0,1.05,0.9296423637882327
human-macaque,0.065,15,0.0,1.1,0.9316185591563835
human-macaque,0.065,15,0.0,1.1500000000000001,0.9335539534380785
human-macaque,0.065,15,0.0,1.2000000000000002,0.9354487721707347
human-macaque,0.065,15,0.0,1.25,0.9373032653831654
human-macaque,0.065,15,0.0,1.3,0.9391177068022503
human-macaque,0.065,15,0.0,1.35,0.9408923930295464
human-macaque,0.065,15,0.0,1.4000000000000001,0.9426276426908937
human-macaque,0.065,15,0.0,1.4500000000000002,0.9443237955620742
human-macaque,0.065,15,0.0,1.5,0.9459812116735941
human-macaque,0.065,15,0.0,1.55,0.9476002703976472
human-macaque,0.065,15,0.0,1.6,0.9491813695202838
human-macaque,0.065,15,0.0,1.6500000000000001,0.9507249243017772
human-macaque,0.065,15,0.0,1.7000000000000002,0.9522313665281219
human-macaque,0.065,15,0.0,1.75,0.9537011435565361
human-macaque,0.065,15,0.0,1.8,0.9551347173577627
human-macaque,0.065,15,0.0,1.85,0.9565325635578792
human-macaque,0.065,15,0.0,1.9000000000000001,0.9578951704822278
human-macaque,0.065,15,0.0,1.9500000000000002,0.9592230382039804
human-macaque,0.065,15,0.0,2.0,0.9605166775997325
human-macaque,0.065,15,0.0,2.0500000000000003,0.9617766094144116
human-macaque,0.065,15,0.0,2.1,0.9630033633376586
human-macaque,0.065,15,0.0,2.15,0.9641974770937113
human-macaque,0.065,15,0.0,2.2,0.9653594955466962
human-macaque,0.065,15,0.0,2.25,0.9664899698230915
human-macaque,0.065,15,0.0,2.3000000000000003,0.9675894564529979
human-macaque,0.065,15,0.0,2.35,0.9686585165317108
human-macaque,0.065,15,0.0,2.4000000000000004,0.9696977149029604
human-macaque,0.065,15,0.0,2.45,0.9707076193650384
human-macaque,0.065,15,0.0,2.5,0.971688799900909
human-macaque,0.065,15,0.0,2.5500000000000003,0.9726418279332616
human-macaque,0.065,15,0.0,2.6,0.9735672756053366
human-macaque,0.065,15,0.0,2.6500000000000004,0.9744657150882281
human-macaque,0.065,15,0.0,2.7,0.9753377179152471
human-macaque,0.065,15,0.0,2.75,0.9761838543438093
human-macaque,0.065,15,0.0,2.8000000000000003,0.9770046927451946
human-macaque,0.065,15,0.0,2.85,0.9778007990224253
human-macaque,0.065,15,0.0,2.9000000000000004,0.9785727360563932
human-macaque,0.065,15,0.0,2.95,0.9793210631802799
human-macaque,0.065,15,0.0,3.0,0.9800463356822127
human-macaque,0.065,15,0.0,3.0500000000000003,0.9807491043360144
human-macaque,0.065,15,0.0,3.1,0.981429914959824
human-macaque,0.065,15,0.0,3.1500000000000004,0.9820893080022874
human-macaque,0.065,15,0.0,3.2,0.982727818155948
human-macaque,0.065,15,0.0,3.25,0.9833459739974013
human-macaque,0.065,15,0.0,3.3000000000000003,0.9839442976537223
human-macaque,0.065,15,0.0,3.35,0.9845233044946141
human-macaque,0.065,15,0.0,3.4000000000000004,0.9850835028496863
human-macaque,0.065,15,0.0,3.45,0.9856253937502233
human-macaque,0.065,15,0.0,3.5,0.9861494706947668
human-macaque,0.065,15,0.0,3.5500000000000003,0.9866562194378063
human-macaque,0.065,15,0.0,3.6,0.9871461178008403
human-macaque,0.065,15,0.0,3.6500000000000004,0.98761963550505
human-macaque,0.065,15,0.0,3.7,0.9880772340248087
human-macaque,0.065,15,0.0,3.75,0.9885193664612324
human-macaque,0.065,15,0.0,3.8000000000000003,0.9889464774349722
human-macaque,0.065,15,0.0,3.85,0.9893590029974348
human-macaque,0.065,15,0.0,3.9000000000000004,0.9897573705596191
human-macaque,0.065,15,0.0,3.95,0.9901419988377546
human-macaque,0.065,15,0.0,4.0,0.9905132978149296
human-macaque,0.065,15,0.5,0.0,0.6497545445642463
human-macaque,0.065,15,0.5,0.05,0.6567666587580838
human-macaque,0.065,15,0.5,0.1,0.6637341595585599
human-macaque,0.065,15,0.5,0.15000000000000002,0.6706541322966871
human-macaque,0.065,15,0.5,0.2,0.6775237221388076
human-macaque,0.065,15,0.5,0.25,0.6843401389539195
human-macaque,0.065,15,0.5,0.30000000000000004,0.6911006619932258
human-macaque,0.065,15,0.5,0.35000000000000003,0.6978026443653881
human-macaque,0.065,15,0.5,0.4,0.7044435172920389
human-macaque,0.065,15,0.5,0.45,0.7110207941292651
human-macaque,0.065,15,0.5,0.5,0.7175320741420134
human-macaque,0.065,15,0.5,0.55,0.7239750460196778
human-macaque,0.065,15,0.5,0.6000000000000001,0.7303474911224944
human-macaque,0.065,15,0.5,0.65,0.7366472864497874
human-macaque,0.065,15,0.5,0.7000000000000001,0.7428724073225554
human-macaque,0.065,15,0.5,0.75,0.7490209297743702
human-macaque,0.065,15,0.5,0.8,0.7550910326460423
human-macaque,0.065,15,0.5,0.8500000000000001,0.7610809993810054
human-macaque,0.065,15,0.5,0.9,0.7669892195198477
human-macaque,0.065,15,0.5,0.9500000000000001,0.7728141898938833
human-macaque,0.065,15,0.5,1.0,0.7785545155190869
human-macaque,0.065,15,0.5,1.05,0.7842089101931027
human-macaque,0.065,15,0.5,1.1,0.7897761967993807
human-macaque,0.065,15,0.5,1.1500000000000001,0.7952553073237765
human-macaque,0.065,15,0.5,1.2000000000000002,0.8006452825901604
human-macaque,0.065,15,0.5,1.25,0.8059452717227311
human-macaque,0.065,15,0.5,1.3,0.8111545313437855
human-macaque,0.065,15,0.5,1.35,0.8162724245166791
human-macaque,0.065,15,0.5,1.4000000000000001,0.8212984194446014
human-macaque,0.065,15,0.5,1.4500000000000002,0.8262320879365819
human-macaque,0.065,15,0.5,1.5,0.8310731036528596
human-macaque,0.065,15,0.5,1.55,0.8358212401423418
human-macaque,0.065,15,0.5,1.6,0.840476368685402
human-macaque,0.065,15,0.5,1.6500000000000001,0.8450384559556775
human-macaque,0.065,15,0.5,1.7000000000000002,0.8495075615148504
human-macaque,0.065,15,0.5,1.75,0.8538838351546229
human-macaque,0.065,15,0.5,1.8,0.8581675141002415
human-macaque,0.065,15,0.5,1.85,0.8623589200899692
human-macaque,0.065,15,0.5,1.9000000000000001,0.866458456344878
human-macaque,0.065,15,0.5,1.9500000000000002,0.8704666044432243
human-macaque,0.065,15,0.5,2.0,0.8743839211134808
human-macaque,0.065,15,0.5,2.0500000000000003,0.8782110349598479
human-macaque,0.065,15,0.5,2.1,0.8819486431337498
human-macaque,0.065,15,0.5,2.15,0.8855975079644417
human-macaque,0.065,15,0.5,2.2,0.8891584535614316
human-macaque,0.065,15,0.5,2.25,0.8926323624009372
human-macaque,0.065,15,0.5,2.3000000000000003,0.8960201719080891
human-macaque,0.065,15,0.5,2.35,0.899322871046037
human-macaque,0.065,15,0.5,2.4000000000000004,0.9025414969225354
human-macaque,0.065,15,0.5,2.45,0.9056771314239785
human-macaque,0.065,15,0.5,2.5,0.9087308978862366
human-macaque,0.065,15,0.5,2.5500000000000003,0.9117039578110024
human-macaque,0.065,15,0.5,2.6,0.9145975076357153
human-macaque,0.065,15,0.5,2.6500000000000004,0.9174127755644821
human-macaque,0.065,15,0.5,2.7,0.9201510184667643
human-macaque,0.065,15,0.5,2.75,0.9228135188499567
human-macaque,0.065,15,0.5,2.8000000000000003,0.9254015819113512
human-macaque,0.065,15,0.5,2.85,0.9279165326743501
human-macaque,0.065,15,0.5,2.9000000000000004,0.9303597132131896
human-macaque,0.065,15,0.5,2.95,0.9327324799698409
human-macaque,0.065,15,0.5,3.0,0.9350362011661828
human-macaque,0.065,15,0.5,3.0500000000000003,0.9372722543139963
human-macaque,0.065,15,0.5,3.1,0.9394420238247946
human-macaque,0.065,15,0.5,3.1500000000000004,0.9415468987210145
human-macaque,0.065,15,0.5,3.2,0.9435882704496101
human-macaque,0.065,15,0.5,3.25,0.9455675307986451
human-macaque,0.065,15,0.5,3.3000000000000003,0.9474860699170629
human-macaque,0.065,15,0.5,3.35,0.949345274437416
human-macaque,0.065,15,0.5,3.4000000000000004,0.9511465257009781
human-macaque,0.065,15,0.5,3.45,0.9528911980843195
human-macaque,0.065,15,0.5,3.5,0.9545806574261291
human-macaque,0.065,15,0.5,3.5500000000000003,0.9562162595527695
human-macaque,0.065,15,0.5,3.6,0.9577993489008169
human-macaque,0.065,15,0.5,3.6500000000000004,0.9593312572345916
human-macaque,0.065,15,0.5,3.7,0.9608133024564969
human-macaque,0.065,15,0.5,3.75,0.9622467875077962
human-macaque,0.065,15,0.5,3.8000000000000003,0.9636329993573094
human-macaque,0.065,15,0.5,3.85,0.9649732080753728
human-macaque,0.065,15,0.5,3.9000000000000004,0.9662686659903005
human-macaque,0.065,15,0.5,3.95,0.9675206069244898
human-macaque,0.065,15,0.5,4.0,0.9687302455072432
human-macaque,0.065,15,1.0,0.0,0.48068566199162077
human-macaque,0.065,15,1.0,0.05,0.48953083803220604
human-macaque,0.065,15,1.0,0.1,0.4983853510605299
human-macaque,0.065,15,1.0,0.15000000000000002,0.5072439975916029
human-macaque,0.065,15,1.0,0.2,0.5161015631095369
human-macaque,0.065,15,1.0,0.25,0.5249528334627567
human-macaque,0.065,15,1.0,0.30000000000000004,0.533792606255488
human-macaque,0.065,15,1.0,0.35000000000000003,0.5426157021856793
human-macaque,0.065,15,1.0,0.4,0.5514169762799513
human-macaque,0.065,15,1.0,0.45,0.5601913289769456
human-macaque,0.065,15,1.0,0.5,0.5689337170115812
human-macaque,0.065,15,1.0,0.55,0.5776391640541759
human-macaque,0.065,15,1.0,0.6000000000000001,0.5863027710601689
human-macaque,0.065,15,1.0,0.65,0.5949197262882497
human-macaque,0.065,15,1.0,0.7000000000000001,0.6034853149470417
human-macaque,0.065,15,1.0,0.75,0.6119949284330838
human-macaque,0.065,15,1.0,0.8,0.6204440731256698
human-macaque,0.065,15,1.0,0.8500000000000001,0.628828378707122
human-macaque,0.065,15,1.0,0.9,0.63714360598025
human-macaque,0.065,15,1.0,0.9500000000000001,0.6453856541580625
human-macaque,0.065,15,1.0,1.0,0.6535505676042141
human-macaque,0.065,15,1.0,1.05,0.6616345420061599
human-macaque,0.065,15,1.0,1.1,0.669633929966516
human-macaque,0.065,15,1.0,1.1500000000000001,0.677545246001665
human-macaque,0.065,15,1.0,1.2000000000000002,0.6853651709401561
human-macaque,0.065,15,1.0,1.25,0.6930905557169217
human-macaque,0.065,15,1.0,1.3,0.7007184245627148
human-macaque,0.065,15,1.0,1.35,0.7082459775914618
human-macaque,0.065,15,1.0,1.4000000000000001,0.7156705927913778
human-macaque,0.065,15,1.0,1.4500000000000002,0.722989827428706
human-macaque,0.065,15,1.0,1.5,0.7302014188757845
human-macaque,0.065,15,1.0,1.55,0.7373032848777988
human-macaque,0.065,15,1.0,1.6,0.7442935232750437
human-macaque,0.065,15,1.0,1.6500000000000001,0.7511704111997654
human-macaque,0.065,15,1.0,1.7000000000000002,0.7579324037686884
human-macaque,0.065,15,1.0,1.75,0.7645781322941423
human-macaque,0.065,15,1.0,1.8,0.7711064020382757
human-macaque,0.065,15,1.0,1.85,0.7775161895362034
human-macaque,0.065,15,1.0,1.9000000000000001,0.7838066395150433
human-macaque,0.065,15,1.0,1.9500000000000002,0.789977061436702
human-macaque,0.065,15,1.0,2.0,0.7960269256929344
human-macaque,0.065,15,1.0,2.0500000000000003,0.8019558594816633
human-macaque,0.065,15,1.0,2.1,0.8077636423937938
human-macaque,0.065,15,1.0,2.15,0.8134502017398215
human-macaque,0.065,15,1.0,2.2,0.8190156076453864
human-macaque,0.065,15,1.0,2.25,0.8244600679446368
human-macaque,0.065,15,1.0,2.3000000000000003,0.8297839228997929
human-macaque,0.065,15,1.0,2.35,0.8349876397746874
human-macaque,0.065,15,1.0,2.4000000000000004,0.8400718072893184
human-macaque,0.065,15,1.0,2.45,0.845037129981576
human-macaque,0.065,15,1.0,2.5,0.8498844225013394
human-macaque,0.065,15,1.0,2.5500000000000003,0.8546146038610729
human-macaque,0.065,15,1.0,2.6,0.8592286916659054
human-macaque,0.065,15,1.0,2.6500000000000004,0.863727796344981
human-macaque,0.065,15,1.0,2.7,0.8681131154045985
human-macaque,0.065,15,1.0,2.75,0.8723859277223744
human-macaque,0.065,15,1.0,2.8000000000000003,0.8765475879003315
human-macaque,0.065,15,1.0,2.85,0.8805995206934828
human-macaque,0.065,15,1.0,2.9000000000000004,0.8845432155291361
human-macaque,0.065,15,1.0,2.95,0.888380221130803
human-macaque,0.065,15,1.0,3.0,0.8921121402592762
human-macaque,0.065,15,1.0,3.0500000000000003,0.89574062458213
human-macaque,0.065,15,1.0,3.1,0.8992673696816265
human-macaque,0.065,15,1.0,3.1500000000000004,0.9026941102097695
human-macaque,0.065,15,1.0,3.2,0.9060226151980493
human-macaque,0.065,15,1.0,3.25,0.9092546835282647
human-macaque,0.065,15,1.0,3.3000000000000003,0.9123921395697085
human-macaque,0.065,15,1.0,3.35,0.9154368289869459
human-macaque,0.065,15,1.0,3.4000000000000004,0.9183906147214211
human-macaque,0.065,15,1.0,3.45,0.9212553731491875
human-macaque,0.065,15,1.0,3.5,0.9240329904161747
human-macaque,0.065,15,1.0,3.5500000000000003,0.9267253589515825
human-macaque,0.065,15,1.0,3.6,0.9293343741592341
human-macaque,0.065,15,1.0,3.6500000000000004,0.9318619312860102
human-macaque,0.065,15,1.0,3.7,0.9343099224658451
human-macaque,0.065,15,1.0,3.75,0.9366802339371815
human-macaque,0.065,15,1.0,3.8000000000000003,0.9389747434312408
human-macaque,0.065,15,1.0,3.85,0.941195317727999
human-macaque,0.065,15,1.0,3.9000000000000004,0.9433438103763269
human-macaque,0.065,15,1.0,3.95,0.9454220595743847
human-macaque,0.065,15,1.0,4.0,0.9474318862060356
