S,poly_rel,div_rel,pd_ratio,singleton_frac
0.0,1.0,1.0,1.0,0.2818696118207018
0.25,0.9681517049496982,0.8802029160469496,1.0999187656611416,0.2893507080127344
0.5,0.9364812632066628,0.7707470412683991,1.215030630108575,0.29716759326156417
0.75,0.9051613922747098,0.6714413508017577,1.34808705361067,0.30529990457222334
1.0,0.874354865651728,0.5819767068693263,1.5023880772741143,0.313722437144222
1.25,0.8442103240488981,0.5019388981162661,1.6818985880894017,0.322405563664203
1.5,0.8148589321810835,0.43082537518330233,1.89139029202815,0.3313158386510042
1.75,0.786412022144794,0.3680644039577558,2.1366152599615518,0.34041676116020886
2.0,0.7589597724825755,0.3130352854993313,2.424518281611409,0.34966965682398476
2.25,0.7325708856820409,0.26508836318418133,2.763496959589495,0.35903463129237395
2.5,0.7072931559146042,0.22356372458463003,3.1637205777847845,0.36847154271805205
2.75,0.6831547692888226,0.18780776719310852,3.63752138422681,0.37794094141672113
3.0,0.6601661526375489,0.15718708947376786,4.199875160534228,0.3874049299752905
3.25,0.6383221821577494,0.13109945288592026,4.86899196073078,0.3968279059899484
3.5,0.6176045758830145,0.10898180740229926,5.667042881782712,0.4061771609891965
3.75,0.5979843185936065,0.09031556547573422,6.621054913887147,0.4154233214481302
4.0,0.5794239988842362,0.0746294414550962,7.764013606250423,0.4245406297167508
4.25,0.5618799709737892,0.061500248036703856,9.136222843173812,0.4335070730250335
4.5,0.5453042848780353,0.050552067161184974,10.786982916827826,0.4423043767377533
4.75,0.5296463554750015,0.04145420132961564,12.776662883060116,0.4509178833778122
5.0,0.5148543626260969,0.03391827453152116,15.179261614491296,0.45933634165685916
5.25,0.5008763906347299,0.027694800571261623,18.085574920314823,0.46755163016651974
5.5,0.4876613263117453,0.022569479214587553,21.607114708989403,0.47555843898262784
5.75,0.4751595415172819,0.018359423600802206,25.88096183458178,0.48335392977285935
6.0,0.463323389155189,0.014909469941067514,31.075778749114615,0.4909373916091336
6.25,0.45210754210359577,0.012088674984047651,37.39926358349462,0.4983099060277381
6.5,0.44146920327855194,0.009787069017499506,45.107396554493974,0.5054740313050637
6.75,0.43136821261689845,0.007912702262164584,54.51591609601322,0.5124335126670664
7.0,0.4217670737525583,0.006388999772552136,66.01457016237772,0.5191930223671583
7.25,0.41263091993109924,0.0051524234382748155,80.08482316609839,0.5257579313087055
7.5,0.40392743552469357,0.004150428313138168,97.32186778074508,0.532134112152294
7.75,0.39562674654076924,0.0033396932374114043,118.4620018715909,0.5383277725917722
8.0,0.38770129085645105,0.0026846016067299597,144.41669478425868,0.5443453166414609
